-- SYIFA ERP DATABASE BACKUP
-- Nama File: Backup_ERP_09May26_2336_20260509_233641.sql
-- Generated: 2026-05-09 23:36:41

SET FOREIGN_KEY_CHECKS=0;

DROP TABLE IF EXISTS `akun`;
CREATE TABLE `akun` (
  `kode_akun` varchar(20) NOT NULL,
  `nama_akun` varchar(100) NOT NULL,
  `kategori` enum('Aset','Liabilitas','Aset Neto','Pendapatan','Beban') NOT NULL,
  `sub_kategori` varchar(50) NOT NULL COMMENT 'Untuk mapping ISAK 35 (Lancar/Tidak Lancar/Pembatasan)',
  `saldo_normal` enum('D','K') NOT NULL,
  PRIMARY KEY (`kode_akun`)
) ENGINE=InnoDB DEFAULT CHARSET=utf8mb4 COLLATE=utf8mb4_general_ci;

INSERT INTO `akun` VALUES 
('1-1001', 'Kas Besar', 'Aset', 'Aset Lancar', 'D'),
('1-1002', 'Bank BNI Operasional', 'Aset', 'Aset Lancar', 'D'),
('1-1003', 'Piutang Mahasiswa', 'Aset', 'Aset Lancar', 'D'),
('1-2001', 'Tanah Kampus', 'Aset', 'Aset Tidak Lancar', 'D'),
('1-2002', 'Gedung Perkuliahan', 'Aset', 'Aset Tidak Lancar', 'D'),
('1-2003', 'Akumulasi Penyusutan Gedung', 'Aset', 'Aset Tidak Lancar', 'K'),
('2-1001', 'Utang Usaha', 'Liabilitas', 'Liabilitas Jangka Pendek', 'K'),
('2-1002', 'Pendapatan Diterima Dimuka', 'Liabilitas', 'Liabilitas Jangka Pendek', 'K'),
('3-1001', 'Aset Neto Tanpa Pembatasan', 'Aset Neto', 'Tanpa Pembatasan', 'K'),
('3-2001', 'Aset Neto Dengan Pembatasan - Beasiswa', 'Aset Neto', 'Dengan Pembatasan', 'K'),
('4-1001', 'Pendapatan SPP Tetap', 'Pendapatan', 'Tanpa Pembatasan', 'K'),
('4-1002', 'Pendapatan SKS', 'Pendapatan', 'Tanpa Pembatasan', 'K'),
('4-2001', 'Sumbangan Terikat (Gedung)', 'Pendapatan', 'Dengan Pembatasan', 'K'),
('5-1001', 'Beban Gaji Dosen', 'Beban', 'Beban Program', 'D'),
('5-1002', 'Beban Gaji Karyawan', 'Beban', 'Beban Administrasi', 'D'),
('5-1003', 'Beban Listrik & Air', 'Beban', 'Beban Umum', 'D'),
('5-1004', 'Beban Pemeliharaan Gedung', 'Beban', 'Beban Umum', 'D');

DROP TABLE IF EXISTS `anggaran_unit_approval`;
CREATE TABLE `anggaran_unit_approval` (
  `id` int(11) NOT NULL AUTO_INCREMENT,
  `pengajuan_id` int(11) NOT NULL,
  `approver_id` int(11) NOT NULL,
  `status` enum('APPROVED','REJECTED','REVISION') NOT NULL,
  `catatan` text DEFAULT NULL,
  `approved_at` timestamp NOT NULL DEFAULT current_timestamp(),
  PRIMARY KEY (`id`)
) ENGINE=InnoDB AUTO_INCREMENT=3 DEFAULT CHARSET=utf8mb4 COLLATE=utf8mb4_general_ci;

INSERT INTO `anggaran_unit_approval` VALUES 
('1', '1', '1', 'APPROVED', '', '2026-02-12 23:40:04'),
('2', '3', '1', 'REJECTED', '', '2026-02-13 00:30:49');

DROP TABLE IF EXISTS `anggaran_unit_history`;
CREATE TABLE `anggaran_unit_history` (
  `id` int(11) NOT NULL AUTO_INCREMENT,
  `pengajuan_id` int(11) DEFAULT NULL,
  `aksi` varchar(30) DEFAULT NULL,
  `status_lama` varchar(20) DEFAULT NULL,
  `status_baru` varchar(20) DEFAULT NULL,
  `dilakukan_oleh` varchar(100) DEFAULT NULL,
  `role` varchar(50) DEFAULT NULL,
  `waktu` datetime DEFAULT current_timestamp(),
  `catatan` text DEFAULT NULL,
  PRIMARY KEY (`id`)
) ENGINE=InnoDB DEFAULT CHARSET=utf8mb4 COLLATE=utf8mb4_general_ci;

DROP TABLE IF EXISTS `anggaran_unit_pengajuan`;
CREATE TABLE `anggaran_unit_pengajuan` (
  `id` int(11) NOT NULL AUTO_INCREMENT,
  `tahun` year(4) NOT NULL,
  `unit_id` int(11) NOT NULL,
  `jenis_pengajuan` enum('REALISASI','TAMBAHAN_PAGU','REVISI','ANGGARAN_BARU') DEFAULT 'REALISASI',
  `kode_transaksi` varchar(50) NOT NULL,
  `program` varchar(200) NOT NULL,
  `kegiatan` varchar(200) NOT NULL,
  `coa_kode` varchar(20) NOT NULL,
  `jumlah_pengajuan` decimal(18,2) NOT NULL,
  `catatan_approval` text DEFAULT NULL,
  `jumlah_disetujui` decimal(18,2) DEFAULT 0.00,
  `alasan_pimpinan` text DEFAULT NULL,
  `approved_at` datetime DEFAULT NULL,
  `rejected_by` int(11) DEFAULT NULL,
  `keterangan` text DEFAULT NULL,
  `status` varchar(50) DEFAULT 'DRAFT',
  `checked_by` int(11) DEFAULT NULL,
  `checked_at` datetime DEFAULT NULL,
  `approved_by` int(11) DEFAULT NULL,
  `validator_id` int(11) DEFAULT NULL,
  `alasan_keputusan` text DEFAULT NULL,
  `created_by` int(11) NOT NULL,
  `created_at` timestamp NOT NULL DEFAULT current_timestamp(),
  `submitted_at` datetime DEFAULT NULL,
  `updated_at` timestamp NOT NULL DEFAULT current_timestamp() ON UPDATE current_timestamp(),
  `workflow_step` int(11) DEFAULT 1,
  `last_action_by` int(11) DEFAULT NULL,
  PRIMARY KEY (`id`),
  KEY `idx_unit_tahun` (`unit_id`,`tahun`),
  KEY `idx_status` (`status`),
  KEY `idx_pengajuan_status_tahun` (`status`,`tahun`),
  KEY `idx_status_tahun` (`status`,`tahun`),
  KEY `idx_status_thn` (`status`,`tahun`)
) ENGINE=InnoDB AUTO_INCREMENT=12 DEFAULT CHARSET=utf8mb4 COLLATE=utf8mb4_general_ci;

INSERT INTO `anggaran_unit_pengajuan` VALUES 
('2', '2027', '3', 'REALISASI', 'BU-2027-9186', 'belanja', 'dapur', '5-2002', '5000000.00', NULL, '0.00', NULL, NULL, NULL, '', 'SUBMITTED', NULL, NULL, NULL, NULL, NULL, '1', '2026-02-13 00:29:32', NULL, '2026-02-22 09:05:44', '1', NULL),
('8', '2026', '3', 'TAMBAHAN_PAGU', 'BU-2026-6804', 'Beli Asset', 'Beli kulkas', '5-2002', '25000000.00', NULL, '25000000.00', '', '2026-02-21 22:54:26', NULL, 'Beli Kulkas', 'APPROVED', NULL, NULL, NULL, NULL, NULL, '2', '2026-02-17 23:44:54', NULL, '2026-02-21 22:54:26', '2', NULL),
('9', '2026', '3', 'TAMBAHAN_PAGU', 'BU-2026-4957', 'coba coba', 'beli baju lebaran', '5-2002', '5000000.00', '', '5000000.00', NULL, '2026-02-22 11:23:06', NULL, NULL, 'APPROVED', NULL, NULL, NULL, NULL, NULL, '3', '2026-02-22 07:57:00', NULL, '2026-02-22 11:23:06', '1', NULL),
('10', '2026', '2', 'TAMBAHAN_PAGU', 'BU-2026-7835', 'Percobaan', 'Batik Kerja', '5-2001', '3500000.00', '', '3500000.00', NULL, '2026-04-25 13:44:19', NULL, NULL, 'APPROVED', NULL, NULL, NULL, NULL, NULL, '5', '2026-04-25 09:23:44', NULL, '2026-04-25 13:44:19', '1', NULL),
('11', '2026', '2', 'TAMBAHAN_PAGU', 'BU-2026-2296', 'Percobaan', 'Batik Kerja', '5-2001', '3500000.00', 'double', '0.00', NULL, NULL, NULL, NULL, 'REJECTED', NULL, NULL, NULL, NULL, NULL, '5', '2026-04-25 09:24:20', NULL, '2026-04-25 11:49:36', '1', NULL);

DROP TABLE IF EXISTS `anggaran_unit_reports`;
CREATE TABLE `anggaran_unit_reports` (
  `id` int(11) NOT NULL AUTO_INCREMENT,
  `unit_id` int(11) NOT NULL,
  `nama_laporan` varchar(255) DEFAULT NULL,
  `tahun` int(11) NOT NULL,
  `tgl_mulai` date NOT NULL,
  `tgl_selesai` date NOT NULL,
  `saldo_awal` decimal(18,2) DEFAULT 0.00,
  `total_debet` decimal(18,2) DEFAULT 0.00,
  `total_kredit` decimal(18,2) DEFAULT 0.00,
  `saldo_akhir` decimal(18,2) DEFAULT 0.00,
  `file_bukti` varchar(255) DEFAULT NULL,
  `status` varchar(50) DEFAULT 'DRAFT',
  `created_by` int(11) DEFAULT NULL,
  `created_at` timestamp NOT NULL DEFAULT current_timestamp(),
  `workflow_status` enum('DRAFT','WAITING_UPLOAD','SUBMITTED','CHECKED','REJECTED','APPROVED') DEFAULT 'DRAFT',
  `submitted_at` datetime DEFAULT NULL,
  `submitted_by` int(11) DEFAULT NULL,
  `locked` tinyint(1) DEFAULT 0,
  `workflow_state` enum('DRAFT','READY_TO_SEND','SUBMITTED','VERIFIED','ARCHIVED') DEFAULT 'DRAFT',
  `dikirim_oleh` int(11) DEFAULT NULL,
  `dikirim_pada` datetime DEFAULT NULL,
  `catatan_revisi` text DEFAULT NULL,
  `periode_awal` date DEFAULT NULL,
  `periode_akhir` date DEFAULT NULL,
  `total_masuk` decimal(15,2) DEFAULT 0.00,
  `total_keluar` decimal(15,2) DEFAULT 0.00,
  PRIMARY KEY (`id`),
  KEY `idx_unit_tahun` (`unit_id`,`tahun`)
) ENGINE=InnoDB AUTO_INCREMENT=23 DEFAULT CHARSET=utf8mb4 COLLATE=utf8mb4_general_ci;

INSERT INTO `anggaran_unit_reports` VALUES 
('4', '3', 'laporan', '2026', '2026-02-01', '2026-02-28', '0.00', '0.00', '0.00', '0.00', NULL, 'DISETUJUI', '2', '2026-02-18 16:32:54', 'SUBMITTED', '2026-02-19 14:38:12', '2', '1', 'DRAFT', NULL, NULL, NULL, NULL, NULL, '0.00', '0.00'),
('6', '2', 'laporan unit', '2026', '2026-02-01', '2026-02-28', '0.00', '0.00', '0.00', '0.00', 'LAPORAN-6-1771731088.pdf', 'DISETUJUI', '2', '2026-02-18 16:56:17', 'DRAFT', '2026-02-22 10:31:29', NULL, '1', 'DRAFT', '5', '2026-02-22 10:31:29', NULL, NULL, NULL, '0.00', '0.00'),
('20', '3', 'test', '0', '0000-00-00', '0000-00-00', '0.00', '0.00', '0.00', '0.00', 'LAPORAN-20-1771637870.pdf', 'DISETUJUI', '2', '2026-02-21 06:13:11', 'DRAFT', '2026-02-21 08:37:50', NULL, '1', 'DRAFT', '2', '2026-02-21 08:37:50', NULL, '2026-02-01', '2026-02-20', '0.00', '0.00'),
('21', '2', 'Laporan Maret', '2026', '2026-03-01', '2026-03-31', '0.00', '0.00', '0.00', '0.00', NULL, 'DRAFT', '5', '2026-04-27 08:07:14', 'DRAFT', NULL, NULL, '0', 'DRAFT', NULL, NULL, NULL, NULL, NULL, '0.00', '0.00'),
('22', '3', 'Laporan Februari', '2026', '2026-02-01', '2026-02-28', '0.00', '0.00', '2000000.00', '-2000000.00', 'LAPORAN-DRAF-1778031811-5933.pdf', 'DISETUJUI', '3', '2026-05-06 08:43:31', 'DRAFT', '2026-05-06 09:34:12', NULL, '1', 'DRAFT', '3', '2026-05-06 09:34:12', NULL, NULL, NULL, '0.00', '0.00');

DROP TABLE IF EXISTS `approval_workflow`;
CREATE TABLE `approval_workflow` (
  `id` int(11) NOT NULL AUTO_INCREMENT,
  `module` varchar(100) NOT NULL,
  `step_order` int(11) NOT NULL,
  `role_id` int(11) NOT NULL,
  `step_name` varchar(100) DEFAULT NULL,
  `is_final` tinyint(4) DEFAULT 0,
  `created_at` timestamp NOT NULL DEFAULT current_timestamp(),
  PRIMARY KEY (`id`),
  KEY `idx_module` (`module`)
) ENGINE=InnoDB AUTO_INCREMENT=11 DEFAULT CHARSET=utf8mb4 COLLATE=utf8mb4_general_ci;

INSERT INTO `approval_workflow` VALUES 
('3', 'anggaran_unit', '1', '2', 'Pengajuan Anggaran', '0', '2026-02-18 07:27:36'),
('4', 'anggaran_unit', '2', '1', 'Persetujuan Dana (Approver)', '1', '2026-02-18 07:27:36'),
('5', 'anggaran_unit', '2', '3', 'VERIFIKASI', '0', '2026-02-18 08:40:33'),
('6', 'lpj', '2', '3', 'VERIFIKASI', '0', '2026-02-18 08:40:33'),
('7', 'belanja', '1', '3', 'VERIFIKASI', '0', '2026-02-18 08:40:33'),
('8', 'anggaran_unit', '3', '4', 'Aproval', '1', '2026-02-22 10:14:19'),
('9', 'lpj', '3', '4', 'Aproval', '1', '2026-02-22 10:14:19'),
('10', 'belanja', '3', '4', 'Aproval', '1', '2026-02-22 10:14:20');

DROP TABLE IF EXISTS `arsip_dokumen`;
CREATE TABLE `arsip_dokumen` (
  `id` int(11) NOT NULL AUTO_INCREMENT,
  `ref_id` int(11) NOT NULL,
  `ref_type` varchar(50) NOT NULL,
  `unit_id` int(11) DEFAULT NULL,
  `judul` varchar(255) DEFAULT NULL,
  `deskripsi` text DEFAULT NULL,
  `file_path` varchar(255) DEFAULT NULL,
  `visibility` longtext CHARACTER SET utf8mb4 COLLATE utf8mb4_bin DEFAULT NULL CHECK (json_valid(`visibility`)),
  `status` varchar(50) DEFAULT 'DISETUJUI',
  `uploaded_by` int(11) DEFAULT NULL,
  `verified_by` int(11) DEFAULT NULL,
  `verified_at` datetime DEFAULT NULL,
  `catatan` text DEFAULT NULL,
  `created_at` datetime DEFAULT current_timestamp(),
  `uploaded_at` datetime DEFAULT current_timestamp(),
  `approved_by` int(11) DEFAULT NULL,
  `approved_at` datetime DEFAULT NULL,
  `kategori_dokumen` varchar(100) DEFAULT 'Umum',
  `visibility_type` varchar(50) DEFAULT 'SEMUA',
  `visible_to_units` text DEFAULT NULL,
  PRIMARY KEY (`id`),
  KEY `idx_ref` (`ref_id`,`ref_type`)
) ENGINE=InnoDB AUTO_INCREMENT=15 DEFAULT CHARSET=utf8mb4 COLLATE=utf8mb4_general_ci;

INSERT INTO `arsip_dokumen` VALUES 
('4', '4', 'LAPORAN_UNIT', '3', 'laporan - Bidang Administrasi  Umum & Kepegawaian', NULL, 'uploads/laporan_unit/', NULL, '', NULL, NULL, NULL, NULL, '2026-02-21 06:15:02', '2026-02-21 06:15:02', '2', '2026-02-21 06:15:02', 'Umum', 'SEMUA', NULL),
('10', '20', 'LAPORAN_UNIT', '3', 'test - Bidang Administrasi  Umum & Kepegawaian', NULL, 'uploads/laporan_unit/LAPORAN-20-1771637870.pdf', NULL, 'DISETUJUI', '2', NULL, NULL, NULL, '2026-02-21 08:38:52', '2026-02-21 08:38:52', NULL, NULL, 'Umum', 'SEMUA', NULL),
('11', '0', 'DOKUMEN_UMUM', '0', 'cobelok', NULL, 'uploads/arsip_umum/DOC_UMUM_1771730743_1916.pdf', NULL, 'DISETUJUI', '5', NULL, NULL, NULL, '2026-02-22 10:25:43', '2026-02-22 10:25:43', NULL, NULL, 'Laporan', 'SENDIRI', ''),
('12', '6', 'LAPORAN_UNIT', '2', 'laporan unit - Bidang Administrasi Akademik dan Kemahasiswaan', 'Periode: 2026-02-01 s/d 2026-02-28', 'uploads/laporan_unit/LAPORAN-6-1771731088.pdf', NULL, 'DISETUJUI', '1', NULL, NULL, NULL, '2026-02-22 10:42:32', '2026-02-22 10:42:32', NULL, NULL, 'Umum', 'SEMUA', NULL),
('13', '20', 'LAPORAN_UNIT', '3', 'test - Bidang Administrasi  Umum & Kepegawaian', 'Periode: 0000-00-00 s/d 0000-00-00', 'uploads/laporan_unit/LAPORAN-20-1771637870.pdf', NULL, 'DISETUJUI', '1', NULL, NULL, NULL, '2026-02-22 10:42:45', '2026-02-22 10:42:45', NULL, NULL, 'Umum', 'SEMUA', NULL),
('14', '22', 'LAPORAN_UNIT', '3', 'Laporan Februari - Bidang Administrasi  Umum & Kepegawaian', 'Periode: 2026-02-01 s/d 2026-02-28', 'uploads/laporan_unit/LAPORAN-DRAF-1778031811-5933.pdf', NULL, 'DISETUJUI', '2', NULL, NULL, NULL, '2026-05-06 09:34:42', '2026-05-06 09:34:42', NULL, NULL, 'Umum', 'SEMUA', NULL);

DROP TABLE IF EXISTS `asset_categories`;
CREATE TABLE `asset_categories` (
  `id` int(11) NOT NULL AUTO_INCREMENT,
  `category_name` varchar(100) NOT NULL,
  `is_restricted` tinyint(1) DEFAULT 0,
  `asset_type` enum('Tetap','Tidak Terwujud') DEFAULT 'Tetap',
  `default_useful_life` int(11) DEFAULT NULL COMMENT 'Dalam bulan',
  `depreciation_method` enum('Garis Lurus','Saldo Menurun','Tidak Disusutkan') DEFAULT 'Garis Lurus',
  `coa_asset_code` varchar(20) DEFAULT NULL COMMENT 'Akun Aset (1xxx)',
  `coa_depr_code` varchar(20) DEFAULT NULL,
  `coa_accum_code` varchar(20) DEFAULT NULL COMMENT 'Akun Akumulasi (1xxx)',
  `coa_expense_code` varchar(20) DEFAULT NULL COMMENT 'Akun Beban Penyusutan (5xxx)',
  `created_at` timestamp NOT NULL DEFAULT current_timestamp(),
  `type` enum('tangible','intangible') DEFAULT 'tangible',
  PRIMARY KEY (`id`)
) ENGINE=InnoDB AUTO_INCREMENT=3 DEFAULT CHARSET=utf8mb4 COLLATE=utf8mb4_general_ci;

INSERT INTO `asset_categories` VALUES 
('1', 'Asset Tetap', '0', 'Tetap', NULL, 'Garis Lurus', '1-2101', '1-2102', NULL, '6-1002', '2026-01-24 11:35:58', 'tangible'),
('2', 'Asset Tetap Tidak Berwujud', '0', 'Tidak Terwujud', NULL, 'Garis Lurus', '1-2201', '1-2202', NULL, '6-1003', '2026-01-24 11:35:58', 'intangible');

DROP TABLE IF EXISTS `asset_depreciation`;
CREATE TABLE `asset_depreciation` (
  `id` int(11) NOT NULL AUTO_INCREMENT,
  `asset_id` int(11) DEFAULT NULL,
  `periode_bulan` tinyint(4) DEFAULT NULL,
  `periode_tahun` smallint(6) DEFAULT NULL,
  `nilai_susut` double DEFAULT NULL,
  `nilai_buku_akhir` double DEFAULT NULL,
  `jurnal_id` int(11) DEFAULT NULL,
  `created_at` timestamp NOT NULL DEFAULT current_timestamp(),
  PRIMARY KEY (`id`),
  KEY `asset_id` (`asset_id`),
  KEY `idx_periode` (`periode_bulan`,`periode_tahun`),
  CONSTRAINT `asset_depreciation_ibfk_1` FOREIGN KEY (`asset_id`) REFERENCES `assets` (`id`)
) ENGINE=InnoDB AUTO_INCREMENT=87 DEFAULT CHARSET=utf8mb4 COLLATE=utf8mb4_general_ci;

INSERT INTO `asset_depreciation` VALUES 
('60', '2', '1', '2026', '108333.33333333333', '5091666.666666667', '322', '2026-02-27 10:47:55'),
('61', '3', '1', '2026', '104166.66666666667', '4895833.333333333', '323', '2026-02-27 10:47:55'),
('62', '8', '1', '2026', '10625000', '2539375000', '324', '2026-02-27 10:47:55'),
('63', '9', '1', '2026', '104166.66666666667', '4895833.333333333', '325', '2026-02-27 10:47:56'),
('64', '4', '1', '2026', '833333.3333333334', '49166666.666666664', '326', '2026-02-27 10:47:56'),
('82', '2', '2', '2026', '108333.33333333333', '4983333.3333334', '346', '2026-02-27 11:48:19'),
('83', '3', '2', '2026', '104166.66666666667', '4791666.6666666', '347', '2026-02-27 11:48:19'),
('84', '8', '2', '2026', '10625000', '2528750000', '348', '2026-02-27 11:48:19'),
('85', '9', '2', '2026', '104166.66666666667', '4791666.6666666', '349', '2026-02-27 11:48:19'),
('86', '4', '2', '2026', '833333.3333333334', '48333333.333334', '350', '2026-02-27 11:48:19');

DROP TABLE IF EXISTS `asset_depreciations`;
CREATE TABLE `asset_depreciations` (
  `id` int(11) NOT NULL AUTO_INCREMENT,
  `asset_id` int(11) DEFAULT NULL,
  `period_month` tinyint(4) DEFAULT NULL,
  `period_year` int(11) DEFAULT NULL,
  `depreciation_amount` double DEFAULT NULL,
  `jurnal_id` int(11) DEFAULT NULL COMMENT 'Link ke syifa_jurnal',
  `created_at` timestamp NOT NULL DEFAULT current_timestamp(),
  PRIMARY KEY (`id`),
  UNIQUE KEY `asset_id` (`asset_id`,`period_month`,`period_year`),
  CONSTRAINT `asset_depreciations_ibfk_1` FOREIGN KEY (`asset_id`) REFERENCES `assets` (`id`) ON DELETE CASCADE
) ENGINE=InnoDB DEFAULT CHARSET=utf8mb4 COLLATE=utf8mb4_general_ci;

DROP TABLE IF EXISTS `asset_disposals`;
CREATE TABLE `asset_disposals` (
  `id` int(11) NOT NULL AUTO_INCREMENT,
  `asset_id` int(11) DEFAULT NULL,
  `disposal_date` date DEFAULT NULL,
  `disposal_type` enum('Jual','Rusak','Hibah') NOT NULL,
  `sale_amount` double DEFAULT 0,
  `gain_loss_amount` double DEFAULT 0,
  `jurnal_id` int(11) DEFAULT NULL,
  PRIMARY KEY (`id`),
  KEY `asset_id` (`asset_id`),
  CONSTRAINT `asset_disposals_ibfk_1` FOREIGN KEY (`asset_id`) REFERENCES `assets` (`id`) ON DELETE CASCADE
) ENGINE=InnoDB DEFAULT CHARSET=utf8mb4 COLLATE=utf8mb4_general_ci;

DROP TABLE IF EXISTS `asset_improvements`;
CREATE TABLE `asset_improvements` (
  `id` int(11) NOT NULL AUTO_INCREMENT,
  `asset_id` int(11) NOT NULL,
  `tanggal` date NOT NULL,
  `jenis_penambahan` enum('Renovasi','Upgrade','Rehabilitasi') DEFAULT 'Renovasi',
  `nilai_penambahan` double NOT NULL,
  `keterangan` text DEFAULT NULL,
  `journal_id` int(11) DEFAULT NULL,
  `created_at` timestamp NOT NULL DEFAULT current_timestamp(),
  PRIMARY KEY (`id`),
  KEY `idx_asset_improv` (`asset_id`,`tanggal`),
  KEY `idx_imp_journal` (`journal_id`),
  KEY `idx_journal_sync` (`journal_id`),
  KEY `idx_tgl_imp` (`tanggal`),
  CONSTRAINT `asset_improvements_ibfk_1` FOREIGN KEY (`asset_id`) REFERENCES `assets` (`id`) ON DELETE CASCADE
) ENGINE=InnoDB AUTO_INCREMENT=14 DEFAULT CHARSET=utf8mb4 COLLATE=utf8mb4_general_ci;

INSERT INTO `asset_improvements` VALUES 
('13', '8', '2026-01-28', 'Renovasi', '50000000', '[Renovasi] gedung kampus -', '202', '2026-01-31 13:03:37');

DROP TABLE IF EXISTS `asset_mutations`;
CREATE TABLE `asset_mutations` (
  `id` int(11) NOT NULL AUTO_INCREMENT,
  `asset_id` int(11) DEFAULT NULL,
  `mutation_date` date DEFAULT NULL,
  `description` text DEFAULT NULL,
  `journal_id` int(11) DEFAULT NULL,
  `mutation_type` enum('Penambahan','Pengurangan','Revaluasi','Renovasi') NOT NULL,
  `amount` double DEFAULT 0,
  `jurnal_id` int(11) DEFAULT NULL,
  `notes` text DEFAULT NULL,
  PRIMARY KEY (`id`),
  KEY `idx_journal_sync` (`journal_id`),
  KEY `idx_journal_id` (`journal_id`),
  KEY `idx_asset_journal` (`asset_id`,`journal_id`),
  CONSTRAINT `asset_mutations_ibfk_1` FOREIGN KEY (`asset_id`) REFERENCES `assets` (`id`) ON DELETE CASCADE
) ENGINE=InnoDB AUTO_INCREMENT=5 DEFAULT CHARSET=utf8mb4 COLLATE=utf8mb4_general_ci;

DROP TABLE IF EXISTS `asset_types`;
CREATE TABLE `asset_types` (
  `id` int(11) NOT NULL AUTO_INCREMENT,
  `type_code` varchar(10) DEFAULT NULL,
  `category_id` int(11) DEFAULT NULL,
  `type_name` varchar(100) NOT NULL,
  `created_at` timestamp NOT NULL DEFAULT current_timestamp(),
  PRIMARY KEY (`id`)
) ENGINE=InnoDB AUTO_INCREMENT=6 DEFAULT CHARSET=utf8mb4 COLLATE=utf8mb4_general_ci;

INSERT INTO `asset_types` VALUES 
('1', '01', '1', 'Tanah', '2026-01-24 11:35:59'),
('2', '02', '1', 'Gedung', '2026-01-24 11:35:59'),
('3', '03', '1', 'Peralatan Kantor', '2026-01-24 11:35:59'),
('4', '04', '2', 'Software & Licensy', '2026-01-24 11:35:59'),
('5', '05', '1', 'Kendaraan', '2026-01-27 08:29:38');

DROP TABLE IF EXISTS `assets`;
CREATE TABLE `assets` (
  `id` int(11) NOT NULL AUTO_INCREMENT,
  `category_id` int(11) DEFAULT NULL,
  `type_id` int(11) DEFAULT NULL,
  `asset_code` varchar(50) NOT NULL,
  `asset_name` varchar(200) NOT NULL,
  `purchase_date` date NOT NULL,
  `purchase_value` double DEFAULT 0,
  `residual_value` double DEFAULT 0,
  `useful_life` int(11) DEFAULT NULL COMMENT 'Bulan',
  `last_depr_date` date DEFAULT NULL,
  `current_book_value` double DEFAULT 0,
  `location` varchar(100) DEFAULT NULL,
  `pic_name` varchar(100) DEFAULT NULL COMMENT 'Penanggung Jawab',
  `status` enum('Aktif','Nonaktif','Dijual','Dihapuskan') DEFAULT 'Aktif',
  `campus_id` int(11) DEFAULT 1,
  `created_at` timestamp NOT NULL DEFAULT current_timestamp(),
  `purchase_mode` varchar(50) DEFAULT 'beli',
  PRIMARY KEY (`id`),
  UNIQUE KEY `asset_code` (`asset_code`),
  KEY `category_id` (`category_id`),
  CONSTRAINT `assets_ibfk_1` FOREIGN KEY (`category_id`) REFERENCES `asset_categories` (`id`) ON DELETE SET NULL
) ENGINE=InnoDB AUTO_INCREMENT=10 DEFAULT CHARSET=utf8mb4 COLLATE=utf8mb4_general_ci;

INSERT INTO `assets` VALUES 
('2', '1', '3', 'AST-2024-2690', 'AC Daikin', '2024-05-24', '5200000', '0', '48', '2026-02-28', '4983333.333333333', NULL, NULL, 'Aktif', '1', '2026-01-24 11:47:49', 'beli'),
('3', '1', '3', 'AST-2026-1471', 'AC Daikin 5pk', '2026-01-24', '5000000', '0', '48', '2026-02-28', '4791666.666666667', NULL, NULL, 'Aktif', '1', '2026-01-24 11:48:26', 'beli'),
('4', '2', '4', 'AST-2025-6186', 'SIAK', '2025-07-24', '50000000', '0', '60', '2026-02-28', '48333333.333333336', NULL, NULL, 'Aktif', '1', '2026-01-24 12:33:26', 'beli'),
('8', '1', '2', 'AST-260128-854', 'gedung kampus', '2015-01-08', '5000000000', '2500000000', '240', '2026-02-28', '2528750000', NULL, NULL, 'Aktif', '1', '2026-01-28 11:42:46', 'beli'),
('9', '1', '3', 'AST-260128-169', 'Komputer', '2026-01-21', '5000000', '0', '48', '2026-02-28', '4791666.666666667', NULL, NULL, 'Aktif', '1', '2026-01-28 11:45:00', 'beli');

DROP TABLE IF EXISTS `hr_jabatan`;
CREATE TABLE `hr_jabatan` (
  `id` int(11) NOT NULL AUTO_INCREMENT,
  `nama_jabatan` varchar(100) NOT NULL,
  `golongan` varchar(20) DEFAULT NULL,
  `gaji_pokok_default` double DEFAULT 0,
  `tunjangan_jabatan_default` double DEFAULT 0,
  `level_jabatan` int(11) DEFAULT 5,
  `created_at` timestamp NOT NULL DEFAULT current_timestamp(),
  PRIMARY KEY (`id`)
) ENGINE=InnoDB DEFAULT CHARSET=utf8mb4 COLLATE=utf8mb4_general_ci;

DROP TABLE IF EXISTS `hr_komponen`;
CREATE TABLE `hr_komponen` (
  `id` int(11) NOT NULL AUTO_INCREMENT,
  `nama_komponen` varchar(100) NOT NULL,
  `jenis` enum('Pendapatan','Potongan') NOT NULL,
  `sifat` enum('Tetap','Tidak Tetap') DEFAULT 'Tetap',
  `kode_akun` varchar(20) DEFAULT NULL,
  `akun_tipe` enum('Beban','Kewajiban','Kontra Beban') DEFAULT 'Beban',
  `is_thr_component` tinyint(1) DEFAULT 0,
  `is_active` tinyint(1) DEFAULT 1,
  `created_at` timestamp NOT NULL DEFAULT current_timestamp(),
  PRIMARY KEY (`id`),
  UNIQUE KEY `uniq_nama` (`nama_komponen`)
) ENGINE=InnoDB AUTO_INCREMENT=7 DEFAULT CHARSET=utf8mb4 COLLATE=utf8mb4_general_ci;

INSERT INTO `hr_komponen` VALUES 
('1', 'Gaji Pokok', 'Pendapatan', 'Tetap', '5-1001', 'Beban', '0', '1', '2026-01-20 19:37:42'),
('2', 'Tunjangan Struktural', 'Pendapatan', 'Tetap', '5-1001', 'Beban', '0', '1', '2026-01-20 19:37:42'),
('3', 'Uang Makan', 'Pendapatan', 'Tidak Tetap', '5-1001', 'Beban', '0', '1', '2026-01-20 19:37:42'),
('4', 'BPJS Ketenagakerjaan', 'Potongan', 'Tetap', '2-1103', 'Beban', '0', '1', '2026-01-20 19:37:42'),
('5', 'PPh 21', 'Potongan', 'Tetap', '2-2001', 'Beban', '0', '1', '2026-01-20 19:37:42'),
('6', 'Tunjangan Beras', 'Pendapatan', 'Tetap', '5-1001', 'Beban', '0', '1', '2026-01-24 10:30:29');

DROP TABLE IF EXISTS `hr_payroll_detail`;
CREATE TABLE `hr_payroll_detail` (
  `id` int(11) NOT NULL AUTO_INCREMENT,
  `payroll_id` int(11) NOT NULL,
  `pegawai_id` int(11) NOT NULL,
  `gapok` double DEFAULT 0,
  `tunjangan` double DEFAULT 0,
  `potongan` double DEFAULT 0,
  `gaji_bersih` double DEFAULT 0,
  `status_bayar` tinyint(1) DEFAULT 0,
  `is_processed` tinyint(1) DEFAULT 1,
  `link_jurnal_id` int(11) DEFAULT NULL,
  `keterangan_gaji` varchar(255) DEFAULT NULL,
  PRIMARY KEY (`id`),
  KEY `idx_payroll_hdr` (`payroll_id`),
  KEY `idx_payroll_peg` (`pegawai_id`),
  CONSTRAINT `hr_payroll_detail_ibfk_1` FOREIGN KEY (`payroll_id`) REFERENCES `hr_payroll_header` (`id`) ON DELETE CASCADE,
  CONSTRAINT `hr_payroll_detail_ibfk_2` FOREIGN KEY (`pegawai_id`) REFERENCES `hr_pegawai` (`id`)
) ENGINE=InnoDB AUTO_INCREMENT=43 DEFAULT CHARSET=utf8mb4 COLLATE=utf8mb4_general_ci;

INSERT INTO `hr_payroll_detail` VALUES 
('35', '13', '1', '0', '3470000', '51000', '3419000', '0', '1', '273', NULL),
('36', '13', '2', '0', '5510000', '80000', '5430000', '0', '1', '274', NULL),
('37', '13', '4', '0', '5480000', '75000', '5405000', '0', '1', '275', NULL),
('38', '14', '1', '0', '3470000', '51000', '3419000', '0', '1', '417', NULL),
('39', '14', '2', '0', '5510000', '80000', '5430000', '0', '1', '417', NULL),
('40', '14', '4', '0', '5480000', '75000', '5405000', '0', '1', '417', NULL),
('41', '15', '2', '5250000', '260000', '80000', '5430000', '0', '1', '415', NULL),
('42', '15', '4', '5230000', '250000', '75000', '5405000', '0', '1', '415', NULL);

DROP TABLE IF EXISTS `hr_payroll_header`;
CREATE TABLE `hr_payroll_header` (
  `id` int(11) NOT NULL AUTO_INCREMENT,
  `periode_bulan` tinyint(4) NOT NULL,
  `periode_tahun` int(11) NOT NULL,
  `tgl_slip` date DEFAULT NULL,
  `tgl_proses` datetime DEFAULT current_timestamp(),
  `total_gross` double DEFAULT 0,
  `total_potongan` double DEFAULT 0,
  `total_netto` double DEFAULT 0,
  `status` varchar(30) DEFAULT 'Draft',
  `jurnal_id` int(11) DEFAULT NULL,
  `pembayaran_jurnal_id` int(11) DEFAULT NULL,
  `created_by` int(11) DEFAULT NULL,
  PRIMARY KEY (`id`),
  UNIQUE KEY `periode_bulan` (`periode_bulan`,`periode_tahun`),
  UNIQUE KEY `uniq_periode` (`periode_bulan`,`periode_tahun`),
  UNIQUE KEY `idx_unique_periode` (`periode_bulan`,`periode_tahun`),
  KEY `idx_status` (`status`),
  KEY `idx_payroll_status` (`status`)
) ENGINE=InnoDB AUTO_INCREMENT=16 DEFAULT CHARSET=utf8mb4 COLLATE=utf8mb4_general_ci;

INSERT INTO `hr_payroll_header` VALUES 
('13', '2', '2026', '2026-02-10', '2026-02-10 00:00:00', '14460000', '206000', '14254000', '', NULL, '276', NULL),
('14', '1', '2026', '2026-02-10', '2026-01-25 00:00:00', '14460000', '206000', '14254000', 'Final', NULL, NULL, NULL),
('15', '5', '2026', '2026-05-05', '2026-05-05 16:00:07', '10990000', '155000', '10835000', 'Final', NULL, NULL, NULL);

DROP TABLE IF EXISTS `hr_pegawai`;
CREATE TABLE `hr_pegawai` (
  `id` int(11) NOT NULL AUTO_INCREMENT,
  `nip` varchar(30) NOT NULL,
  `nama_lengkap` varchar(150) NOT NULL,
  `jk` enum('L','P') DEFAULT NULL,
  `tgl_lahir` date DEFAULT NULL,
  `status_pegawai` enum('Tetap','Kontrak','Honorer','Magang') DEFAULT 'Kontrak',
  `jabatan` varchar(150) DEFAULT NULL,
  `unit_kerja` varchar(100) DEFAULT NULL,
  `tgl_masuk` date DEFAULT NULL,
  `status_aktif` tinyint(1) DEFAULT 1,
  `rekening_bank` varchar(50) DEFAULT NULL,
  `npwp` varchar(30) DEFAULT NULL,
  `email` varchar(100) DEFAULT NULL,
  `no_hp` varchar(20) DEFAULT NULL,
  `user_id` int(11) DEFAULT NULL,
  `created_at` timestamp NOT NULL DEFAULT current_timestamp(),
  PRIMARY KEY (`id`),
  UNIQUE KEY `nip` (`nip`),
  KEY `jabatan_id` (`jabatan`)
) ENGINE=InnoDB AUTO_INCREMENT=9 DEFAULT CHARSET=utf8mb4 COLLATE=utf8mb4_general_ci;

INSERT INTO `hr_pegawai` VALUES 
('1', '1235', 'martha', NULL, NULL, 'Tetap', 'Staff', '', NULL, '1', '1235', NULL, 'husnulmawarid@gmail.com', '081367116980', NULL, '2026-01-21 08:44:14'),
('2', '1233', 'ponijah', NULL, NULL, 'Kontrak', 'Staff', 'BAUK', NULL, '1', '', NULL, 'mawaridhusnul@gmail.com', '085752200643', NULL, '2026-01-21 08:46:00'),
('4', '12335', 'Sumanto', NULL, NULL, 'Tetap', 'Staff', 'BAUK', NULL, '1', '123566', NULL, 'mawaridhusnul92@gmail.com', '3435', NULL, '2026-01-24 10:09:00'),
('5', '12349', 'Jailani', NULL, NULL, 'Tetap', 'Staff IT', 'BAUK', NULL, '1', '', NULL, 'ahmad@yarsi.ac.id', '08123456789', NULL, '2026-05-05 20:11:41'),
('6', '65435', 'Nurul', NULL, NULL, 'Tetap', 'Admin', 'Prodi', NULL, '1', NULL, NULL, 'siti@yarsi.ac.id', '08987654321', NULL, '2026-05-05 20:11:41'),
('7', '12587', 'Yuni', NULL, NULL, 'Tetap', 'Staff SDM', 'BAUK', NULL, '1', NULL, NULL, 'alpad@yarsi.ac.id', '08987654985', NULL, '2026-05-05 20:11:41'),
('8', '65445', 'Husnul Mawarid, se', NULL, NULL, 'Tetap', 'Staff BAAK', 'BAAK', NULL, '1', '', NULL, 'husnulmawarid@gmail.com', '085752200643', NULL, '2026-05-05 20:11:41');

DROP TABLE IF EXISTS `hr_pegawai_komponen`;
CREATE TABLE `hr_pegawai_komponen` (
  `id` int(11) NOT NULL AUTO_INCREMENT,
  `pegawai_id` int(11) NOT NULL,
  `komponen_id` int(11) NOT NULL,
  `nominal` double DEFAULT 0,
  PRIMARY KEY (`id`),
  UNIQUE KEY `pegawai_id` (`pegawai_id`,`komponen_id`),
  KEY `idx_setup_peg` (`pegawai_id`),
  KEY `idx_setup_komp` (`komponen_id`),
  CONSTRAINT `hr_pegawai_komponen_ibfk_1` FOREIGN KEY (`pegawai_id`) REFERENCES `hr_pegawai` (`id`) ON DELETE CASCADE,
  CONSTRAINT `hr_pegawai_komponen_ibfk_2` FOREIGN KEY (`komponen_id`) REFERENCES `hr_komponen` (`id`) ON DELETE CASCADE
) ENGINE=InnoDB AUTO_INCREMENT=93 DEFAULT CHARSET=utf8mb4 COLLATE=utf8mb4_general_ci;

INSERT INTO `hr_pegawai_komponen` VALUES 
('31', '2', '4', '60000'),
('32', '2', '5', '20000'),
('33', '2', '1', '5000000'),
('34', '2', '2', '250000'),
('35', '2', '3', '260000'),
('51', '4', '4', '50000'),
('52', '4', '5', '25000'),
('53', '4', '1', '5000000'),
('54', '4', '2', '230000'),
('55', '4', '3', '250000'),
('88', '1', '1', '2550422'),
('89', '1', '2', '785042'),
('90', '1', '4', '58504'),
('92', '8', '1', '2500000');

DROP TABLE IF EXISTS `journal_items`;
CREATE TABLE `journal_items` (
  `id` int(11) NOT NULL AUTO_INCREMENT,
  `journal_id` int(11) NOT NULL,
  `coa_id` varchar(20) NOT NULL COMMENT 'Link ke syifa_akun.kode_akun',
  `debit` decimal(15,2) DEFAULT 0.00,
  `credit` decimal(15,2) DEFAULT 0.00,
  PRIMARY KEY (`id`),
  KEY `idx_journal` (`journal_id`),
  KEY `idx_coa` (`coa_id`),
  CONSTRAINT `fk_items_journal` FOREIGN KEY (`journal_id`) REFERENCES `journals` (`id`) ON DELETE CASCADE
) ENGINE=InnoDB DEFAULT CHARSET=utf8mb4 COLLATE=utf8mb4_general_ci;

DROP TABLE IF EXISTS `journals`;
CREATE TABLE `journals` (
  `id` int(11) NOT NULL AUTO_INCREMENT,
  `campus_id` int(11) DEFAULT 1,
  `journal_type` enum('GENERAL','ADJUSTMENT') NOT NULL DEFAULT 'GENERAL',
  `journal_date` date NOT NULL,
  `period_year` int(4) NOT NULL,
  `period_month` int(2) NOT NULL,
  `ref_no` varchar(50) NOT NULL,
  `description` text NOT NULL,
  `is_posted` tinyint(1) DEFAULT 0,
  `created_by` int(11) NOT NULL,
  `created_at` timestamp NOT NULL DEFAULT current_timestamp(),
  PRIMARY KEY (`id`),
  UNIQUE KEY `idx_ref_no` (`ref_no`)
) ENGINE=InnoDB DEFAULT CHARSET=utf8mb4 COLLATE=utf8mb4_general_ci;

DROP TABLE IF EXISTS `jurnal_detail`;
CREATE TABLE `jurnal_detail` (
  `id` int(11) NOT NULL AUTO_INCREMENT,
  `jurnal_id` int(11) NOT NULL,
  `kode_akun` varchar(20) NOT NULL,
  `debit` decimal(15,2) DEFAULT 0.00,
  `kredit` decimal(15,2) DEFAULT 0.00,
  PRIMARY KEY (`id`),
  KEY `jurnal_id` (`jurnal_id`),
  KEY `kode_akun` (`kode_akun`),
  CONSTRAINT `fk_akun` FOREIGN KEY (`kode_akun`) REFERENCES `akun` (`kode_akun`),
  CONSTRAINT `fk_jurnal` FOREIGN KEY (`jurnal_id`) REFERENCES `jurnal_header` (`id`) ON DELETE CASCADE
) ENGINE=InnoDB DEFAULT CHARSET=utf8mb4 COLLATE=utf8mb4_general_ci;

DROP TABLE IF EXISTS `jurnal_header`;
CREATE TABLE `jurnal_header` (
  `id` int(11) NOT NULL AUTO_INCREMENT,
  `no_transaksi` varchar(30) NOT NULL,
  `tanggal` date NOT NULL,
  `keterangan` text NOT NULL,
  `tipe_transaksi` varchar(20) DEFAULT 'JU',
  `created_by` int(11) NOT NULL,
  `created_at` timestamp NOT NULL DEFAULT current_timestamp(),
  PRIMARY KEY (`id`),
  UNIQUE KEY `no_transaksi` (`no_transaksi`)
) ENGINE=InnoDB DEFAULT CHARSET=utf8mb4 COLLATE=utf8mb4_general_ci;

DROP TABLE IF EXISTS `keuangan_pembayaran_log`;
CREATE TABLE `keuangan_pembayaran_log` (
  `id` bigint(20) NOT NULL AUTO_INCREMENT,
  `tagihan_id` bigint(20) NOT NULL,
  `nim` varchar(25) DEFAULT NULL,
  `nama_mahasiswa` varchar(150) DEFAULT NULL,
  `tanggal_bayar` date DEFAULT NULL,
  `kode_akun_kas` varchar(50) DEFAULT NULL,
  `nominal_bayar` decimal(18,2) DEFAULT NULL,
  `akun_kas` varchar(20) DEFAULT NULL,
  `user_input` varchar(100) DEFAULT NULL,
  `keterangan` text DEFAULT NULL,
  `created_at` timestamp NOT NULL DEFAULT current_timestamp(),
  `no_kuitansi` varchar(50) DEFAULT NULL,
  `link_jurnal_id` int(11) DEFAULT NULL,
  PRIMARY KEY (`id`),
  KEY `idx_log_tagihan` (`tagihan_id`),
  KEY `idx_log_nim` (`nim`)
) ENGINE=InnoDB AUTO_INCREMENT=26 DEFAULT CHARSET=utf8mb4 COLLATE=utf8mb4_general_ci;

INSERT INTO `keuangan_pembayaran_log` VALUES 
('4', '225', '2024002', 'Siti Aminah', '2026-02-24', NULL, '2000000.00', '1-1102', 'Husnul Mawarid', 'bop', '2026-02-24 09:22:46', NULL, NULL),
('5', '225', '2024002', 'Siti Aminah', '2026-02-24', NULL, '1000000.00', '1-1102', 'Husnul Mawarid', '', '2026-02-24 12:06:58', NULL, NULL),
('6', '229', '2024005', 'Alex', '2026-02-25', NULL, '5000000.00', '1-1102', 'Husnul Mawarid', '', '2026-02-25 09:35:53', NULL, NULL),
('7', '229', '2024005', 'Alex', '2026-02-25', NULL, '3000000.00', '1-1102', 'Husnul Mawarid', '', '2026-02-25 09:36:52', NULL, NULL),
('8', '227', '2024006', 'martha', '2026-02-25', NULL, '2000000.00', '1-1102', 'Husnul Mawarid', '', '2026-02-25 09:58:33', NULL, NULL),
('9', '230', '2024001', 'Roky', '2026-02-26', NULL, '3000000.00', '1-1102', 'Husnul Mawarid', 'BOP semester 2', '2026-02-26 09:28:21', NULL, NULL),
('23', '239', '2025004', NULL, '2026-05-05', '1-1102', '8750000.00', NULL, NULL, NULL, '2026-05-05 15:57:43', 'KWT-239-1777971463', '413'),
('24', '240', '2025003', NULL, '2026-05-05', '1-1102', '3750000.00', NULL, NULL, NULL, '2026-05-05 15:58:08', 'KWT-240-1777971488', '414'),
('25', '237', '2024001', NULL, '2026-05-08', '1-1102', '8750000.00', NULL, NULL, NULL, '2026-05-08 13:53:12', 'KWT-237-1778223192', '418');

DROP TABLE IF EXISTS `keuangan_periode`;
CREATE TABLE `keuangan_periode` (
  `id` int(11) NOT NULL AUTO_INCREMENT,
  `tahun_akademik` varchar(10) NOT NULL,
  `periode` varchar(20) NOT NULL,
  `is_closed` tinyint(1) DEFAULT 0,
  `closed_at` datetime DEFAULT NULL,
  `closed_by` int(11) DEFAULT NULL,
  PRIMARY KEY (`id`),
  KEY `idx_periode` (`tahun_akademik`,`periode`)
) ENGINE=InnoDB DEFAULT CHARSET=utf8mb4 COLLATE=utf8mb4_general_ci;

DROP TABLE IF EXISTS `keuangan_snapshot`;
CREATE TABLE `keuangan_snapshot` (
  `id` int(11) NOT NULL AUTO_INCREMENT,
  `nim` varchar(20) NOT NULL,
  `saldo` decimal(20,2) NOT NULL,
  `periode` varchar(30) NOT NULL,
  `created_at` datetime DEFAULT current_timestamp(),
  PRIMARY KEY (`id`),
  KEY `idx_snap_nim` (`nim`),
  KEY `idx_snap_periode` (`periode`)
) ENGINE=InnoDB DEFAULT CHARSET=utf8mb4 COLLATE=utf8mb4_general_ci;

DROP TABLE IF EXISTS `keuangan_tagihan`;
CREATE TABLE `keuangan_tagihan` (
  `id` int(11) NOT NULL AUTO_INCREMENT,
  `nim` varchar(25) NOT NULL,
  `kode_tahun` varchar(10) NOT NULL,
  `prodi_id` int(11) NOT NULL,
  `tarif_id` int(11) NOT NULL,
  `nama_tagihan` varchar(100) NOT NULL,
  `nominal` double DEFAULT 0,
  `terbayar` double DEFAULT 0,
  `status_bayar` enum('Belum Lunas','Sebagian','Lunas') DEFAULT 'Belum Lunas',
  `no_jurnal` varchar(50) DEFAULT NULL,
  `link_jurnal_id` int(11) DEFAULT NULL,
  `created_at` timestamp NOT NULL DEFAULT current_timestamp(),
  `deleted_at` datetime DEFAULT NULL,
  `jenis_tagihan_id` int(11) DEFAULT NULL,
  PRIMARY KEY (`id`),
  UNIQUE KEY `uniq_tagihan` (`nim`,`kode_tahun`,`tarif_id`),
  KEY `nim` (`nim`),
  KEY `kode_tahun` (`kode_tahun`),
  KEY `status_bayar` (`status_bayar`),
  KEY `idx_prodi_tahun` (`prodi_id`,`kode_tahun`),
  KEY `idx_billing_prodi_tahun` (`prodi_id`,`kode_tahun`),
  KEY `idx_tagihan_nim` (`nim`),
  KEY `idx_tagihan_tanggal` (`created_at`),
  KEY `idx_tagihan_jurnal` (`no_jurnal`),
  KEY `idx_tagihan_deleted` (`deleted_at`)
) ENGINE=InnoDB AUTO_INCREMENT=244 DEFAULT CHARSET=utf8mb4 COLLATE=utf8mb4_general_ci;

INSERT INTO `keuangan_tagihan` VALUES 
('237', '2024001', '20252', '1', '10', 'Biaya Operasional Pendidikan', '8750000', '8750000', 'Lunas', 'INV-2024001-177797142422', '409', '2026-05-05 15:57:04', NULL, '6'),
('238', '2024006', '20252', '1', '10', 'Biaya Operasional Pendidikan', '8750000', '0', 'Belum Lunas', 'INV-2024006-177797142472', '410', '2026-05-05 15:57:04', NULL, '6'),
('239', '2025004', '20252', '1', '11', 'Biaya Operasional Pendidikan', '8750000', '8750000', 'Lunas', 'INV-2025004-177797142576', '411', '2026-05-05 15:57:05', NULL, '6'),
('240', '2025003', '20252', '1', '11', 'Biaya Operasional Pendidikan', '8750000', '3750000', 'Sebagian', 'INV-2025003-177797142566', '412', '2026-05-05 15:57:05', NULL, '6'),
('241', '2024006', '20252', '1', '0', 'Karya Tulis Ilmiah', '3000000', '0', 'Belum Lunas', 'INV-MAN-2024006-1778361034', '423', '2026-05-10 04:10:33', NULL, NULL),
('242', '2024002', '20252', '1', '0', 'Biaya Operasional Pendidikan', '8750000', '0', 'Belum Lunas', 'INV-MAN-2024002-1778367549', '424', '2026-05-10 05:59:10', NULL, NULL),
('243', '2024003', '20252', '1', '0', 'Tugas Akhir / Skripsi', '2500000', '0', 'Belum Lunas', 'INV-MAN-2024003-1778375336', '425', '2026-05-10 08:08:56', NULL, NULL);

DROP TABLE IF EXISTS `laporan_keuangan_setting`;
CREATE TABLE `laporan_keuangan_setting` (
  `id` int(11) NOT NULL AUTO_INCREMENT,
  `judul_laporan` varchar(255) NOT NULL,
  `deskripsi` text DEFAULT NULL,
  `jenis_laporan` varchar(100) DEFAULT NULL,
  `tgl_mulai` date DEFAULT NULL,
  `tgl_akhir` date DEFAULT NULL,
  `metode` enum('Akrual','Cash Basis') DEFAULT 'Akrual',
  `comp_dates` text DEFAULT NULL,
  `created_by` int(11) DEFAULT NULL,
  `created_at` timestamp NOT NULL DEFAULT current_timestamp(),
  PRIMARY KEY (`id`),
  KEY `idx_jenis_laporan` (`jenis_laporan`),
  KEY `idx_jenis_laporan_sync` (`jenis_laporan`),
  KEY `idx_history_report` (`jenis_laporan`),
  KEY `idx_jenis_laporan_neraca` (`jenis_laporan`),
  KEY `idx_report_neraca` (`jenis_laporan`,`tgl_akhir`)
) ENGINE=InnoDB AUTO_INCREMENT=99 DEFAULT CHARSET=utf8mb4 COLLATE=utf8mb4_general_ci;

INSERT INTO `laporan_keuangan_setting` VALUES 
('15', 'Laporan Tanpa Judul', '1-1101', 'buku_besar', '2026-01-01', '2026-01-25', 'Akrual', NULL, '2', '2026-01-25 16:45:33'),
('18', 'tes', '', 'kas_summary', '2026-01-01', '2026-01-31', 'Cash Basis', '[]', '2', '2026-01-26 09:34:49'),
('42', 'tes', '', 'perubahan_aset', '2026-01-01', '2026-01-31', 'Akrual', '[]', '2', '2026-01-28 11:50:31'),
('44', '123', '', 'neraca_saldo', '2026-01-01', '2026-01-28', 'Akrual', '[]', '2', '2026-01-28 18:16:06'),
('52', 'qw', '', 'aktivitas', '2026-01-01', '2026-01-29', 'Akrual', '[]', '2', '2026-01-29 10:04:04'),
('56', 'tess', '', 'aktivitas', '2026-01-01', '2026-01-31', 'Akrual', '[]', '2', '2026-01-29 17:11:09'),
('59', 'Laporan Aktivitas 2026', '', 'aktivitas', '2026-01-01', '2026-01-31', 'Akrual', '[{\"s\":\"2026-02-01\",\"e\":\"2026-02-28\"}]', '2', '2026-01-31 16:17:29'),
('60', 'Laporan Perubahan Aset Neto 2026', '', 'perubahan_aset_neto', '2026-02-01', '2026-02-28', 'Akrual', '[]', '2', '2026-01-31 21:52:51'),
('61', 'Laporan Aset Tetap 2026', '', 'aset', '2026-01-01', '2026-01-31', 'Akrual', '[]', '2', '2026-02-01 22:40:47'),
('67', 'Laporan Arus Kas 2026', '', 'kas_detail', '2026-01-01', '2026-01-31', 'Akrual', '[{\"s\":\"2026-02-01\",\"e\":\"2026-02-27\"}]', '2', '2026-02-03 11:43:59'),
('68', 'Buku Besar 2026', '1-2101', 'buku_besar', '2025-12-01', '2026-12-31', 'Akrual', '[]', '2', '2026-02-03 14:14:46'),
('69', 'Ringkasan Kas 2026', '', 'kas_summary', '2026-02-01', '2026-02-06', 'Akrual', '[{\"s\":\"2026-01-01\",\"e\":\"2026-02-28\"}]', '2', '2026-02-06 20:43:08'),
('70', 'Ringkasan Kas 2026', '', 'kas_summary', '2026-01-01', '2026-01-31', 'Akrual', '[{\"s\":\"2026-02-01\",\"e\":\"2026-02-28\"}]', '2', '2026-02-09 16:59:16'),
('71', 'Laporan Perubahan Aset 2026', '', 'perubahan_aset', '2026-02-01', '2026-02-09', 'Akrual', '[]', '2', '2026-02-09 21:59:48'),
('77', 'Laporan Gaji 2026', '{\"display_mode\":\"summary\",\"unit\":\"\",\"pegawai_id\":\"\"}', 'gaji_pegawai', '2026-02-01', '2026-02-10', 'Akrual', '[]', '2', '2026-02-10 11:55:59'),
('78', 'cek', '', 'perubahan_aset_neto', '2026-01-01', '2026-01-31', 'Akrual', '[{\"s\":\"2026-02-01\",\"e\":\"2026-02-28\"}]', '2', '2026-03-05 08:27:38'),
('83', 'Neraca 2026', '', '', '2026-01-01', '2026-12-31', 'Akrual', '[]', '2', '2026-04-23 14:13:14'),
('84', 'Neraca 2026', '', '', '2026-01-01', '2026-12-31', 'Akrual', '[]', '2', '2026-04-23 20:56:27'),
('85', 'Neraca 2026', '', '', '2026-01-01', '2026-01-31', 'Akrual', '[{\"e\":\"2026-02-28\"}]', '2', '2026-04-23 21:05:12'),
('89', 'Buku Besar 2026', '2-1101', 'buku_besar', '2026-01-01', '2026-04-24', 'Akrual', '[]', '2', '2026-04-24 11:21:41'),
('91', 'Ringkasan Kas 2026', '', 'kas_summary', '2026-01-01', '2026-04-24', 'Akrual', '[]', '2', '2026-04-24 13:19:08'),
('93', 'Ringkasan Kas 2026', NULL, 'kas_summary', '2026-01-01', '2026-01-30', 'Akrual', '[{\"s\":\"2026-03-01\",\"e\":\"2026-03-31\"}]', '2', '2026-04-24 13:38:24'),
('94', 'Neraca Saldo 2026', '', 'neraca_saldo', '2026-04-01', '2026-04-24', 'Akrual', '[]', '2', '2026-04-24 13:39:15'),
('95', 'Laporan Perubahan Aset 2026', '', 'perubahan_aset', '2026-01-01', '2026-04-24', 'Akrual', '[]', '2', '2026-04-24 13:39:23'),
('96', 'Laporan Gaji 2026', '{\"display_mode\":\"summary\",\"unit\":\"\",\"pegawai_id\":\"\"}', 'gaji_pegawai', '2026-04-01', '2026-04-24', 'Akrual', '[]', '2', '2026-04-24 13:39:30'),
('97', 'Laporan Gaji 2026', '{\"display_mode\":\"summary\",\"unit\":\"\",\"pegawai_id\":\"\"}', 'gaji_pegawai', '2026-04-01', '2026-04-24', 'Akrual', NULL, '2', '2026-04-24 13:51:22'),
('98', 'Neraca Saldo 2026', '', 'neraca_saldo', '2026-04-01', '2026-04-24', 'Akrual', NULL, '2', '2026-04-24 13:51:30');

DROP TABLE IF EXISTS `log_edit_transaksi`;
CREATE TABLE `log_edit_transaksi` (
  `id` int(11) NOT NULL AUTO_INCREMENT,
  `ref_no` varchar(50) DEFAULT NULL,
  `aksi` varchar(50) DEFAULT NULL,
  `keterangan` text DEFAULT NULL,
  `user_id` int(11) DEFAULT NULL,
  `created_at` datetime DEFAULT current_timestamp(),
  PRIMARY KEY (`id`),
  KEY `idx_ref` (`ref_no`)
) ENGINE=InnoDB AUTO_INCREMENT=7 DEFAULT CHARSET=utf8mb4 COLLATE=utf8mb4_general_ci;

INSERT INTO `log_edit_transaksi` VALUES 
('1', 'INV/2026/00019', 'CREATE_MANUAL_INVOICE', 'Pembuatan tagihan manual [Biaya Operasional Pendidikan] senilai Rp 5,000,000 untuk NIM: 2024005', '2', '2026-02-25 09:11:23'),
('2', 'INV/2026/00019', 'SOFT_DELETE_INVOICE', 'Hapus invoice INV/2026/00019', '2', '2026-02-25 11:13:13'),
('3', 'INV/2026/00017', 'SOFT_DELETE_INVOICE', 'Hapus invoice INV/2026/00017', '2', '2026-02-25 11:14:51'),
('4', 'INV-MAN-2024006-1778361034', 'CREATE_MANUAL_INVOICE', 'Pembuatan tagihan manual [Karya Tulis Ilmiah] senilai Rp 3,000,000 untuk NIM: 2024006', '2', '2026-05-10 04:10:33'),
('5', 'INV-MAN-2024002-1778367549', 'CREATE_MANUAL_INVOICE', 'Pembuatan tagihan manual [Biaya Operasional Pendidikan] senilai Rp 8,750,000 untuk NIM: 2024002', '2', '2026-05-10 05:59:10'),
('6', 'INV-MAN-2024003-1778375336', 'CREATE_MANUAL_INVOICE', 'Pembuatan tagihan manual [Tugas Akhir / Skripsi] senilai Rp 2,500,000 untuk NIM: 2024003', '2', '2026-05-10 08:08:56');

DROP TABLE IF EXISTS `m_unit`;
CREATE TABLE `m_unit` (
  `id` int(11) NOT NULL AUTO_INCREMENT,
  `kode_unit` varchar(20) NOT NULL,
  `nama_unit` varchar(150) NOT NULL,
  `pimpinan_id` int(11) DEFAULT NULL,
  `kas_bank_akun` varchar(20) DEFAULT NULL,
  `status` tinyint(1) DEFAULT 1,
  PRIMARY KEY (`id`),
  UNIQUE KEY `kode_unit` (`kode_unit`),
  KEY `status` (`status`),
  KEY `pimpinan_id` (`pimpinan_id`)
) ENGINE=InnoDB AUTO_INCREMENT=7 DEFAULT CHARSET=utf8mb4 COLLATE=utf8mb4_general_ci;

INSERT INTO `m_unit` VALUES 
('1', 'LPM', 'Lembaga Penjamin Mutu', NULL, '1-1107', '1'),
('2', 'BAAK', 'Bidang Administrasi Akademik dan Kemahasiswaan', NULL, '1-1106', '1'),
('3', 'BAUK', 'Bidang Administrasi  Umum & Kepegawaian', NULL, '1-1105', '1'),
('4', 'LP4KM', 'LP4KM', NULL, '1-1108', '1'),
('5', 'Humaker', 'Humas dan Kerja Sama', NULL, '1-1111', '1'),
('6', 'LAB', 'Laboratorium', NULL, '1-1113', '1');

DROP TABLE IF EXISTS `menus`;
CREATE TABLE `menus` (
  `id` int(11) NOT NULL AUTO_INCREMENT,
  `menu_name` varchar(100) DEFAULT NULL,
  `icon` varchar(100) DEFAULT 'fas fa-circle',
  `menu_key` varchar(100) DEFAULT NULL,
  `parent_id` int(11) DEFAULT NULL,
  `menu_level` enum('Main','Sub','Tab') DEFAULT 'Main',
  `parent_key` varchar(100) DEFAULT NULL,
  `urutan` int(11) DEFAULT NULL,
  `status` tinyint(4) DEFAULT 1,
  PRIMARY KEY (`id`),
  UNIQUE KEY `menu_key` (`menu_key`)
) ENGINE=InnoDB AUTO_INCREMENT=425 DEFAULT CHARSET=utf8mb4 COLLATE=utf8mb4_general_ci;

INSERT INTO `menus` VALUES 
('3', 'Keuangan & Kas', 'fas fa-wallet text-success', 'menu_keuangan', NULL, 'Main', NULL, '30', '1'),
('7', 'Anggaran (RAPB)', 'fas fa-calculator text-primary', 'menu_anggaran', NULL, 'Main', NULL, '40', '1'),
('116', 'Aset & Pelaporan', 'fas fa-chart-pie text-success', 'menu_asset', NULL, 'Main', NULL, '70', '1'),
('199', 'Dashboard', 'fas fa-tachometer-alt', 'menu_dashboard', NULL, 'Main', NULL, '10', '1'),
('200', 'Ringkasan Eksekutif', 'fas fa-chart-line', 'menu_ringkasan', NULL, 'Main', NULL, '20', '1'),
('201', 'Kemahasiswaan', 'fas fa-user-graduate', 'menu_kemahasiswaan', NULL, 'Main', NULL, '50', '1'),
('202', 'Kepegawaian', 'fas fa-users-cog', 'menu_kepegawaian', NULL, 'Main', NULL, '60', '1'),
('203', 'User & Setting', 'fas fa-user-shield', 'menu_setting', NULL, 'Main', NULL, '80', '1'),
('207', 'Database Mahasiswa', 'fas fa-users', 'mhs_data', '201', 'Sub', 'menu_kemahasiswaan', '1', '1'),
('208', 'Master Tarif Pendidikan', 'fas fa-file-invoice-dollar', 'mhs_tarif', '201', 'Sub', 'menu_kemahasiswaan', '2', '1'),
('209', 'Generate Tagihan', 'fas fa-file-signature', 'mhs_tagihan', '201', 'Sub', 'menu_kemahasiswaan', '3', '1'),
('210', 'Pembayaran Tagihan', 'fas fa-money-check-alt', 'mhs_pembayaran', '201', 'Sub', 'menu_kemahasiswaan', '4', '1'),
('211', 'Monitoring & Kartu Piutang', 'fas fa-chart-line', 'mhs_monitoring', '201', 'Sub', 'menu_kemahasiswaan', '5', '1'),
('212', 'Konfigurasi Master Data', 'fas fa-cogs', 'mhs_setting', '201', 'Sub', 'menu_kemahasiswaan', '6', '1'),
('220', 'Database Pegawai', 'fas fa-user-tie', 'hr_pegawai', '202', 'Sub', 'menu_kepegawaian', '1', '1'),
('221', 'Proses Gaji', 'fas fa-hand-holding-usd', 'hr_payroll', '202', 'Sub', 'menu_kepegawaian', '3', '1'),
('222', 'Konfigurasi Gaji', 'fas fa-sliders-h', 'hr_setup', '202', 'Sub', 'menu_kepegawaian', '2', '1'),
('251', 'Manajemen Aset & Inventaris', 'fas fa-shield-alt', 'rep_asset', '116', 'Sub', 'menu_asset', '3', '1'),
('252', 'Manajemen User', 'fas fa-user-lock', 'set_users', '203', 'Sub', 'menu_setting', '1', '1'),
('267', 'Laporan Keuangan', 'fas fa-file-alt', 'rep_fina', '116', 'Sub', 'menu_asset', '1', '1'),
('274', 'Pengaturan Sistem', 'fas fa-cogs', 'set_global', '203', 'Sub', 'menu_setting', '2', '1'),
('325', 'Monitoring RAPB Global', 'fas fa-tv', 'ang_rapb', '7', 'Sub', 'menu_anggaran', '1', '1'),
('326', 'Anggaran Pendapatan', 'fas fa-chart-line', 'ang_pendapatan', '7', 'Sub', 'menu_anggaran', '2', '1'),
('327', 'Anggaran Belanja', 'fas fa-shopping-cart', 'ang_belanja', '7', 'Sub', 'menu_anggaran', '3', '1'),
('328', 'Anggaran Unit Kerja', 'fas fa-building', 'ang_unit', '7', 'Sub', 'menu_anggaran', '4', '1'),
('335', 'Transaksi Kas & Bank', 'fas fa-exchange-alt', 'keu_trx', '3', 'Sub', 'menu_keuangan', '1', '1'),
('336', 'Manajemen Akun Kas', 'fas fa-university', 'keu_akun', '3', 'Sub', 'menu_keuangan', '2', '1'),
('337', 'Jurnal Umum', 'fas fa-book', 'keu_jurnal', '3', 'Sub', 'menu_keuangan', '3', '1'),
('400', 'Dashboard Analisis', 'fas fa-circle', 'ang_pen_dash', '326', 'Tab', 'ang_pendapatan', '1', '1'),
('401', 'Input Anggaran', 'fas fa-circle', 'ang_pen_input', '326', 'Tab', 'ang_pendapatan', '2', '1'),
('402', 'Monitoring Detail', 'fas fa-circle', 'ang_pen_mon', '326', 'Tab', 'ang_pendapatan', '3', '1'),
('404', 'Dashboard Analisis', 'fas fa-circle', 'ang_bel_dash', '327', 'Tab', 'ang_belanja', '1', '1'),
('405', 'Worksheet Anggaran', 'fas fa-circle', 'ang_bel_work', '327', 'Tab', 'ang_belanja', '2', '1'),
('406', 'Monitoring Anggaran', 'fas fa-circle', 'ang_bel_mon', '327', 'Tab', 'ang_belanja', '3', '1'),
('408', 'Manajemen Unit', 'fas fa-circle', 'ang_unit_manage', '328', 'Tab', 'ang_unit', '1', '1'),
('409', 'Dashboard Progress', 'fas fa-circle', 'ang_unit_dash', '328', 'Tab', 'ang_unit', '2', '1'),
('410', 'Pengajuan Anggaran', 'fas fa-circle', 'ang_unit_req', '328', 'Tab', 'ang_unit', '3', '1'),
('411', 'Approval', 'fas fa-circle', 'ang_unit_app', '328', 'Tab', 'ang_unit', '4', '1'),
('412', 'Monitoring & Laporan', 'fas fa-circle', 'ang_unit_mon', '328', 'Tab', 'ang_unit', '5', '1'),
('414', 'Arsip Dokumen', 'fas fa-archive', 'arsip_dokumen', '116', 'Sub', 'menu_asset', '10', '1'),
('415', 'Tab: Dokumen Saya', 'fas fa-circle', 'arsip_saya', '414', 'Tab', 'arsip_dokumen', '1', '1'),
('416', 'Tab: Review Dokumen', 'fas fa-circle', 'arsip_review', '414', 'Tab', 'arsip_dokumen', '2', '1'),
('417', 'Tab: Arsip Terverifikasi', 'fas fa-circle', 'arsip_verified', '414', 'Tab', 'arsip_dokumen', '3', '1'),
('420', 'Transaksi Kas Unit', 'fas fa-circle', 'keu_trx_unit', '3', 'Sub', 'menu_keuangan', '2', '1'),
('421', 'Tab: Validasi Laporan', 'fas fa-circle', 'ang_unit_val', '328', 'Tab', 'ang_unit', '6', '1'),
('423', 'Periode Laporan', 'fas fa-calendar-check', 'periode_setting', '116', 'Sub', 'menu_asset', '99', '1'),
('424', 'Riwayat Aktivitas', 'fas fa-history', 'riwayat_sistem', NULL, 'Sub', 'set_global', '98', '1');

DROP TABLE IF EXISTS `mhs_jenis_tagihan`;
CREATE TABLE `mhs_jenis_tagihan` (
  `id` int(11) NOT NULL AUTO_INCREMENT,
  `kode_tagihan` varchar(20) NOT NULL,
  `nama_jenis_tagihan` varchar(100) NOT NULL,
  `kode_akun_pendapatan` varchar(20) DEFAULT NULL,
  `frekuensi` enum('Semester','Tahunan','Harian','Bulanan') DEFAULT 'Semester',
  `target_tagihan` enum('Mahasiswa','Pendaftar') DEFAULT 'Mahasiswa',
  `created_at` timestamp NOT NULL DEFAULT current_timestamp(),
  PRIMARY KEY (`id`),
  UNIQUE KEY `kode_tagihan` (`kode_tagihan`)
) ENGINE=InnoDB AUTO_INCREMENT=7 DEFAULT CHARSET=utf8mb4 COLLATE=utf8mb4_general_ci;

INSERT INTO `mhs_jenis_tagihan` VALUES 
('1', 'KIP', 'Biaya Operasional Pendidikan KIP', '4-1003', 'Semester', 'Mahasiswa', '2026-01-18 13:23:59'),
('2', 'TA', 'Tugas Akhir / Skripsi', '4-1010', 'Semester', 'Mahasiswa', '2026-01-18 13:23:59'),
('3', 'WIS', 'Wisuda', '4-1006', 'Tahunan', 'Mahasiswa', '2026-01-18 13:23:59'),
('4', 'KTI', 'Karya Tulis Ilmiah', '4-1009', 'Semester', 'Mahasiswa', '2026-01-18 13:34:11'),
('5', 'KIA', 'Tugas Akhir KIAN', '4-1011', 'Semester', 'Mahasiswa', '2026-01-18 13:36:27'),
('6', 'BOP', 'Biaya Operasional Pendidikan', '4-1001', 'Semester', 'Mahasiswa', '2026-01-23 15:21:58');

DROP TABLE IF EXISTS `mhs_kampus`;
CREATE TABLE `mhs_kampus` (
  `id` int(11) NOT NULL AUTO_INCREMENT,
  `nama_kampus` varchar(100) NOT NULL,
  PRIMARY KEY (`id`)
) ENGINE=InnoDB AUTO_INCREMENT=2 DEFAULT CHARSET=utf8mb4 COLLATE=utf8mb4_general_ci;

INSERT INTO `mhs_kampus` VALUES 
('1', 'Kampus Pusat Pontianak');

DROP TABLE IF EXISTS `mhs_keaktifan_semester`;
CREATE TABLE `mhs_keaktifan_semester` (
  `id` int(11) NOT NULL AUTO_INCREMENT,
  `nim` varchar(25) NOT NULL,
  `kode_tahun` varchar(10) NOT NULL,
  `status_aktif` varchar(20) DEFAULT 'Aktif',
  `created_at` timestamp NOT NULL DEFAULT current_timestamp(),
  PRIMARY KEY (`id`),
  KEY `nim` (`nim`),
  KEY `kode_tahun` (`kode_tahun`)
) ENGINE=InnoDB AUTO_INCREMENT=69 DEFAULT CHARSET=utf8mb4 COLLATE=utf8mb4_general_ci;

INSERT INTO `mhs_keaktifan_semester` VALUES 
('10', '2024005', '20261', 'Aktif', '2026-01-18 16:27:46'),
('23', '2024005', '20252', 'Aktif', '2026-01-18 18:31:51'),
('27', '2024007', '20261', 'Aktif', '2026-01-22 09:29:20'),
('28', '2024009', '20261', 'Aktif', '2026-01-22 12:02:54'),
('31', '2024007', '20261', 'Aktif', '2026-01-22 14:04:43'),
('33', '2024007', '20261', 'Aktif', '2026-01-22 14:25:32'),
('53', '2024001', '20252', 'Aktif', '2026-05-05 13:38:25'),
('54', '2024002', '20252', 'Aktif', '2026-05-05 13:38:26'),
('55', '2024003', '20252', 'Aktif', '2026-05-05 13:38:27'),
('56', '2024006', '20252', 'Aktif', '2026-05-05 13:38:27'),
('57', '2025005', '20252', 'Aktif', '2026-05-05 13:38:27'),
('58', '2025006', '20252', 'Aktif', '2026-05-05 13:38:27'),
('59', '2025003', '20252', 'Aktif', '2026-05-05 15:55:33'),
('60', '2025004', '20252', 'Aktif', '2026-05-05 15:55:33'),
('61', '2024001', '20251', 'Aktif', '2026-05-08 08:39:53'),
('62', '2024002', '20251', 'Aktif', '2026-05-08 08:39:53'),
('63', '2024003', '20251', 'Aktif', '2026-05-08 08:39:53'),
('64', '2024006', '20251', 'Aktif', '2026-05-08 08:39:53'),
('65', '2025003', '20251', 'Aktif', '2026-05-08 08:39:53'),
('66', '2025004', '20251', 'Aktif', '2026-05-08 08:39:53'),
('67', '2025005', '20251', 'Aktif', '2026-05-08 08:39:53'),
('68', '2025006', '20251', 'Aktif', '2026-05-08 08:39:54');

DROP TABLE IF EXISTS `mhs_prodi`;
CREATE TABLE `mhs_prodi` (
  `id` int(11) NOT NULL AUTO_INCREMENT,
  `kode_prodi` varchar(10) NOT NULL,
  `nama_prodi` varchar(100) NOT NULL,
  `jenjang` enum('S1','D3','Profesi','S2') DEFAULT 'S1',
  PRIMARY KEY (`id`)
) ENGINE=InnoDB AUTO_INCREMENT=4 DEFAULT CHARSET=utf8mb4 COLLATE=utf8mb4_general_ci;

INSERT INTO `mhs_prodi` VALUES 
('1', 'KEP', 'D3 Keperawatan', 'D3'),
('2', 'PNR', 'Profesi Keperawatan', 'Profesi'),
('3', 'NS', 'S1 Keperawatan', 'S1');

DROP TABLE IF EXISTS `mhs_sistem_kuliah`;
CREATE TABLE `mhs_sistem_kuliah` (
  `kode_sistem` varchar(5) NOT NULL,
  `nama_sistem` varchar(50) NOT NULL,
  PRIMARY KEY (`kode_sistem`)
) ENGINE=InnoDB DEFAULT CHARSET=utf8mb4 COLLATE=utf8mb4_general_ci;

INSERT INTO `mhs_sistem_kuliah` VALUES 
('HAF', 'Hafidz'),
('KAR', 'Kelas Karyawan'),
('KIP', 'KIP'),
('NON', 'Non Reguler'),
('PRF', 'Profesi'),
('REG', 'Reguler'),
('RPL', 'RPL');

DROP TABLE IF EXISTS `mhs_status`;
CREATE TABLE `mhs_status` (
  `kode_status` varchar(2) NOT NULL,
  `nama_status` varchar(30) NOT NULL,
  `is_billable` tinyint(1) DEFAULT 0 COMMENT '1=Bisa ditagih',
  PRIMARY KEY (`kode_status`)
) ENGINE=InnoDB DEFAULT CHARSET=utf8mb4 COLLATE=utf8mb4_general_ci;

INSERT INTO `mhs_status` VALUES 
('A', 'Aktif', '1'),
('C', 'Cuti', '0'),
('D', 'Drop Out', '0'),
('K', 'Keluar', '0'),
('L', 'Lulus', '0'),
('N', 'Non-Aktif', '0');

DROP TABLE IF EXISTS `mhs_tahun_akademik`;
CREATE TABLE `mhs_tahun_akademik` (
  `id` int(11) NOT NULL AUTO_INCREMENT,
  `kode_tahun` varchar(10) NOT NULL COMMENT 'Format: 20261 (Ganjil), 20262 (Genap)',
  `nama_tahun` varchar(50) NOT NULL,
  `tgl_mulai` date DEFAULT NULL,
  `tgl_akhir` date DEFAULT NULL,
  `is_active` tinyint(1) DEFAULT 0,
  PRIMARY KEY (`id`),
  UNIQUE KEY `idx_tahun` (`kode_tahun`)
) ENGINE=InnoDB AUTO_INCREMENT=7 DEFAULT CHARSET=utf8mb4 COLLATE=utf8mb4_general_ci;

INSERT INTO `mhs_tahun_akademik` VALUES 
('1', '20252', 'Genap 2025/2026', '2026-01-01', '2026-07-31', '1'),
('2', '20261', 'Ganjil 2026/2027', NULL, NULL, '0'),
('3', '20251', 'Ganjil 2025', NULL, NULL, '0'),
('4', '20262', 'Genap 2026/2027', NULL, NULL, '0');

DROP TABLE IF EXISTS `mhs_tahun_masuk`;
CREATE TABLE `mhs_tahun_masuk` (
  `id` int(11) NOT NULL AUTO_INCREMENT,
  `kode_masuk` varchar(10) NOT NULL,
  `nama_masuk` varchar(50) NOT NULL,
  `created_at` timestamp NOT NULL DEFAULT current_timestamp(),
  PRIMARY KEY (`id`),
  UNIQUE KEY `kode_masuk` (`kode_masuk`)
) ENGINE=InnoDB AUTO_INCREMENT=12 DEFAULT CHARSET=utf8mb4 COLLATE=utf8mb4_general_ci;

INSERT INTO `mhs_tahun_masuk` VALUES 
('1', '20241', 'Ganjil 2024', '2026-01-18 14:14:28'),
('2', '20252', 'Genap 2025', '2026-01-18 14:14:28'),
('3', '20251', 'Ganjil 2025', '2026-01-18 14:14:28'),
('7', '20261', 'Ganjil 2026', '2026-01-18 14:23:12'),
('8', '20231', 'Ganjil 2023', '2026-01-19 11:37:06'),
('9', '20262', 'Genap 2026', '2026-01-22 09:13:31'),
('10', '20242', 'Genap 2024', '2026-01-22 09:30:48'),
('11', '20272', 'Genap 2027', '2026-01-22 14:02:11');

DROP TABLE IF EXISTS `mhs_tarif`;
CREATE TABLE `mhs_tarif` (
  `id` int(11) NOT NULL AUTO_INCREMENT,
  `kode_tahun` varchar(10) DEFAULT NULL,
  `periode_masuk` varchar(10) DEFAULT NULL,
  `jenis_tagihan_id` int(11) DEFAULT NULL,
  `nama_tarif` varchar(100) NOT NULL,
  `kode_akun_pendapatan` varchar(20) NOT NULL,
  `nominal` decimal(15,2) NOT NULL,
  `frekuensi` enum('Semesteran','Bulanan','Per Transaksi') DEFAULT 'Semesteran',
  `prodi_id` int(11) DEFAULT NULL,
  `sistem_kuliah` varchar(50) DEFAULT NULL,
  `angkatan` varchar(10) DEFAULT NULL,
  `is_active` tinyint(1) DEFAULT 1,
  `created_at` timestamp NOT NULL DEFAULT current_timestamp(),
  PRIMARY KEY (`id`),
  KEY `idx_tarif_periods` (`kode_tahun`,`periode_masuk`),
  KEY `idx_gen_logic` (`kode_tahun`,`prodi_id`),
  KEY `idx_tarif_lookup` (`kode_tahun`,`periode_masuk`,`prodi_id`),
  KEY `idx_tarif_filter` (`kode_tahun`,`periode_masuk`,`prodi_id`),
  KEY `idx_tarif_fast_lookup` (`kode_tahun`,`periode_masuk`,`prodi_id`)
) ENGINE=InnoDB AUTO_INCREMENT=12 DEFAULT CHARSET=utf8mb4 COLLATE=utf8mb4_general_ci;

INSERT INTO `mhs_tarif` VALUES 
('7', '20252', '20251', '4', 'Karya Tulis Ilmiah', '4-1009', '3000000.00', 'Semesteran', '1', 'HAF', NULL, '1', '2026-01-19 08:35:08'),
('8', '20252', '20251', '5', 'Tugas Akhir KIAN', '4-1011', '2000000.00', 'Semesteran', '2', 'REG', NULL, '1', '2026-01-19 11:06:51'),
('9', '20252', '20241', '6', 'Biaya Operasional Pendidikan', '4-1001', '8750000.00', 'Semesteran', '3', 'REG', NULL, '1', '2026-02-25 13:01:00'),
('10', '20252', '20241', '6', 'Biaya Operasional Pendidikan', '4-1001', '8750000.00', 'Semesteran', '1', 'REG', NULL, '1', '2026-04-29 05:24:04'),
('11', '20252', '20251', '6', 'Biaya Operasional Pendidikan', '4-1001', '8750000.00', 'Semesteran', '1', 'REG', NULL, '1', '2026-05-05 14:53:42');

DROP TABLE IF EXISTS `mhs_tarif_tagihan`;
CREATE TABLE `mhs_tarif_tagihan` (
  `id` int(11) NOT NULL AUTO_INCREMENT,
  `kode_tahun` varchar(10) DEFAULT NULL,
  `kode_prodi` varchar(20) DEFAULT NULL,
  `kode_sistem` varchar(20) DEFAULT NULL,
  `nama_tarif` varchar(100) DEFAULT NULL,
  `nominal` double DEFAULT NULL,
  PRIMARY KEY (`id`)
) ENGINE=InnoDB DEFAULT CHARSET=utf8mb4 COLLATE=utf8mb4_general_ci;

DROP TABLE IF EXISTS `role_menu_access`;
CREATE TABLE `role_menu_access` (
  `id` int(11) NOT NULL AUTO_INCREMENT,
  `role_id` int(11) NOT NULL,
  `menu_key` varchar(100) NOT NULL,
  `created_at` timestamp NOT NULL DEFAULT current_timestamp(),
  PRIMARY KEY (`id`)
) ENGINE=InnoDB AUTO_INCREMENT=22 DEFAULT CHARSET=utf8mb4 COLLATE=utf8mb4_general_ci;

INSERT INTO `role_menu_access` VALUES 
('1', '3', 'keu_trx', '2026-02-22 06:14:50'),
('2', '3', 'keu_akun', '2026-02-22 06:14:50'),
('3', '3', 'keu_jurnal', '2026-02-22 06:14:50'),
('4', '1', 'keu_trx', '2026-02-22 06:14:50'),
('5', '1', 'keu_akun', '2026-02-22 06:14:50'),
('6', '1', 'keu_trx_unit', '2026-02-22 06:14:50'),
('7', '1', 'keu_jurnal', '2026-02-22 06:14:50'),
('8', '1', 'menu_keuangan', '2026-02-22 06:14:50'),
('9', '3', 'menu_keuangan', '2026-02-22 06:14:50'),
('10', '2', 'keu_trx_unit', '2026-02-22 06:14:50'),
('11', '2', 'menu_keuangan', '2026-02-22 06:14:50'),
('12', '2', 'ang_unit', '2026-02-22 06:14:50'),
('13', '2', 'menu_anggaran', '2026-02-22 06:14:50'),
('14', '2', 'ang_unit_dash', '2026-02-22 06:14:50'),
('15', '2', 'ang_unit_req', '2026-02-22 06:14:50'),
('16', '2', 'ang_unit_mon', '2026-02-22 06:14:50'),
('17', '2', 'arsip_dokumen', '2026-02-22 06:14:50'),
('18', '2', 'menu_asset', '2026-02-22 06:14:50'),
('19', '2', 'arsip_saya', '2026-02-22 06:14:50'),
('20', '2', 'arsip_review', '2026-02-22 06:14:50'),
('21', '2', 'arsip_verified', '2026-02-22 06:14:50');

DROP TABLE IF EXISTS `role_permissions`;
CREATE TABLE `role_permissions` (
  `id` int(11) NOT NULL AUTO_INCREMENT,
  `role_id` int(11) DEFAULT NULL,
  `menu_id` int(11) DEFAULT NULL,
  `can_view` tinyint(4) DEFAULT 0,
  `can_add` tinyint(4) DEFAULT 0,
  `can_edit` tinyint(4) DEFAULT 0,
  `can_delete` tinyint(4) DEFAULT 0,
  PRIMARY KEY (`id`),
  UNIQUE KEY `role_id` (`role_id`,`menu_id`)
) ENGINE=InnoDB AUTO_INCREMENT=1453 DEFAULT CHARSET=utf8mb4 COLLATE=utf8mb4_general_ci;

INSERT INTO `role_permissions` VALUES 
('673', '3', '199', '1', '0', '0', '0'),
('674', '3', '200', '1', '0', '0', '0'),
('675', '3', '335', '1', '1', '1', '1'),
('676', '3', '3', '1', '0', '0', '0'),
('677', '3', '336', '1', '1', '1', '1'),
('678', '3', '420', '1', '1', '1', '1'),
('679', '3', '337', '1', '1', '1', '1'),
('680', '3', '325', '1', '0', '0', '0'),
('681', '3', '7', '1', '0', '0', '0'),
('682', '3', '326', '1', '0', '0', '0'),
('683', '3', '400', '1', '0', '0', '0'),
('684', '3', '401', '1', '0', '0', '0'),
('685', '3', '402', '1', '0', '0', '0'),
('686', '3', '327', '1', '0', '0', '0'),
('687', '3', '404', '1', '0', '0', '0'),
('688', '3', '405', '1', '0', '0', '0'),
('689', '3', '406', '1', '0', '0', '0'),
('690', '3', '328', '1', '0', '0', '0'),
('691', '3', '408', '1', '0', '0', '0'),
('692', '3', '409', '1', '0', '0', '0'),
('693', '3', '411', '1', '0', '0', '0'),
('694', '3', '412', '1', '0', '0', '0'),
('695', '3', '421', '1', '0', '0', '0'),
('696', '3', '207', '1', '0', '0', '0'),
('697', '3', '201', '1', '0', '0', '0'),
('698', '3', '208', '1', '0', '0', '0'),
('699', '3', '209', '1', '0', '0', '0'),
('700', '3', '210', '1', '0', '0', '0'),
('701', '3', '211', '1', '0', '0', '0'),
('702', '3', '414', '1', '0', '0', '0'),
('703', '3', '116', '1', '0', '0', '0'),
('704', '3', '415', '1', '0', '0', '0'),
('705', '3', '416', '1', '0', '0', '0'),
('706', '3', '417', '1', '0', '0', '0'),
('707', '1', '327', '1', '1', '1', '1'),
('708', '1', '404', '1', '1', '1', '1'),
('709', '1', '406', '1', '1', '1', '1'),
('710', '1', '405', '1', '1', '1', '1'),
('711', '1', '326', '1', '1', '1', '1'),
('712', '1', '400', '1', '1', '1', '1'),
('713', '1', '401', '1', '1', '1', '1'),
('714', '1', '402', '1', '1', '1', '1'),
('715', '1', '325', '1', '1', '1', '1'),
('716', '1', '328', '1', '1', '1', '1'),
('717', '1', '411', '1', '1', '1', '1'),
('718', '1', '409', '1', '1', '1', '1'),
('719', '1', '408', '1', '1', '1', '1'),
('720', '1', '412', '1', '1', '1', '1'),
('721', '1', '410', '1', '1', '1', '1'),
('722', '1', '421', '1', '1', '1', '1'),
('723', '1', '414', '1', '1', '1', '1'),
('724', '1', '416', '1', '1', '1', '1'),
('725', '1', '415', '1', '1', '1', '1'),
('726', '1', '417', '1', '1', '1', '1'),
('727', '1', '221', '1', '1', '1', '1'),
('728', '1', '220', '1', '1', '1', '1'),
('729', '1', '222', '1', '1', '1', '1'),
('730', '1', '336', '1', '1', '1', '1'),
('731', '1', '337', '1', '1', '1', '1'),
('732', '1', '335', '1', '1', '1', '1'),
('733', '1', '420', '1', '1', '1', '1'),
('734', '1', '7', '1', '1', '1', '1'),
('735', '1', '116', '1', '1', '1', '1'),
('736', '1', '199', '1', '1', '1', '1'),
('737', '1', '201', '1', '1', '1', '1'),
('738', '1', '202', '1', '1', '1', '1'),
('739', '1', '3', '1', '1', '1', '1'),
('740', '1', '200', '1', '1', '1', '1'),
('741', '1', '203', '1', '1', '1', '1'),
('742', '1', '207', '1', '1', '1', '1'),
('743', '1', '211', '1', '1', '1', '1'),
('744', '1', '210', '1', '1', '1', '1'),
('745', '1', '212', '1', '1', '1', '1'),
('746', '1', '209', '1', '1', '1', '1'),
('747', '1', '208', '1', '1', '1', '1'),
('748', '1', '251', '1', '1', '1', '1'),
('749', '1', '267', '1', '1', '1', '1'),
('750', '1', '274', '1', '1', '1', '1'),
('751', '1', '252', '1', '1', '1', '1'),
('1082', '4', '200', '1', '0', '0', '0'),
('1083', '4', '335', '1', '0', '0', '0'),
('1084', '4', '3', '1', '0', '0', '0'),
('1085', '4', '336', '1', '0', '0', '0'),
('1086', '4', '420', '1', '0', '0', '0'),
('1087', '4', '337', '1', '0', '0', '0'),
('1088', '4', '325', '1', '0', '0', '0'),
('1089', '4', '7', '1', '0', '0', '0'),
('1090', '4', '326', '1', '0', '0', '0'),
('1091', '4', '400', '1', '0', '0', '0'),
('1092', '4', '402', '1', '0', '0', '0'),
('1093', '4', '327', '1', '0', '0', '0'),
('1094', '4', '404', '1', '0', '0', '0'),
('1095', '4', '406', '1', '0', '0', '0'),
('1096', '4', '408', '1', '0', '0', '0'),
('1097', '4', '328', '1', '0', '0', '0'),
('1098', '4', '409', '1', '0', '0', '0'),
('1099', '4', '411', '1', '1', '1', '1'),
('1100', '4', '412', '1', '0', '0', '0'),
('1101', '4', '207', '1', '0', '0', '0'),
('1102', '4', '201', '1', '0', '0', '0'),
('1103', '4', '211', '1', '0', '0', '0'),
('1104', '4', '267', '1', '0', '0', '0'),
('1105', '4', '116', '1', '0', '0', '0'),
('1106', '4', '251', '1', '0', '0', '0'),
('1107', '4', '414', '1', '1', '1', '1'),
('1108', '4', '415', '1', '1', '1', '1'),
('1109', '4', '416', '1', '1', '1', '1'),
('1110', '4', '417', '1', '1', '1', '1'),
('1111', '1', '423', '1', '1', '1', '1'),
('1179', '5', '420', '1', '1', '1', '1'),
('1180', '5', '328', '1', '1', '1', '1'),
('1181', '5', '409', '1', '1', '1', '1'),
('1182', '5', '410', '1', '1', '1', '1'),
('1183', '5', '412', '1', '1', '1', '1'),
('1184', '5', '414', '1', '1', '1', '1'),
('1185', '5', '415', '1', '1', '1', '1'),
('1186', '5', '416', '1', '1', '1', '1'),
('1187', '5', '417', '1', '1', '1', '1'),
('1424', '2', '199', '1', '1', '1', '1'),
('1425', '2', '335', '1', '0', '0', '0'),
('1426', '2', '336', '1', '0', '0', '0'),
('1427', '2', '420', '1', '1', '1', '1'),
('1428', '2', '325', '1', '0', '0', '0'),
('1429', '2', '326', '1', '0', '0', '0'),
('1430', '2', '400', '1', '0', '0', '0'),
('1431', '2', '401', '1', '0', '0', '0'),
('1432', '2', '402', '1', '0', '0', '0'),
('1433', '2', '327', '1', '0', '0', '0'),
('1434', '2', '404', '1', '0', '0', '0'),
('1435', '2', '405', '1', '0', '0', '0'),
('1436', '2', '406', '1', '0', '0', '0'),
('1437', '2', '328', '1', '1', '1', '1'),
('1438', '2', '408', '1', '1', '1', '1'),
('1439', '2', '409', '1', '1', '1', '1'),
('1440', '2', '410', '1', '1', '1', '1'),
('1441', '2', '411', '1', '1', '1', '1'),
('1442', '2', '412', '1', '1', '1', '1'),
('1443', '2', '220', '1', '1', '1', '1'),
('1444', '2', '222', '1', '0', '0', '0'),
('1445', '2', '221', '1', '0', '0', '0'),
('1446', '2', '267', '1', '0', '0', '0'),
('1447', '2', '251', '1', '0', '0', '0'),
('1448', '2', '414', '1', '1', '1', '1'),
('1449', '2', '415', '1', '1', '1', '1'),
('1450', '2', '416', '1', '1', '1', '1'),
('1451', '2', '417', '1', '1', '1', '1'),
('1452', '1', '424', '1', '0', '0', '0');

DROP TABLE IF EXISTS `roles`;
CREATE TABLE `roles` (
  `id` int(11) NOT NULL AUTO_INCREMENT,
  `role_name` varchar(50) DEFAULT NULL,
  `is_ka_unit` tinyint(1) DEFAULT 0,
  `unit_id` int(11) DEFAULT NULL,
  `description` text DEFAULT NULL,
  `landing_page` varchar(100) DEFAULT 'dashboard',
  PRIMARY KEY (`id`),
  UNIQUE KEY `role_name` (`role_name`)
) ENGINE=InnoDB AUTO_INCREMENT=6 DEFAULT CHARSET=utf8mb4 COLLATE=utf8mb4_general_ci;

INSERT INTO `roles` VALUES 
('1', 'Superadmin', '0', NULL, NULL, 'dashboard'),
('2', 'Kepala BAUK', '1', '3', NULL, 'dashboard'),
('3', 'Admin', '0', NULL, NULL, 'dashboard'),
('4', 'PIMPINAN', '0', NULL, NULL, 'dashboard'),
('5', 'Kepala BAAK', '1', '2', NULL, 'dashboard');

DROP TABLE IF EXISTS `setting_akun_default`;
CREATE TABLE `setting_akun_default` (
  `id` int(11) NOT NULL AUTO_INCREMENT,
  `campus_id` int(11) DEFAULT 1,
  `kode_setting` varchar(50) NOT NULL,
  `nama_setting` varchar(100) NOT NULL,
  `coa_id` int(11) DEFAULT NULL,
  `kategori` varchar(50) DEFAULT NULL,
  `keterangan` text DEFAULT NULL,
  `updated_at` timestamp NOT NULL DEFAULT current_timestamp() ON UPDATE current_timestamp(),
  PRIMARY KEY (`id`),
  UNIQUE KEY `kode_setting` (`kode_setting`)
) ENGINE=InnoDB AUTO_INCREMENT=24 DEFAULT CHARSET=utf8mb4 COLLATE=utf8mb4_general_ci;

INSERT INTO `setting_akun_default` VALUES 
('1', '1', 'KAS_UTAMA', 'Kas Utama (Tunai)', NULL, 'Kas & Bank', 'Default penerimaan tunai di kasir.', '2026-01-23 17:43:21'),
('2', '1', 'BANK_OPS', 'Bank Operasional', NULL, 'Kas & Bank', 'Default penerimaan via transfer bank.', '2026-01-23 17:43:21'),
('3', '1', 'KAS_KECIL', 'Kas Kecil', NULL, 'Kas & Bank', 'Default pengeluaran operasional kecil.', '2026-01-23 17:43:21'),
('4', '1', 'PIUTANG_MHS', 'Piutang Mahasiswa', '11', 'Piutang & Pendapatan', 'Akun penampung tagihan mahasiswa (COA 1103).', '2026-01-23 19:03:47'),
('6', '1', 'PEND_LAIN', 'Pendapatan Non-Akademik', NULL, 'Piutang & Pendapatan', 'Untuk denda, sertifikat, dan lain-lain.', '2026-01-23 17:43:21'),
('7', '1', 'BEBAN_GAJI', 'Beban Gaji & Upah', NULL, 'Beban', 'Default saat posting payroll pegawai.', '2026-01-23 17:43:21'),
('8', '1', 'BEBAN_OPS', 'Beban Operasional', NULL, 'Beban', 'Default untuk ATK, Listrik, dan Air.', '2026-01-23 17:43:21'),
('9', '1', 'HUTANG_USAHA', 'Hutang Usaha (Vendor)', NULL, 'Kewajiban', 'Default untuk transaksi pembelian kredit.', '2026-01-23 17:43:21'),
('10', '1', 'HUTANG_GAJI', 'Hutang Gaji', NULL, 'Kewajiban', 'Akun akrual gaji sebelum dibayarkan.', '2026-01-23 17:43:21'),
('11', '1', 'MODAL_AWAL', 'Modal Awal / Aset Neto', NULL, 'Ekuitas', 'Akun penyeimbang saldo awal migrasi.', '2026-01-23 17:43:21'),
('12', '1', 'SURPLUS_DEFISIT', 'Surplus / Defisit Periode', NULL, 'Ekuitas', 'Akun penampung laba rugi tahun berjalan.', '2026-01-23 17:43:21'),
('13', '1', 'PEND_BOP', 'Penerimaan BOP tanpa tagihan', NULL, 'Piutang & Pendapatan', 'Digunakan untuk pembayaran semesteran mahasiswa.', '2026-01-24 07:30:32'),
('14', '1', 'PEND_FORMULIR', 'Penerimaan Biaya Formulir', NULL, 'Piutang & Pendapatan', 'Digunakan untuk pendaftaran mahasiswa baru.', '2026-01-23 18:42:54'),
('15', '1', 'PEND_IJAZAH', 'Penerimaan Biaya Ijazah', NULL, 'Piutang & Pendapatan', 'Digunakan untuk pengambilan ijazah/wisuda.', '2026-01-23 18:42:54'),
('16', '1', 'BANK_CHARGES', 'Biaya Admin & Pajak Bank', NULL, 'Beban', 'Mencatat potongan admin bulanan di mutasi bank.', '2026-01-23 18:42:54'),
('17', '1', 'BEBAN_HONOR', 'Pembayaran Honorarium Tim', NULL, 'Beban', 'Digunakan untuk honor panitia/tim kampus.', '2026-01-23 18:42:54'),
('18', '1', 'EXP_PRAKTIK', 'Biaya Praktik Klinik (RS/Puskesmas)', '32', 'Beban', 'Tagihan praktik mahasiswa ke RSUD/Puskesmas.', '2026-01-23 19:03:16'),
('19', '1', 'EXP_MAINTENANCE', 'Biaya Perbaikan Gedung/AC', NULL, 'Beban', 'Pemeliharaan AC, Listrik, Sarana kampus.', '2026-01-23 18:42:54'),
('20', '1', 'EXP_SUPPLIES', 'Biaya ATK & Logistik Kantor', NULL, 'Beban', 'Pembelian tinta, kertas, amplop, dll.', '2026-01-23 18:42:54'),
('21', '1', 'EXP_CONSUMPTION', 'Biaya Konsumsi & Kegiatan', NULL, 'Beban', 'Makanan rapat, akreditasi, karangan bunga.', '2026-01-23 18:42:54'),
('22', '1', 'EXP_TRANSPORT', 'Biaya BBM & Transportasi', NULL, 'Beban', 'Pengisian BBM motor operasional.', '2026-01-23 18:42:54'),
('23', '1', 'EXP_PROFESSIONAL', 'Biaya Audit & Jasa Luar', NULL, 'Beban', 'Pembayaran jasa audit eksternal/konsultan.', '2026-01-23 18:42:54');

DROP TABLE IF EXISTS `syifa_akun`;
CREATE TABLE `syifa_akun` (
  `id` int(11) NOT NULL AUTO_INCREMENT,
  `uuid` char(36) DEFAULT NULL,
  `kode_akun` varchar(20) NOT NULL,
  `nama_akun` varchar(100) NOT NULL,
  `logo_bank` varchar(255) DEFAULT NULL,
  `parent_kode` varchar(20) DEFAULT NULL COMMENT 'Kode Induk',
  `level` int(11) NOT NULL DEFAULT 1 COMMENT '1=Root, 2=Sub, 3=Detail',
  `is_group` tinyint(1) NOT NULL DEFAULT 0 COMMENT '1=Grup, 0=Detail',
  `is_restricted` tinyint(1) DEFAULT 0,
  `aset_neto_type` enum('TANPA_PEMBATASAN','DENGAN_PEMBATASAN') DEFAULT NULL,
  `kategori` enum('Aset','Liabilitas','Aset Neto','Pendapatan','Beban') NOT NULL,
  `akun_tipe_laporan` enum('OPERASIONAL','NON_OPERASIONAL','NERACA','SYSTEM') DEFAULT 'OPERASIONAL',
  `sub_kategori` varchar(50) NOT NULL COMMENT 'Detail grouping untuk Neraca',
  `jenis_dana` enum('Tanpa Pembatasan','Dengan Pembatasan') NOT NULL DEFAULT 'Tanpa Pembatasan' COMMENT 'Atribut Wajib ISAK 35',
  `cashflow_type` enum('None','Operasional','Investasi','Pendanaan') DEFAULT 'None',
  `is_cash_account` tinyint(1) DEFAULT 0,
  `is_budget_account` tinyint(1) DEFAULT 0,
  `is_student_related` tinyint(1) DEFAULT 0,
  `is_salary_related` tinyint(1) DEFAULT 0,
  `is_asset_related` tinyint(1) DEFAULT 0,
  `saldo_normal` enum('D','K') NOT NULL COMMENT 'D=Debit, K=Kredit',
  `opening_balance` decimal(15,2) DEFAULT 0.00,
  `cash_flow_category` varchar(50) DEFAULT 'NONE',
  `is_active` tinyint(1) DEFAULT 1,
  `laporan_aktivitas` tinyint(1) DEFAULT 1,
  `normal_balance` enum('DEBIT','KREDIT') NOT NULL DEFAULT 'DEBIT',
  `report_group` enum('POSISI_KEUANGAN','AKTIVITAS','ASET_NETO_TANPA_RESTRIKSI','ASET_NETO_DENGAN_RESTRIKSI') DEFAULT NULL,
  `is_system_lock` tinyint(1) DEFAULT 0,
  `allow_posting` tinyint(1) DEFAULT 1,
  `cashflow_group` enum('OPERASI','INVESTASI','PENDANAAN') DEFAULT NULL,
  `flow_type` enum('inflow','outflow','both','adjustment') DEFAULT 'both',
  PRIMARY KEY (`id`),
  UNIQUE KEY `idx_unique_coa_kode` (`kode_akun`),
  UNIQUE KEY `idx_uuid` (`uuid`),
  KEY `idx_parent` (`parent_kode`),
  KEY `idx_cash_flow` (`cash_flow_category`)
) ENGINE=InnoDB AUTO_INCREMENT=144 DEFAULT CHARSET=utf8mb4 COLLATE=utf8mb4_general_ci;

INSERT INTO `syifa_akun` VALUES 
('5', 'd81e2b94-13a2-11f1-a9e8-b46921db01a4', '1-1100', 'Kas dan Bank', NULL, '1-1000', '3', '1', '0', NULL, 'Aset', 'NERACA', '', 'Tanpa Pembatasan', 'None', '1', '0', '0', '0', '0', 'D', '0.00', NULL, '1', '0', 'DEBIT', '', '0', '0', NULL, 'both'),
('6', 'd81f9d49-13a2-11f1-a9e8-b46921db01a4', '1-1101', 'Kas Bendahara', NULL, '1-1100', '4', '0', '0', NULL, 'Aset', 'NERACA', '', 'Tanpa Pembatasan', 'None', '1', '0', '0', '0', '0', 'D', '0.00', NULL, '1', '0', 'DEBIT', '', '0', '1', NULL, 'both'),
('7', 'd81f9f8f-13a2-11f1-a9e8-b46921db01a4', '1-1102', 'Bank BNI', NULL, '1-1100', '4', '0', '0', NULL, 'Aset', 'NERACA', '', 'Tanpa Pembatasan', 'None', '1', '0', '0', '0', '0', 'D', '10000000.00', 'NONE', '1', '0', 'DEBIT', '', '0', '1', NULL, 'both'),
('8', 'd81fa071-13a2-11f1-a9e8-b46921db01a4', '1-1103', 'Bank Permata', NULL, '1-1100', '1', '0', '0', NULL, 'Aset', 'NERACA', 'Kas & Setara Kas', 'Tanpa Pembatasan', 'None', '1', '0', '0', '0', '0', 'D', '10000000.00', NULL, '1', '0', 'DEBIT', '', '0', '1', NULL, 'both'),
('9', 'd81fa150-13a2-11f1-a9e8-b46921db01a4', '1-1104', 'Bank Syariah Indonsia', NULL, '1-1100', '1', '0', '0', NULL, 'Aset', 'NERACA', '', 'Tanpa Pembatasan', 'None', '1', '0', '0', '0', '0', 'D', '0.00', 'NONE', '1', '0', 'DEBIT', '', '0', '1', NULL, 'both'),
('10', 'd81fa4b7-13a2-11f1-a9e8-b46921db01a4', '1-2101', 'Asset Tetap', NULL, '1-2100', '1', '0', '0', NULL, 'Aset', 'NERACA', 'Aset Tetap', 'Tanpa Pembatasan', 'None', '0', '0', '0', '0', '0', 'D', '0.00', NULL, '1', '0', 'DEBIT', '', '0', '1', NULL, 'both'),
('11', 'd81fa609-13a2-11f1-a9e8-b46921db01a4', '1-1201', 'Piutang Pendidikan', NULL, '1-1200', '1', '0', '0', NULL, 'Aset', 'NERACA', '', 'Tanpa Pembatasan', 'None', '0', '0', '0', '0', '0', 'D', '20000000.00', NULL, '1', '0', 'DEBIT', '', '0', '1', NULL, 'both'),
('13', 'd81fa6e7-13a2-11f1-a9e8-b46921db01a4', '2-1000', 'Kewajiban Jangka Pendek', NULL, NULL, '1', '1', '0', NULL, 'Liabilitas', 'NERACA', '', 'Tanpa Pembatasan', 'None', '0', '0', '0', '0', '0', 'D', '0.00', NULL, '1', '0', 'KREDIT', '', '0', '0', NULL, 'both'),
('14', 'd81fa7b8-13a2-11f1-a9e8-b46921db01a4', '2-1101', 'Utang Gaji', NULL, '2-1100', '1', '0', '0', NULL, 'Liabilitas', 'NERACA', '', 'Tanpa Pembatasan', 'None', '0', '0', '0', '0', '0', 'K', '0.00', 'NONE', '1', '0', 'KREDIT', '', '0', '1', NULL, 'both'),
('15', 'd81fa880-13a2-11f1-a9e8-b46921db01a4', '3', 'ASET NETO', NULL, NULL, '1', '1', '0', NULL, 'Aset Neto', 'NERACA', '', 'Tanpa Pembatasan', 'None', '0', '0', '0', '0', '0', 'K', '0.00', 'NONE', '1', '0', 'KREDIT', 'POSISI_KEUANGAN', '0', '0', NULL, 'both'),
('16', 'd81fa9ae-13a2-11f1-a9e8-b46921db01a4', '3-1001', 'Aset Neto Tanpa Pembatasan', NULL, NULL, '1', '0', '0', NULL, 'Aset Neto', 'NERACA', 'Ekuitas', 'Tanpa Pembatasan', 'None', '0', '0', '0', '0', '0', 'K', '85500000.00', 'NONE', '1', '0', 'KREDIT', '', '0', '1', NULL, 'both'),
('17', 'd81faa91-13a2-11f1-a9e8-b46921db01a4', '3-2001', 'Aset Neto Terikat Permanen', NULL, NULL, '1', '0', '1', 'DENGAN_PEMBATASAN', 'Aset Neto', 'NERACA', 'Ekuitas', 'Dengan Pembatasan', 'None', '0', '0', '0', '0', '0', 'K', '0.00', 'NONE', '1', '0', 'KREDIT', '', '0', '1', NULL, 'both'),
('18', 'd81fab78-13a2-11f1-a9e8-b46921db01a4', '4-1000', 'Pendapatan Pendidikan', NULL, NULL, '1', '1', '0', NULL, 'Pendapatan', 'OPERASIONAL', '', 'Tanpa Pembatasan', 'None', '0', '0', '0', '0', '0', 'K', '0.00', NULL, '1', '1', 'KREDIT', '', '0', '0', NULL, 'both'),
('22', 'd81fac40-13a2-11f1-a9e8-b46921db01a4', '4-1001', 'Biaya Operasional Pendidikan (BOP)', NULL, '4-1000', '1', '0', '0', NULL, 'Pendapatan', 'OPERASIONAL', 'Pendapatan Akademik', 'Tanpa Pembatasan', 'None', '0', '0', '0', '0', '0', 'K', '0.00', NULL, '1', '1', 'KREDIT', '', '0', '1', NULL, 'both'),
('23', 'd81fad08-13a2-11f1-a9e8-b46921db01a4', '4-2001', 'Hibah Penelitian (Terikat)', NULL, '4-2000', '1', '0', '1', 'DENGAN_PEMBATASAN', 'Pendapatan', 'OPERASIONAL', 'Pendapatan Hibah', 'Dengan Pembatasan', 'None', '0', '0', '0', '0', '0', 'K', '0.00', 'Finansial', '1', '1', 'KREDIT', '', '0', '1', NULL, 'both'),
('24', 'd81fadcb-13a2-11f1-a9e8-b46921db01a4', '4-2002', 'Donasi/Sumbangan', NULL, '4-2000', '1', '0', '0', NULL, 'Pendapatan', 'OPERASIONAL', '', 'Tanpa Pembatasan', 'None', '0', '0', '0', '0', '0', 'K', '0.00', 'Finansial', '1', '1', 'KREDIT', '', '0', '1', NULL, 'both'),
('26', 'd81fae8a-13a2-11f1-a9e8-b46921db01a4', '5-1001', 'Beban Gaji', NULL, '5-1000', '1', '0', '0', NULL, 'Beban', 'OPERASIONAL', 'Beban Program', 'Tanpa Pembatasan', 'None', '0', '0', '0', '0', '0', 'D', '0.00', NULL, '1', '1', 'DEBIT', '', '0', '1', NULL, 'both'),
('27', 'd81faf4e-13a2-11f1-a9e8-b46921db01a4', '5-3001', 'Beban Penelitian Hibah', NULL, '5-3000', '1', '0', '1', 'DENGAN_PEMBATASAN', 'Beban', 'OPERASIONAL', 'Beban Program', 'Dengan Pembatasan', 'None', '0', '0', '0', '0', '0', 'D', '0.00', 'NONE', '1', '1', 'DEBIT', '', '0', '1', NULL, 'both'),
('28', 'd81fb05d-13a2-11f1-a9e8-b46921db01a4', '4-2003', 'Lembaga/Badan Usaha Dalam Neger', NULL, '4-2000', '1', '0', '0', NULL, 'Pendapatan', 'OPERASIONAL', '', 'Tanpa Pembatasan', 'None', '0', '0', '0', '0', '0', 'K', '0.00', NULL, '1', '1', 'KREDIT', '', '0', '1', NULL, 'both'),
('29', 'd81fb113-13a2-11f1-a9e8-b46921db01a4', '4-2004', 'Lembaga/Badan Usaha Luar Negeri', NULL, '4-2000', '1', '0', '0', NULL, 'Pendapatan', 'OPERASIONAL', '', 'Tanpa Pembatasan', 'None', '0', '0', '0', '0', '0', 'K', '0.00', NULL, '1', '1', 'KREDIT', '', '0', '1', NULL, 'both'),
('30', 'd81fb1c9-13a2-11f1-a9e8-b46921db01a4', '5-1002', 'Beban Gaji & Upah Karyawan', NULL, '5-1000', '1', '0', '0', NULL, 'Beban', 'OPERASIONAL', '', 'Tanpa Pembatasan', 'None', '0', '0', '0', '0', '0', 'D', '0.00', NULL, '1', '1', 'DEBIT', '', '0', '1', NULL, 'both'),
('31', 'd81fb284-13a2-11f1-a9e8-b46921db01a4', '5-1003', 'Beban Honorarium Tim & Panitia', NULL, '5-1000', '1', '0', '0', NULL, 'Beban', 'OPERASIONAL', '', 'Tanpa Pembatasan', 'None', '0', '0', '0', '0', '0', 'D', '0.00', NULL, '1', '1', 'DEBIT', '', '0', '1', NULL, 'both'),
('32', 'd81fb37d-13a2-11f1-a9e8-b46921db01a4', '5201', 'Beban Praktik Klinik & Lapangan', NULL, NULL, '1', '0', '0', NULL, 'Beban', 'OPERASIONAL', '', 'Tanpa Pembatasan', 'None', '0', '0', '0', '0', '0', 'D', '0.00', 'NONE', '1', '1', 'DEBIT', '', '0', '1', NULL, 'both'),
('33', 'd81fb449-13a2-11f1-a9e8-b46921db01a4', '5202', 'Beban Laboratorium & Ujian', NULL, NULL, '1', '0', '0', NULL, 'Beban', 'OPERASIONAL', '', 'Tanpa Pembatasan', 'None', '0', '0', '0', '0', '0', 'D', '0.00', 'NONE', '1', '1', 'DEBIT', '', '0', '1', NULL, 'both'),
('34', 'd81fb504-13a2-11f1-a9e8-b46921db01a4', '5301', 'Beban Pemeliharaan Sarana & Prasarana', NULL, NULL, '1', '0', '0', NULL, 'Beban', 'OPERASIONAL', '', 'Tanpa Pembatasan', 'None', '0', '0', '0', '0', '0', 'D', '0.00', 'NONE', '1', '1', 'DEBIT', '', '0', '1', NULL, 'both'),
('35', 'd81fb5ba-13a2-11f1-a9e8-b46921db01a4', '5302', 'Beban ATK & Perlengkapan Kantor', NULL, NULL, '1', '0', '0', NULL, 'Beban', 'OPERASIONAL', '', 'Tanpa Pembatasan', 'None', '0', '0', '0', '0', '0', 'D', '0.00', 'NONE', '1', '1', 'DEBIT', '', '0', '1', NULL, 'both'),
('36', 'd81fb675-13a2-11f1-a9e8-b46921db01a4', '5303', 'Beban Konsumsi & Jamuan Tamu', NULL, NULL, '1', '0', '0', NULL, 'Beban', 'OPERASIONAL', '', 'Tanpa Pembatasan', 'None', '0', '0', '0', '0', '0', 'D', '0.00', 'NONE', '1', '1', 'DEBIT', '', '0', '1', NULL, 'both'),
('37', 'd81fb72b-13a2-11f1-a9e8-b46921db01a4', '5304', 'Beban Transportasi & BBM Motor', NULL, NULL, '1', '0', '0', NULL, 'Beban', 'OPERASIONAL', '', 'Tanpa Pembatasan', 'None', '0', '0', '0', '0', '0', 'D', '0.00', 'NONE', '1', '1', 'DEBIT', '', '0', '1', NULL, 'both'),
('38', 'd81fb7e1-13a2-11f1-a9e8-b46921db01a4', '5305', 'Beban Jasa Audit & Profesional', NULL, NULL, '1', '0', '0', NULL, 'Beban', 'OPERASIONAL', '', 'Tanpa Pembatasan', 'None', '0', '0', '0', '0', '0', 'D', '0.00', 'NONE', '1', '1', 'DEBIT', '', '0', '1', NULL, 'both'),
('39', 'd81fb898-13a2-11f1-a9e8-b46921db01a4', '5306', 'Beban Keperluan Rumah Tangga & RT', NULL, NULL, '1', '0', '0', NULL, 'Beban', 'OPERASIONAL', '', 'Tanpa Pembatasan', 'None', '0', '0', '0', '0', '0', 'D', '0.00', 'NONE', '1', '1', 'DEBIT', '', '0', '1', NULL, 'both'),
('40', 'd81fb952-13a2-11f1-a9e8-b46921db01a4', '5307', 'Beban Administrasi Bank & Pajak Bunga', NULL, NULL, '1', '0', '0', NULL, 'Beban', 'OPERASIONAL', '', 'Tanpa Pembatasan', 'None', '1', '0', '0', '0', '0', 'D', '0.00', 'NONE', '1', '1', 'DEBIT', '', '0', '1', NULL, 'both'),
('55', 'd81fba0d-13a2-11f1-a9e8-b46921db01a4', '31', 'Aset Neto Tidak Terikat', NULL, '3', '1', '1', '1', 'DENGAN_PEMBATASAN', 'Aset Neto', 'NERACA', '', 'Tanpa Pembatasan', 'None', '0', '0', '0', '0', '0', 'K', '0.00', 'NONE', '1', '0', 'KREDIT', 'POSISI_KEUANGAN', '0', '0', NULL, 'both'),
('56', 'd81fbad1-13a2-11f1-a9e8-b46921db01a4', '3101', 'Saldo Awal Modal', NULL, '31', '1', '0', '0', NULL, 'Aset Neto', 'NERACA', '', 'Tanpa Pembatasan', 'None', '0', '0', '0', '0', '0', 'K', '0.00', 'NONE', '1', '0', 'KREDIT', '', '0', '1', NULL, 'both'),
('60', 'd81fbb94-13a2-11f1-a9e8-b46921db01a4', '4-1002', 'Biaya Pengembangan dan Operasional pendidikan Kelas RPL', NULL, '4-1000', '1', '0', '0', NULL, 'Pendapatan', 'OPERASIONAL', '', 'Tanpa Pembatasan', 'None', '0', '0', '0', '0', '0', 'K', '0.00', NULL, '1', '1', 'KREDIT', '', '0', '1', NULL, 'both'),
('61', 'd81fbc8d-13a2-11f1-a9e8-b46921db01a4', '4-1003', 'BOP Mahasiswa KIP', NULL, '4-1000', '1', '0', '0', NULL, 'Pendapatan', 'OPERASIONAL', '', 'Tanpa Pembatasan', 'None', '0', '0', '0', '0', '0', 'K', '0.00', NULL, '1', '1', 'KREDIT', '', '0', '1', NULL, 'both'),
('62', 'd81fbd55-13a2-11f1-a9e8-b46921db01a4', '4-1010', 'Pendaftaran Skripsi', NULL, '4-1000', '1', '0', '0', NULL, 'Pendapatan', 'OPERASIONAL', '', 'Tanpa Pembatasan', 'None', '0', '0', '0', '0', '0', 'K', '0.00', NULL, '1', '1', 'KREDIT', '', '0', '1', NULL, 'both'),
('63', 'd81fbe0b-13a2-11f1-a9e8-b46921db01a4', '4-1005', 'Pendaftaran Try Out UKOM', NULL, '4-1000', '1', '0', '0', NULL, 'Pendapatan', 'OPERASIONAL', '', 'Tanpa Pembatasan', 'None', '0', '0', '0', '0', '0', 'K', '0.00', NULL, '1', '1', 'KREDIT', '', '0', '1', NULL, 'both'),
('64', 'd81fbec6-13a2-11f1-a9e8-b46921db01a4', '4-1004', 'Biaya Pengembangan', NULL, '4-1000', '1', '0', '0', NULL, 'Pendapatan', 'OPERASIONAL', '', 'Tanpa Pembatasan', 'None', '0', '0', '0', '0', '0', 'K', '0.00', NULL, '1', '1', 'KREDIT', '', '0', '1', NULL, 'both'),
('65', 'd81fbf7c-13a2-11f1-a9e8-b46921db01a4', '4-1006', 'Uang Wisuda', NULL, '4-1000', '1', '0', '0', NULL, 'Pendapatan', 'OPERASIONAL', '', 'Tanpa Pembatasan', 'None', '0', '0', '0', '0', '0', 'K', '0.00', NULL, '1', '1', 'KREDIT', '', '0', '1', NULL, 'both'),
('66', 'd81fc03b-13a2-11f1-a9e8-b46921db01a4', '4-1007', 'Uang Yudisium', NULL, '4-1000', '1', '0', '0', NULL, 'Pendapatan', 'OPERASIONAL', '', 'Tanpa Pembatasan', 'None', '0', '0', '0', '0', '0', 'K', '0.00', NULL, '1', '1', 'KREDIT', '', '0', '1', NULL, 'both'),
('67', 'd81fc0f1-13a2-11f1-a9e8-b46921db01a4', '4-1008', 'Formulir Pendaftaran Maba', NULL, '4-1000', '1', '0', '0', NULL, 'Pendapatan', 'OPERASIONAL', '', 'Tanpa Pembatasan', 'None', '0', '0', '0', '0', '0', 'K', '0.00', NULL, '1', '1', 'KREDIT', '', '0', '1', NULL, 'both'),
('68', 'd81fc1a8-13a2-11f1-a9e8-b46921db01a4', '4-1009', 'Pendaftaran KTI', NULL, '4-1000', '1', '0', '0', NULL, 'Pendapatan', 'OPERASIONAL', '', 'Tanpa Pembatasan', 'None', '0', '0', '0', '0', '0', 'K', '0.00', NULL, '1', '1', 'KREDIT', '', '0', '1', NULL, 'both'),
('70', 'd81fc25e-13a2-11f1-a9e8-b46921db01a4', '5-1000', 'Biaya Sumber Daya Manusia', NULL, NULL, '1', '1', '0', NULL, 'Beban', 'OPERASIONAL', '', 'Tanpa Pembatasan', 'None', '0', '0', '0', '0', '0', 'D', '0.00', NULL, '1', '1', 'DEBIT', '', '0', '0', NULL, 'both'),
('71', 'd81fc31d-13a2-11f1-a9e8-b46921db01a4', '51010', 'Gaji Pegawai Tetap', NULL, '51', '1', '0', '0', NULL, 'Beban', 'OPERASIONAL', '', 'Tanpa Pembatasan', 'None', '0', '0', '0', '0', '0', 'D', '0.00', 'NONE', '1', '1', 'DEBIT', '', '0', '1', NULL, 'both'),
('72', 'd81fc3dc-13a2-11f1-a9e8-b46921db01a4', '51020', 'Tunjangan Jabatan', NULL, '51', '1', '0', '0', NULL, 'Beban', 'OPERASIONAL', '', 'Tanpa Pembatasan', 'None', '0', '0', '0', '0', '0', 'D', '0.00', 'NONE', '1', '1', 'DEBIT', '', '0', '1', NULL, 'both'),
('73', 'd81fc49b-13a2-11f1-a9e8-b46921db01a4', '51030', 'Honorarium Pengajar', NULL, '51', '1', '0', '0', NULL, 'Beban', 'OPERASIONAL', '', 'Tanpa Pembatasan', 'None', '0', '0', '0', '0', '0', 'D', '0.00', 'NONE', '1', '1', 'DEBIT', '', '0', '1', NULL, 'both'),
('74', 'd81fc57e-13a2-11f1-a9e8-b46921db01a4', '5-3000', 'Biaya Perbaikan dan Pemeliharaan', NULL, NULL, '1', '1', '0', NULL, 'Beban', 'OPERASIONAL', '', 'Tanpa Pembatasan', 'None', '0', '0', '0', '0', '0', 'D', '0.00', 'NONE', '1', '1', 'DEBIT', '', '0', '0', NULL, 'both'),
('75', 'd81fc639-13a2-11f1-a9e8-b46921db01a4', '54010', 'Biaya Pemeliharaan Gedung', NULL, '54', '1', '0', '0', NULL, 'Beban', 'OPERASIONAL', '', 'Tanpa Pembatasan', 'None', '0', '0', '0', '0', '0', 'D', '0.00', 'NONE', '1', '1', 'DEBIT', '', '0', '1', NULL, 'both'),
('76', 'd81fc6ef-13a2-11f1-a9e8-b46921db01a4', '54020', 'Biaya Pemeliharaan Kendaraan', NULL, '54', '1', '0', '0', NULL, 'Beban', 'OPERASIONAL', '', 'Tanpa Pembatasan', 'None', '0', '0', '0', '0', '0', 'D', '0.00', 'NONE', '1', '1', 'DEBIT', '', '0', '1', NULL, 'both'),
('77', 'd81fc7a9-13a2-11f1-a9e8-b46921db01a4', '54030', 'Biaya Pemeliharaan Inventaris Kantor', NULL, '54', '1', '0', '0', NULL, 'Beban', 'OPERASIONAL', '', 'Tanpa Pembatasan', 'None', '0', '0', '0', '0', '0', 'D', '0.00', 'NONE', '1', '1', 'DEBIT', '', '0', '1', NULL, 'both'),
('78', 'd81fc85b-13a2-11f1-a9e8-b46921db01a4', '55', 'Biaya Penyusutan & Amortisasi', NULL, NULL, '1', '1', '0', NULL, 'Beban', 'OPERASIONAL', '', 'Tanpa Pembatasan', 'None', '0', '0', '0', '0', '0', 'D', '0.00', NULL, '1', '1', 'DEBIT', '', '0', '0', NULL, 'both'),
('79', 'd81fd04a-13a2-11f1-a9e8-b46921db01a4', '55010', 'Penyusutan Aset Tetap', NULL, '55', '1', '0', '0', NULL, 'Beban', 'OPERASIONAL', '', 'Tanpa Pembatasan', 'None', '0', '0', '0', '0', '0', 'D', '0.00', 'NONE', '1', '1', 'DEBIT', '', '0', '1', NULL, 'both'),
('80', 'd81fd136-13a2-11f1-a9e8-b46921db01a4', '55020', 'Amortisasi Aset Tak Berwujud', NULL, '55', '1', '0', '0', NULL, 'Beban', 'OPERASIONAL', '', 'Tanpa Pembatasan', 'None', '0', '0', '0', '0', '0', 'D', '0.00', 'NONE', '1', '1', 'DEBIT', '', '0', '1', NULL, 'both'),
('81', 'd81fd1ec-13a2-11f1-a9e8-b46921db01a4', '5-6000', 'Biaya Luar Usaha & Administrasi', NULL, NULL, '1', '1', '0', NULL, 'Beban', 'OPERASIONAL', '', 'Tanpa Pembatasan', 'None', '0', '0', '0', '0', '0', 'D', '0.00', 'NONE', '1', '1', 'DEBIT', '', '0', '0', NULL, 'both'),
('82', 'd81fd2a7-13a2-11f1-a9e8-b46921db01a4', '56010', 'Biaya Administrasi Bank', NULL, NULL, '1', '0', '0', NULL, 'Beban', 'OPERASIONAL', '', 'Tanpa Pembatasan', 'None', '1', '0', '0', '0', '0', 'D', '0.00', 'NONE', '1', '1', 'DEBIT', '', '0', '1', NULL, 'both'),
('83', 'd81fd35d-13a2-11f1-a9e8-b46921db01a4', '56020', 'Pajak Jasa Giro / Bunga', NULL, '56', '1', '0', '0', NULL, 'Beban', 'OPERASIONAL', '', 'Tanpa Pembatasan', 'None', '0', '0', '0', '0', '0', 'D', '0.00', 'NONE', '1', '1', 'DEBIT', '', '0', '1', NULL, 'both'),
('84', 'd81fd413-13a2-11f1-a9e8-b46921db01a4', '56030', 'Biaya Pelaksanaan MILAD', NULL, '56', '1', '0', '0', NULL, 'Beban', 'OPERASIONAL', '', 'Tanpa Pembatasan', 'None', '0', '0', '0', '0', '0', 'D', '0.00', 'NONE', '1', '1', 'DEBIT', '', '0', '1', NULL, 'both'),
('87', 'd81fd4ce-13a2-11f1-a9e8-b46921db01a4', '1-1000', 'Asset Lancar', NULL, NULL, '1', '1', '0', NULL, 'Aset', 'NERACA', '', 'Tanpa Pembatasan', 'None', '0', '0', '0', '0', '0', 'D', '0.00', NULL, '1', '0', 'DEBIT', '', '0', '0', NULL, 'both'),
('88', 'd81fd5c2-13a2-11f1-a9e8-b46921db01a4', '1-1200', 'Piutang Usaha', NULL, '1-1000', '1', '1', '0', NULL, 'Aset', 'NERACA', '', 'Tanpa Pembatasan', 'None', '0', '0', '0', '0', '0', 'D', '0.00', 'OPERATING', '1', '0', 'DEBIT', '', '0', '0', NULL, 'both'),
('89', 'd81fd686-13a2-11f1-a9e8-b46921db01a4', '1-1202', 'Piutang Rumah Sakit Yarsi', NULL, '1-1200', '1', '0', '0', NULL, 'Aset', 'NERACA', '', 'Tanpa Pembatasan', 'None', '0', '0', '0', '0', '0', 'D', '30000000.00', NULL, '1', '0', 'DEBIT', '', '0', '1', NULL, 'both'),
('90', 'd81fd741-13a2-11f1-a9e8-b46921db01a4', '1-2000', 'Aset Tidak Lancar', NULL, NULL, '1', '1', '0', NULL, 'Aset', 'NERACA', '', 'Tanpa Pembatasan', 'None', '0', '0', '0', '0', '0', 'D', '0.00', NULL, '1', '0', 'DEBIT', '', '0', '0', NULL, 'both'),
('91', 'd81fd7fb-13a2-11f1-a9e8-b46921db01a4', '1-2100', 'Asset Tetap', NULL, '1-2000', '1', '1', '0', NULL, 'Aset', 'NERACA', '', 'Tanpa Pembatasan', 'None', '0', '0', '0', '0', '0', 'D', '0.00', NULL, '1', '0', 'DEBIT', '', '0', '0', NULL, 'both'),
('92', 'd81fd8b6-13a2-11f1-a9e8-b46921db01a4', '1-2102', 'Akumulasi Penyusutan Asset Tetap', NULL, '1-2100', '1', '0', '0', NULL, 'Aset', 'NERACA', '', 'Tanpa Pembatasan', 'None', '0', '0', '0', '0', '0', 'D', '0.00', NULL, '1', '0', 'DEBIT', '', '0', '1', NULL, 'both'),
('93', 'd81fd968-13a2-11f1-a9e8-b46921db01a4', '1-1203', 'Piutang Affiliasi', NULL, '1-1200', '1', '0', '0', NULL, 'Aset', 'NERACA', '', 'Tanpa Pembatasan', 'None', '0', '0', '0', '0', '0', 'D', '0.00', NULL, '1', '0', 'DEBIT', '', '0', '1', NULL, 'both'),
('94', 'd81fda22-13a2-11f1-a9e8-b46921db01a4', '1-1204', 'Piutang Yayasan', NULL, '1-1200', '1', '0', '0', NULL, 'Aset', 'NERACA', '', 'Tanpa Pembatasan', 'None', '0', '0', '0', '0', '0', 'D', '20000000.00', NULL, '1', '0', 'DEBIT', '', '0', '1', NULL, 'both'),
('95', 'd81fdad4-13a2-11f1-a9e8-b46921db01a4', '4-1011', 'Pendaftaran KIAN', NULL, '4-1000', '1', '0', '0', NULL, 'Pendapatan', 'OPERASIONAL', '', 'Tanpa Pembatasan', 'None', '0', '0', '0', '0', '0', 'D', '0.00', 'NONE', '1', '1', 'KREDIT', '', '0', '1', NULL, 'both'),
('96', 'd81fdb8a-13a2-11f1-a9e8-b46921db01a4', '4-1012', 'Pendaftaran UKOM', NULL, '4-1000', '1', '0', '0', NULL, 'Pendapatan', 'OPERASIONAL', '', 'Tanpa Pembatasan', 'None', '0', '0', '0', '0', '0', 'D', '0.00', 'NONE', '1', '1', 'KREDIT', '', '0', '1', NULL, 'both'),
('97', 'd81fdc41-13a2-11f1-a9e8-b46921db01a4', '4-2000', 'Pendapatan Hibah/Sumbangan', NULL, NULL, '1', '1', '1', 'DENGAN_PEMBATASAN', 'Pendapatan', 'OPERASIONAL', '', 'Tanpa Pembatasan', 'None', '0', '0', '0', '0', '0', 'D', '0.00', NULL, '1', '1', 'KREDIT', '', '0', '0', NULL, 'both'),
('98', 'd81fdd00-13a2-11f1-a9e8-b46921db01a4', '4-2006', 'Perorangan Dalam Negeri', NULL, '4-2000', '1', '0', '0', NULL, 'Pendapatan', 'OPERASIONAL', '', 'Tanpa Pembatasan', 'None', '0', '0', '0', '0', '0', 'D', '0.00', 'NONE', '1', '1', 'KREDIT', '', '0', '1', NULL, 'both'),
('99', 'd81fddb6-13a2-11f1-a9e8-b46921db01a4', '4-2005', 'Pemerintah', NULL, '4-2000', '1', '0', '0', NULL, 'Pendapatan', 'OPERASIONAL', '', 'Tanpa Pembatasan', 'None', '0', '0', '0', '0', '0', 'D', '0.00', 'NONE', '1', '1', 'KREDIT', '', '0', '1', NULL, 'both'),
('100', 'd81fde71-13a2-11f1-a9e8-b46921db01a4', '1-2201', 'Asset Tetap Tidak Berwujud', NULL, '1-2200', '1', '0', '0', NULL, 'Aset', 'NERACA', '', 'Tanpa Pembatasan', 'None', '0', '0', '0', '0', '0', 'D', '0.00', NULL, '1', '0', 'DEBIT', '', '0', '1', NULL, 'both'),
('101', 'd81fdf4f-13a2-11f1-a9e8-b46921db01a4', '1-2202', 'Akumulasi Amortisasi Asset Tetap Tak Berwujud', NULL, '1-2200', '1', '0', '0', NULL, 'Aset', 'NERACA', '', 'Tanpa Pembatasan', 'None', '0', '0', '0', '0', '0', 'D', '0.00', NULL, '1', '0', 'DEBIT', '', '0', '1', NULL, 'both'),
('102', 'd81fe009-13a2-11f1-a9e8-b46921db01a4', '1-2200', 'Asset Tidak Berwujud', NULL, '1-2000', '1', '1', '0', NULL, 'Aset', 'NERACA', '', 'Tanpa Pembatasan', 'None', '0', '0', '0', '0', '0', 'D', '0.00', NULL, '1', '0', 'DEBIT', '', '0', '0', NULL, 'both'),
('112', 'd81fe0c0-13a2-11f1-a9e8-b46921db01a4', '2-1100', 'Utang Usaha', NULL, '2-1000', '1', '1', '0', NULL, 'Liabilitas', 'NERACA', '', 'Tanpa Pembatasan', 'None', '0', '0', '0', '0', '0', 'D', '0.00', 'OPERATING', '1', '0', 'KREDIT', '', '0', '0', NULL, 'both'),
('113', 'd81fe17a-13a2-11f1-a9e8-b46921db01a4', '2-2000', 'Utang Pajak', NULL, '2-1000', '1', '1', '0', NULL, 'Liabilitas', 'NERACA', '', 'Tanpa Pembatasan', 'None', '0', '0', '0', '0', '0', 'D', '0.00', 'OPERATING', '1', '0', 'KREDIT', '', '0', '0', NULL, 'both'),
('114', 'd81fe235-13a2-11f1-a9e8-b46921db01a4', '2-2001', 'PPh Pasal 21', NULL, '2-2000', '1', '0', '0', NULL, 'Liabilitas', 'NERACA', '', 'Tanpa Pembatasan', 'None', '0', '0', '0', '0', '0', 'K', '1000000.00', 'OPERATING', '1', '0', 'KREDIT', '', '0', '1', NULL, 'both'),
('115', 'd81fe2f0-13a2-11f1-a9e8-b46921db01a4', '2-2002', 'PPh Pasal 22', NULL, '2-2000', '1', '0', '0', NULL, 'Liabilitas', 'NERACA', '', 'Tanpa Pembatasan', 'None', '0', '0', '0', '0', '0', 'D', '0.00', 'OPERATING', '1', '0', 'KREDIT', '', '0', '1', NULL, 'both'),
('116', 'd81fe3a6-13a2-11f1-a9e8-b46921db01a4', '2-1102', 'Utang BPJS Kesehatan', NULL, '2-1100', '1', '0', '0', NULL, 'Liabilitas', 'NERACA', '', 'Tanpa Pembatasan', 'None', '0', '0', '0', '0', '0', 'K', '1500000.00', 'OPERATING', '1', '0', 'KREDIT', '', '0', '1', NULL, 'both'),
('117', 'd81fe461-13a2-11f1-a9e8-b46921db01a4', '2-1103', 'Utang BPJS Ketenagakerjaan', NULL, '2-1100', '1', '0', '0', NULL, 'Liabilitas', 'NERACA', '', 'Tanpa Pembatasan', 'None', '0', '0', '0', '0', '0', 'K', '2000000.00', 'OPERATING', '1', '0', 'KREDIT', '', '0', '1', NULL, 'both'),
('118', 'd81fe50e-13a2-11f1-a9e8-b46921db01a4', '5-2000', 'Anggaran Belanja Operasional Program Lembaga/Bagian/Unit Kerja', NULL, NULL, '1', '1', '0', NULL, 'Beban', 'OPERASIONAL', '', 'Tanpa Pembatasan', 'None', '0', '0', '0', '0', '0', 'D', '0.00', 'NONE', '1', '1', 'DEBIT', '', '0', '0', NULL, 'both'),
('119', 'd81fe5c9-13a2-11f1-a9e8-b46921db01a4', '5-2001', 'BAAK (Bagian Administrasi Akademik dan Kemahasiswaan)', NULL, '5-2000', '1', '0', '0', NULL, 'Beban', 'OPERASIONAL', '', 'Tanpa Pembatasan', 'None', '0', '0', '0', '0', '0', 'D', '0.00', 'OPERATING', '1', '1', 'DEBIT', '', '0', '1', NULL, 'both'),
('120', 'd81fe683-13a2-11f1-a9e8-b46921db01a4', '5-2002', 'BAUK (Bagian Administrasi Umum, Keuangan dan Kepegawaian)', NULL, '5-2000', '1', '0', '0', NULL, 'Beban', 'OPERASIONAL', '', 'Tanpa Pembatasan', 'None', '0', '0', '0', '0', '0', 'D', '0.00', 'OPERATING', '1', '1', 'DEBIT', '', '0', '1', NULL, 'both'),
('121', 'd81fe735-13a2-11f1-a9e8-b46921db01a4', '5-2007', 'Program Studi D3 Keperawatan', NULL, '5-2000', '1', '0', '0', NULL, 'Beban', 'OPERASIONAL', '', 'Tanpa Pembatasan', 'None', '0', '0', '0', '0', '0', 'D', '0.00', 'OPERATING', '1', '1', 'DEBIT', '', '0', '1', NULL, 'both'),
('122', 'd821c657-13a2-11f1-a9e8-b46921db01a4', '5-2003', 'Lembaga Penjamin Mutu', NULL, '5-2000', '1', '0', '0', NULL, 'Beban', 'OPERASIONAL', '', 'Tanpa Pembatasan', 'None', '0', '0', '0', '0', '0', 'D', '0.00', 'OPERATING', '1', '1', 'DEBIT', '', '0', '1', NULL, 'both'),
('123', 'd821c8b3-13a2-11f1-a9e8-b46921db01a4', '5-2004', 'Program LP4KM', NULL, '5-2000', '1', '0', '0', NULL, 'Beban', 'OPERASIONAL', '', 'Tanpa Pembatasan', 'None', '0', '0', '0', '0', '0', 'D', '0.00', 'OPERATING', '1', '1', 'DEBIT', '', '0', '1', NULL, 'both'),
('124', 'd821c9ea-13a2-11f1-a9e8-b46921db01a4', '5-2005', 'Unit Humas dan Kerjasama', NULL, '5-2000', '1', '0', '0', NULL, 'Beban', 'OPERASIONAL', '', 'Tanpa Pembatasan', 'None', '0', '0', '0', '0', '0', 'D', '0.00', 'OPERATING', '1', '1', 'DEBIT', '', '0', '1', NULL, 'both'),
('125', 'd821cfda-13a2-11f1-a9e8-b46921db01a4', '5-2006', 'Program Studi Ners', NULL, '5-2000', '1', '0', '0', NULL, 'Beban', 'OPERASIONAL', '', 'Tanpa Pembatasan', 'None', '0', '0', '0', '0', '0', 'D', '0.00', 'OPERATING', '1', '1', 'DEBIT', '', '0', '1', NULL, 'both'),
('126', 'd821d0b9-13a2-11f1-a9e8-b46921db01a4', '5-2008', 'Program Kelas Karyawan', NULL, '5-2000', '1', '0', '0', NULL, 'Beban', 'OPERASIONAL', '', 'Tanpa Pembatasan', 'None', '0', '0', '0', '0', '0', 'D', '0.00', 'OPERATING', '1', '1', 'DEBIT', '', '0', '1', NULL, 'both'),
('127', 'd821d16f-13a2-11f1-a9e8-b46921db01a4', '5-2009', 'Unit Perpustakaan', NULL, '5-2000', '1', '0', '0', NULL, 'Beban', 'OPERASIONAL', '', 'Tanpa Pembatasan', 'None', '0', '0', '0', '0', '0', 'D', '0.00', 'OPERATING', '1', '1', 'DEBIT', '', '0', '1', NULL, 'both'),
('128', 'd821d22e-13a2-11f1-a9e8-b46921db01a4', '5-2010', 'Unit Laboratorium', NULL, '5-2000', '1', '0', '0', NULL, 'Beban', 'OPERASIONAL', '', 'Tanpa Pembatasan', 'None', '0', '0', '0', '0', '0', 'D', '0.00', 'OPERATING', '1', '1', 'DEBIT', '', '0', '1', NULL, 'both'),
('129', 'd821d2e4-13a2-11f1-a9e8-b46921db01a4', '5-2011', 'Senat Akademik', NULL, '5-2000', '1', '0', '0', NULL, 'Beban', 'OPERASIONAL', '', 'Tanpa Pembatasan', 'None', '0', '0', '0', '0', '0', 'D', '0.00', 'OPERATING', '1', '1', 'DEBIT', '', '0', '1', NULL, 'both'),
('130', 'd821d3a3-13a2-11f1-a9e8-b46921db01a4', '5-20012', 'Biaya Keilmuan Dosen', NULL, '5-2000', '1', '0', '0', NULL, 'Beban', 'OPERASIONAL', '', 'Tanpa Pembatasan', 'None', '0', '0', '0', '0', '0', 'D', '0.00', 'OPERATING', '1', '1', 'DEBIT', '', '0', '1', NULL, 'both'),
('131', 'd821d459-13a2-11f1-a9e8-b46921db01a4', '1-1105', 'Kas BAUK', NULL, '1-1100', '1', '0', '0', NULL, 'Aset', 'NERACA', '', 'Tanpa Pembatasan', 'None', '0', '0', '0', '0', '0', 'D', '0.00', 'NONE', '1', '0', 'DEBIT', '', '0', '1', NULL, 'both'),
('132', 'd821d51d-13a2-11f1-a9e8-b46921db01a4', '1-1106', 'Kas BAAK', NULL, '1-1100', '1', '0', '0', NULL, 'Aset', 'NERACA', '', 'Tanpa Pembatasan', 'None', '0', '0', '0', '0', '0', 'D', '0.00', 'NONE', '1', '0', 'DEBIT', '', '0', '1', NULL, 'both'),
('133', 'd821d5dc-13a2-11f1-a9e8-b46921db01a4', '1-1107', 'Kas LPM', NULL, '1-1100', '1', '0', '0', NULL, 'Aset', 'NERACA', '', 'Tanpa Pembatasan', 'None', '0', '0', '0', '0', '0', 'D', '0.00', 'NONE', '1', '0', 'DEBIT', '', '0', '1', NULL, 'both'),
('134', 'd821d6f9-13a2-11f1-a9e8-b46921db01a4', '1-1108', 'Kas LP4KM', NULL, '1-1100', '1', '0', '0', NULL, 'Aset', 'NERACA', '', 'Tanpa Pembatasan', 'None', '0', '0', '0', '0', '0', 'D', '0.00', 'NONE', '1', '0', 'DEBIT', '', '0', '1', NULL, 'both'),
('135', 'd821d7c5-13a2-11f1-a9e8-b46921db01a4', '1-1109', 'Kas Prodi Ners', NULL, '1-1100', '1', '0', '0', NULL, 'Aset', 'NERACA', '', 'Tanpa Pembatasan', 'None', '0', '0', '0', '0', '0', 'D', '0.00', 'NONE', '1', '0', 'DEBIT', '', '0', '1', NULL, 'both'),
('136', 'd821d884-13a2-11f1-a9e8-b46921db01a4', '1-1110', 'Kas Prodi D3', NULL, NULL, '1', '0', '0', NULL, 'Aset', 'NERACA', '', 'Tanpa Pembatasan', 'None', '0', '0', '0', '0', '0', 'D', '0.00', 'NONE', '1', '0', 'DEBIT', '', '0', '1', NULL, 'both'),
('137', 'd821d943-13a2-11f1-a9e8-b46921db01a4', '1-1111', 'Kas Unit Humas dan Kerja Sama', NULL, '1-1100', '1', '0', '0', NULL, 'Aset', 'NERACA', '', 'Tanpa Pembatasan', 'None', '0', '0', '0', '0', '0', 'D', '0.00', 'NONE', '1', '0', 'DEBIT', '', '0', '1', NULL, 'both'),
('138', 'd821d9f1-13a2-11f1-a9e8-b46921db01a4', '1-1112', 'Kas Unit Perpustakaan', NULL, '1-1100', '1', '0', '0', NULL, 'Aset', 'NERACA', '', 'Tanpa Pembatasan', 'None', '0', '0', '0', '0', '0', 'D', '0.00', 'NONE', '1', '0', 'DEBIT', '', '0', '1', NULL, 'both'),
('139', 'd821daa7-13a2-11f1-a9e8-b46921db01a4', '1-1113', 'Kas Unit Laboratorium', NULL, '1-1100', '1', '0', '0', NULL, 'Aset', 'NERACA', '', 'Tanpa Pembatasan', 'None', '0', '0', '0', '0', '0', 'D', '0.00', 'NONE', '1', '0', 'DEBIT', '', '0', '1', NULL, 'both'),
('142', 'd821db6a-13a2-11f1-a9e8-b46921db01a4', '6-1002', 'Beban Penyusutan Aset (Auto)', NULL, '55', '1', '0', '0', NULL, 'Beban', 'OPERASIONAL', '', 'Tanpa Pembatasan', 'None', '0', '0', '0', '0', '0', 'D', '0.00', 'NONE', '1', '1', 'DEBIT', '', '0', '1', NULL, 'both'),
('143', 'd821dc2e-13a2-11f1-a9e8-b46921db01a4', '6-1003', 'Beban Penyusutan Aset (Auto)', NULL, '55', '1', '0', '0', NULL, 'Beban', 'OPERASIONAL', '', 'Tanpa Pembatasan', 'None', '0', '0', '0', '0', '0', 'D', '0.00', 'NONE', '1', '1', 'DEBIT', '', '0', '1', NULL, 'both');

DROP TABLE IF EXISTS `syifa_anggaran_akun`;
CREATE TABLE `syifa_anggaran_akun` (
  `id` int(11) NOT NULL AUTO_INCREMENT,
  `kode_anggaran` varchar(50) DEFAULT NULL COMMENT 'Opsional jika butuh kode khusus',
  `nama_anggaran` varchar(200) NOT NULL,
  `jenis` enum('PENDAPATAN','BELANJA') NOT NULL,
  `is_group` tinyint(1) DEFAULT 0,
  `parent_id` int(11) DEFAULT 0,
  `kode_akun_coa` varchar(20) DEFAULT NULL COMMENT 'Link ke syifa_akun',
  `is_pendidikan` tinyint(1) DEFAULT 0,
  `semester_target` varchar(10) DEFAULT NULL COMMENT 'Misal: 20261',
  `program_pendidikan` varchar(50) DEFAULT NULL COMMENT 'Reguler, Hafidz, dll',
  `keterangan` text DEFAULT NULL,
  `is_active` tinyint(1) DEFAULT 1,
  PRIMARY KEY (`id`),
  KEY `idx_jenis` (`jenis`),
  KEY `idx_parent` (`parent_id`),
  KEY `fk_coa_link` (`kode_akun_coa`),
  CONSTRAINT `fk_coa_link` FOREIGN KEY (`kode_akun_coa`) REFERENCES `syifa_akun` (`kode_akun`) ON DELETE SET NULL
) ENGINE=InnoDB AUTO_INCREMENT=2 DEFAULT CHARSET=utf8mb4 COLLATE=utf8mb4_general_ci;

INSERT INTO `syifa_anggaran_akun` VALUES 
('1', NULL, 'PENDAPATAN MAHASISWA SEMESTER GENAP', 'PENDAPATAN', '1', '0', NULL, '0', NULL, NULL, NULL, '1');

DROP TABLE IF EXISTS `syifa_anggaran_map`;
CREATE TABLE `syifa_anggaran_map` (
  `id` int(11) NOT NULL AUTO_INCREMENT,
  `kode_akun` varchar(20) NOT NULL,
  `jenis_anggaran` enum('Pendapatan','Belanja Operasional','Belanja Pengembangan') NOT NULL,
  `unit_terkait` varchar(50) DEFAULT 'Pusat' COMMENT 'Jika null berlaku global',
  PRIMARY KEY (`id`),
  KEY `idx_akun_map` (`kode_akun`),
  CONSTRAINT `fk_map_akun` FOREIGN KEY (`kode_akun`) REFERENCES `syifa_akun` (`kode_akun`) ON DELETE CASCADE
) ENGINE=InnoDB AUTO_INCREMENT=2 DEFAULT CHARSET=utf8mb4 COLLATE=utf8mb4_general_ci;

INSERT INTO `syifa_anggaran_map` VALUES 
('1', '4-1001', 'Pendapatan', 'Pusat');

DROP TABLE IF EXISTS `syifa_aset`;
CREATE TABLE `syifa_aset` (
  `id` int(11) NOT NULL AUTO_INCREMENT,
  `kode_aset` varchar(50) NOT NULL,
  `nama_aset` varchar(100) NOT NULL,
  `kategori_aset` varchar(50) DEFAULT NULL,
  `nilai_perolehan` decimal(15,2) DEFAULT 0.00,
  PRIMARY KEY (`id`),
  UNIQUE KEY `idx_kode_aset` (`kode_aset`)
) ENGINE=InnoDB DEFAULT CHARSET=utf8mb4 COLLATE=utf8mb4_general_ci;

DROP TABLE IF EXISTS `syifa_asset_nbv_eom`;
CREATE TABLE `syifa_asset_nbv_eom` (
  `id` int(11) NOT NULL AUTO_INCREMENT,
  `tahun` int(4) NOT NULL,
  `bulan` int(2) NOT NULL,
  `total_cost` decimal(18,2) DEFAULT 0.00,
  `total_depreciation` decimal(18,2) DEFAULT 0.00,
  `nbv` decimal(18,2) DEFAULT 0.00,
  `created_at` timestamp NOT NULL DEFAULT current_timestamp() ON UPDATE current_timestamp(),
  PRIMARY KEY (`id`),
  UNIQUE KEY `uniq_asset_periode` (`tahun`,`bulan`)
) ENGINE=InnoDB AUTO_INCREMENT=72 DEFAULT CHARSET=utf8mb4 COLLATE=utf8mb4_general_ci;

INSERT INTO `syifa_asset_nbv_eom` VALUES 
('1', '2026', '2', '5115200000.00', '23550000.00', '5091650000.00', '2026-03-03 14:24:29'),
('6', '2026', '1', '5115200000.00', '11775000.00', '5103425000.00', '2026-03-03 14:24:29'),
('30', '2025', '12', '5055200000.00', '0.00', '5055200000.00', '2026-03-04 15:37:31');

DROP TABLE IF EXISTS `syifa_budget_approval`;
CREATE TABLE `syifa_budget_approval` (
  `id` int(11) NOT NULL AUTO_INCREMENT,
  `header_id` int(11) DEFAULT NULL,
  `level_approval` int(11) DEFAULT 1,
  `approved_by` int(11) DEFAULT NULL,
  `status` enum('Pending','Approved','Rejected') DEFAULT 'Pending',
  `approved_at` datetime DEFAULT NULL,
  `notes` text DEFAULT NULL,
  PRIMARY KEY (`id`)
) ENGINE=InnoDB DEFAULT CHARSET=utf8mb4 COLLATE=utf8mb4_general_ci;

DROP TABLE IF EXISTS `syifa_budget_headers`;
CREATE TABLE `syifa_budget_headers` (
  `id` int(11) NOT NULL AUTO_INCREMENT,
  `tahun_anggaran` year(4) NOT NULL,
  `deskripsi` varchar(255) NOT NULL,
  `kategori` enum('Pendapatan','Belanja') NOT NULL DEFAULT 'Pendapatan',
  `sumber` varchar(50) DEFAULT 'BAUK',
  `total_anggaran` decimal(15,2) DEFAULT 0.00,
  `status` varchar(50) DEFAULT 'Draft',
  `created_by` int(11) NOT NULL,
  `created_at` timestamp NOT NULL DEFAULT current_timestamp(),
  PRIMARY KEY (`id`)
) ENGINE=InnoDB AUTO_INCREMENT=28 DEFAULT CHARSET=utf8mb4 COLLATE=utf8mb4_general_ci;

INSERT INTO `syifa_budget_headers` VALUES 
('3', '2026', 'Anggaran Belanja 2026', 'Pendapatan', 'BAUK', '0.00', 'Draft', '1', '2026-02-12 10:59:34'),
('4', '2026', 'Anggaran Belanja 2026', 'Pendapatan', 'BAUK', '0.00', 'Draft', '1', '2026-02-12 11:00:23'),
('25', '2026', 'Anggaran Belanja 2026', 'Belanja', 'BAUK', '3066000000.00', 'Archived', '2', '2026-04-27 09:22:03'),
('26', '2026', 'Anggaran Belanja 2026', 'Pendapatan', 'BAUK', '667500000.00', 'Approved', '2', '2026-04-27 10:59:51'),
('27', '2026', '[PERUBAHAN] Anggaran Belanja 2026', 'Belanja', 'BAUK', '3371000000.00', 'Approved', '2', '2026-04-30 08:16:06');

DROP TABLE IF EXISTS `syifa_budget_logs`;
CREATE TABLE `syifa_budget_logs` (
  `id` int(11) NOT NULL AUTO_INCREMENT,
  `budget_id` int(11) DEFAULT NULL,
  `action` varchar(100) DEFAULT NULL,
  `old_value` text DEFAULT NULL,
  `new_value` text DEFAULT NULL,
  `user_id` int(11) DEFAULT NULL,
  `created_at` datetime DEFAULT current_timestamp(),
  PRIMARY KEY (`id`)
) ENGINE=InnoDB AUTO_INCREMENT=7 DEFAULT CHARSET=utf8mb4 COLLATE=utf8mb4_general_ci;

INSERT INTO `syifa_budget_logs` VALUES 
('1', '13', 'Update Worksheet', NULL, NULL, '2', '2026-02-16 09:15:52'),
('2', '13', 'Update Worksheet', NULL, NULL, '2', '2026-02-16 09:22:40'),
('3', '13', 'Update Worksheet', NULL, NULL, '2', '2026-02-16 09:22:55'),
('4', '13', 'Update Worksheet', NULL, NULL, '2', '2026-02-16 09:45:20'),
('5', '13', 'Update Worksheet', NULL, NULL, '2', '2026-02-16 09:46:15'),
('6', '13', 'Update Worksheet', NULL, NULL, '2', '2026-02-16 09:54:53');

DROP TABLE IF EXISTS `syifa_budget_monthly_plan`;
CREATE TABLE `syifa_budget_monthly_plan` (
  `id` int(11) NOT NULL AUTO_INCREMENT,
  `budget_id` int(11) DEFAULT NULL,
  `bulan` int(11) DEFAULT NULL,
  `nominal_rencana` decimal(18,2) DEFAULT 0.00,
  PRIMARY KEY (`id`),
  KEY `budget_id` (`budget_id`),
  CONSTRAINT `syifa_budget_monthly_plan_ibfk_1` FOREIGN KEY (`budget_id`) REFERENCES `syifa_budgets` (`id`) ON DELETE CASCADE
) ENGINE=InnoDB AUTO_INCREMENT=673 DEFAULT CHARSET=utf8mb4 COLLATE=utf8mb4_general_ci;

INSERT INTO `syifa_budget_monthly_plan` VALUES 
('493', '712', '1', '2083333.00'),
('494', '712', '2', '2083333.00'),
('495', '712', '3', '2083333.00'),
('496', '712', '4', '2083333.00'),
('497', '712', '5', '2083333.00'),
('498', '712', '6', '2083333.00'),
('499', '712', '7', '2083333.00'),
('500', '712', '8', '2083333.00'),
('501', '712', '9', '2083333.00'),
('502', '712', '10', '2083333.00'),
('503', '712', '11', '2083333.00'),
('504', '712', '12', '2083337.00'),
('505', '713', '1', '208333333.00'),
('506', '713', '2', '208333333.00'),
('507', '713', '3', '208333333.00'),
('508', '713', '4', '208333333.00'),
('509', '713', '5', '208333333.00'),
('510', '713', '6', '208333333.00'),
('511', '713', '7', '208333333.00'),
('512', '713', '8', '208333333.00'),
('513', '713', '9', '208333333.00'),
('514', '713', '10', '208333333.00'),
('515', '713', '11', '208333333.00'),
('516', '713', '12', '208333337.00'),
('517', '715', '1', '21666666.00'),
('518', '715', '2', '21666666.00'),
('519', '715', '3', '21666666.00'),
('520', '715', '4', '21666666.00'),
('521', '715', '5', '21666666.00'),
('522', '715', '6', '21666666.00'),
('523', '715', '7', '21666666.00'),
('524', '715', '8', '21666666.00'),
('525', '715', '9', '21666666.00'),
('526', '715', '10', '21666666.00'),
('527', '715', '11', '21666666.00'),
('528', '715', '12', '21666674.00'),
('529', '716', '1', '21333333.00'),
('530', '716', '2', '21333333.00'),
('531', '716', '3', '21333333.00'),
('532', '716', '4', '21333333.00'),
('533', '716', '5', '21333333.00'),
('534', '716', '6', '21333333.00'),
('535', '716', '7', '21333333.00'),
('536', '716', '8', '21333333.00'),
('537', '716', '9', '21333333.00'),
('538', '716', '10', '21333333.00'),
('539', '716', '11', '21333333.00'),
('540', '716', '12', '21333337.00'),
('541', '718', '1', '2083333.00'),
('542', '718', '2', '2083333.00'),
('543', '718', '3', '2083333.00'),
('544', '718', '4', '2083333.00'),
('545', '718', '5', '2083333.00'),
('546', '718', '6', '2083333.00'),
('547', '718', '7', '2083333.00'),
('548', '718', '8', '2083333.00'),
('549', '718', '9', '2083333.00'),
('550', '718', '10', '2083333.00'),
('551', '718', '11', '2083333.00'),
('552', '718', '12', '2083337.00'),
('613', '728', '1', '2083333.00'),
('614', '728', '2', '2083333.00'),
('615', '728', '3', '2083333.00'),
('616', '728', '4', '2083333.00'),
('617', '728', '5', '2083333.00'),
('618', '728', '6', '2083333.00'),
('619', '728', '7', '2083333.00'),
('620', '728', '8', '2083333.00'),
('621', '728', '9', '2083333.00'),
('622', '728', '10', '2083333.00'),
('623', '728', '11', '2083333.00'),
('624', '728', '12', '2083337.00'),
('625', '729', '1', '233333333.00'),
('626', '729', '2', '233333333.00'),
('627', '729', '3', '233333333.00'),
('628', '729', '4', '233333333.00'),
('629', '729', '5', '233333333.00'),
('630', '729', '6', '233333333.00'),
('631', '729', '7', '233333333.00'),
('632', '729', '8', '233333333.00'),
('633', '729', '9', '233333333.00'),
('634', '729', '10', '233333333.00'),
('635', '729', '11', '233333333.00'),
('636', '729', '12', '233333337.00'),
('637', '731', '1', '22083333.00'),
('638', '731', '2', '22083333.00'),
('639', '731', '3', '22083333.00'),
('640', '731', '4', '22083333.00'),
('641', '731', '5', '22083333.00'),
('642', '731', '6', '22083333.00'),
('643', '731', '7', '22083333.00'),
('644', '731', '8', '22083333.00'),
('645', '731', '9', '22083333.00'),
('646', '731', '10', '22083333.00'),
('647', '731', '11', '22083333.00'),
('648', '731', '12', '22083337.00'),
('649', '732', '1', '21333333.00'),
('650', '732', '2', '21333333.00'),
('651', '732', '3', '21333333.00'),
('652', '732', '4', '21333333.00'),
('653', '732', '5', '21333333.00'),
('654', '732', '6', '21333333.00'),
('655', '732', '7', '21333333.00'),
('656', '732', '8', '21333333.00'),
('657', '732', '9', '21333333.00'),
('658', '732', '10', '21333333.00'),
('659', '732', '11', '21333333.00'),
('660', '732', '12', '21333337.00'),
('661', '734', '1', '2083333.00'),
('662', '734', '2', '2083333.00'),
('663', '734', '3', '2083333.00'),
('664', '734', '4', '2083333.00'),
('665', '734', '5', '2083333.00'),
('666', '734', '6', '2083333.00'),
('667', '734', '7', '2083333.00'),
('668', '734', '8', '2083333.00'),
('669', '734', '9', '2083333.00'),
('670', '734', '10', '2083333.00'),
('671', '734', '11', '2083333.00'),
('672', '734', '12', '2083337.00');

DROP TABLE IF EXISTS `syifa_budget_unit_requests`;
CREATE TABLE `syifa_budget_unit_requests` (
  `id` int(11) NOT NULL AUTO_INCREMENT,
  `unit_id` int(11) NOT NULL,
  `tahun_anggaran` year(4) NOT NULL,
  `judul_kegiatan` varchar(255) NOT NULL,
  `kode_akun` varchar(20) NOT NULL,
  `nominal_pengajuan` decimal(15,2) NOT NULL,
  `nominal_disetujui` decimal(15,2) DEFAULT 0.00,
  `status` enum('Draft','Diajukan','Disetujui','Ditolak','Revisi') NOT NULL DEFAULT 'Draft',
  `catatan_reviewer` text DEFAULT NULL,
  `created_at` timestamp NOT NULL DEFAULT current_timestamp(),
  PRIMARY KEY (`id`)
) ENGINE=InnoDB DEFAULT CHARSET=utf8mb4 COLLATE=utf8mb4_general_ci;

DROP TABLE IF EXISTS `syifa_budget_versions`;
CREATE TABLE `syifa_budget_versions` (
  `id` int(11) NOT NULL AUTO_INCREMENT,
  `header_id` int(11) DEFAULT NULL,
  `version_no` int(11) DEFAULT NULL,
  `created_at` datetime DEFAULT current_timestamp(),
  `created_by` int(11) DEFAULT NULL,
  `notes` text DEFAULT NULL,
  `is_active` tinyint(4) DEFAULT 1,
  PRIMARY KEY (`id`)
) ENGINE=InnoDB DEFAULT CHARSET=utf8mb4 COLLATE=utf8mb4_general_ci;

DROP TABLE IF EXISTS `syifa_budgets`;
CREATE TABLE `syifa_budgets` (
  `id` int(11) NOT NULL AUTO_INCREMENT,
  `header_id` int(11) DEFAULT 0,
  `tahun_anggaran` year(4) NOT NULL,
  `kategori` enum('Pendapatan','Pengeluaran') NOT NULL,
  `jenis_belanja` enum('Operasional','Pengembangan','Lainnya') DEFAULT 'Operasional',
  `unit_id` int(11) DEFAULT 0 COMMENT '0 = Pusat, >0 = Unit',
  `kode_akun` varchar(20) NOT NULL,
  `uraian_manual` varchar(255) DEFAULT NULL,
  `nominal_pagu` decimal(15,2) NOT NULL DEFAULT 0.00,
  `nominal_realisasi` decimal(15,2) NOT NULL DEFAULT 0.00 COMMENT 'Update via Trigger/Logic',
  `keterangan` text DEFAULT NULL,
  `status` varchar(50) DEFAULT 'Draft',
  `is_category` tinyint(1) DEFAULT 0,
  `parent_id` int(11) DEFAULT NULL,
  `sumber_data` varchar(50) DEFAULT 'RAPB',
  `created_at` timestamp NOT NULL DEFAULT current_timestamp(),
  `created_by` int(11) NOT NULL,
  `approved_at` datetime DEFAULT NULL,
  `approved_by` int(11) DEFAULT NULL,
  `version_id` int(11) DEFAULT NULL,
  `link_proposal_id` int(11) DEFAULT NULL,
  `ref_pengajuan_id` int(11) DEFAULT NULL,
  PRIMARY KEY (`id`),
  UNIQUE KEY `uniq_budget` (`ref_pengajuan_id`,`kode_akun`,`unit_id`,`tahun_anggaran`,`sumber_data`),
  KEY `idx_budget_year` (`tahun_anggaran`),
  KEY `idx_coa` (`kode_akun`),
  KEY `header_id` (`header_id`),
  KEY `parent_id` (`parent_id`),
  KEY `parent_id_2` (`parent_id`),
  KEY `idx_ref_pengajuan` (`ref_pengajuan_id`),
  KEY `idx_link_proposal` (`link_proposal_id`),
  KEY `idx_ledger_sumber_status` (`sumber_data`,`status`,`tahun_anggaran`),
  KEY `idx_ref_unit` (`ref_pengajuan_id`),
  KEY `idx_sumber` (`sumber_data`)
) ENGINE=InnoDB AUTO_INCREMENT=735 DEFAULT CHARSET=utf8mb4 COLLATE=utf8mb4_general_ci;

INSERT INTO `syifa_budgets` VALUES 
('569', '0', '2026', 'Pengeluaran', 'Operasional', '0', '5-2002', 'Tambahan Pagu: Beli Asset - Beli kulkas', '25000000.00', '0.00', NULL, 'Disetujui', '0', NULL, 'UNIT_APPROVED', '2026-02-21 22:54:25', '2', NULL, NULL, NULL, NULL, '8'),
('575', '0', '2026', 'Pengeluaran', 'Operasional', '0', '5-2002', 'Tambahan Pagu: coba coba - beli baju lebaran', '5000000.00', '0.00', NULL, 'Disetujui', '0', NULL, 'UNIT_APPROVED', '2026-02-22 11:23:06', '4', NULL, NULL, NULL, NULL, '9'),
('576', '0', '2026', 'Pengeluaran', 'Operasional', '0', '5-2001', 'Tambahan Pagu: Percobaan - Batik Kerja', '3500000.00', '0.00', NULL, 'Disetujui', '0', NULL, 'UNIT_APPROVED', '2026-04-25 13:44:19', '2', NULL, NULL, NULL, NULL, '10'),
('704', '26', '2026', 'Pendapatan', '', '0', '', 'Biaya Operasional pendidikan', '392500000.00', '0.00', NULL, 'Disetujui', '1', NULL, 'RAPB', '2026-04-29 06:58:13', '0', NULL, NULL, NULL, NULL, NULL),
('705', '26', '2026', 'Pendapatan', '', '0', '4-1001', '[Target] Biaya Operasional Pendidikan (BOP) - S1 Keperawatan (Reguler) Ganjil 2024 - Smt Genap [25 Mhs]', '218750000.00', '0.00', NULL, 'Disetujui', '0', '704', '{\\\\\\\\\\\\\\\"prodi\\\\\\\\\\\\\\\":\\\\\\\\\\\\\\\"3\\\\\\\\\\\\\\\",\\\\\\\\\\\\\\\"s', '2026-04-29 06:58:13', '0', NULL, NULL, NULL, NULL, NULL),
('706', '26', '2026', 'Pendapatan', '', '0', '4-1001', '[Target] Biaya Operasional Pendidikan (BOP) - Profesi Keperawatan (Reguler) Ganjil 2024 - Smt Genap [10 Mhs]', '130000000.00', '0.00', NULL, 'Disetujui', '0', '704', '{\\\\\\\\\\\\\\\"prodi\\\\\\\\\\\\\\\":\\\\\\\\\\\\\\\"2\\\\\\\\\\\\\\\",\\\\\\\\\\\\\\\"s', '2026-04-29 06:58:13', '0', NULL, NULL, NULL, NULL, NULL),
('707', '26', '2026', 'Pendapatan', '', '0', '4-1001', '[Target] Biaya Operasional Pendidikan (BOP) - D3 Keperawatan (Reguler) Ganjil 2025 - Smt Genap [5 Mhs]', '43750000.00', '0.00', NULL, 'Disetujui', '0', '704', '{\\\\\\\"prodi\\\\\\\":\\\\\\\"1\\\\\\\",\\\\\\\"sistem\\\\\\\":\\\\\\\"REG\\\\\\', '2026-04-29 06:58:13', '0', NULL, NULL, NULL, NULL, NULL),
('708', '26', '2026', 'Pendapatan', '', '0', '', 'Pendapatan Lainnya', '275000000.00', '0.00', NULL, 'Disetujui', '1', NULL, 'RAPB', '2026-04-29 06:58:13', '0', NULL, NULL, NULL, NULL, NULL),
('709', '26', '2026', 'Pendapatan', '', '0', '4-2001', 'Hibah', '250000000.00', '0.00', NULL, 'Disetujui', '0', '708', 'RAPB', '2026-04-29 06:58:13', '0', NULL, NULL, NULL, NULL, NULL),
('710', '26', '2026', 'Pendapatan', '', '0', '4-2003', 'Sumbangan', '25000000.00', '0.00', NULL, 'Disetujui', '0', '708', 'RAPB', '2026-04-29 06:58:13', '0', NULL, NULL, NULL, NULL, NULL),
('711', '25', '2026', 'Pengeluaran', 'Operasional', '0', '', 'Biaya Administrasi Umum', '2525000000.00', '0.00', NULL, 'Archived', '1', NULL, 'RAPB', '2026-04-29 15:07:41', '0', NULL, NULL, NULL, NULL, NULL),
('712', '25', '2026', 'Pengeluaran', 'Operasional', '0', '5306', 'Belanja dapur', '25000000.00', '0.00', NULL, 'Archived', '0', '711', 'RAPB', '2026-04-29 15:07:41', '0', NULL, NULL, NULL, NULL, NULL),
('713', '25', '2026', 'Pengeluaran', 'Operasional', '0', '5-1002', 'Gaji Pegawai', '2500000000.00', '0.00', NULL, 'Archived', '0', '711', 'RAPB', '2026-04-29 15:07:41', '0', NULL, NULL, NULL, NULL, NULL),
('714', '25', '2026', 'Pengeluaran', 'Operasional', '0', '', 'ANGGARAN UNIT', '516000000.00', '0.00', NULL, 'Archived', '1', NULL, 'RAPB', '2026-04-29 15:07:41', '0', NULL, NULL, NULL, NULL, NULL),
('715', '25', '2026', 'Pengeluaran', 'Operasional', '0', '5-2001', 'BAAK', '260000000.00', '0.00', NULL, 'Archived', '0', '714', 'RAPB', '2026-04-29 15:07:41', '0', NULL, NULL, NULL, NULL, NULL),
('716', '25', '2026', 'Pengeluaran', 'Operasional', '0', '5-2010', 'Laboratorium', '256000000.00', '0.00', NULL, 'Archived', '0', '714', 'RAPB', '2026-04-29 15:07:41', '0', NULL, NULL, NULL, NULL, NULL),
('717', '25', '2026', 'Pengeluaran', 'Pengembangan', '0', '', 'Biaya Lain lain', '25000000.00', '0.00', NULL, 'Archived', '1', NULL, 'RAPB', '2026-04-29 15:07:41', '0', NULL, NULL, NULL, NULL, NULL),
('718', '25', '2026', 'Pengeluaran', 'Pengembangan', '0', '51030', 'ATK', '25000000.00', '0.00', NULL, 'Archived', '0', '717', 'RAPB', '2026-04-29 15:07:41', '0', NULL, NULL, NULL, NULL, NULL),
('727', '27', '2026', 'Pengeluaran', 'Operasional', '0', '', 'Biaya Administrasi Umum', '2825000000.00', '0.00', NULL, 'Menunggu Approval', '1', NULL, 'RAPB', '2026-04-30 09:01:02', '0', NULL, NULL, NULL, NULL, NULL),
('728', '27', '2026', 'Pengeluaran', 'Operasional', '0', '5306', 'Belanja dapur', '25000000.00', '0.00', NULL, 'Disetujui', '0', '727', 'RAPB', '2026-04-30 09:01:02', '0', NULL, NULL, NULL, NULL, NULL),
('729', '27', '2026', 'Pengeluaran', 'Operasional', '0', '5-1002', 'Gaji Pegawai', '2800000000.00', '0.00', NULL, 'Disetujui', '0', '727', 'RAPB', '2026-04-30 09:01:02', '0', NULL, NULL, NULL, NULL, NULL),
('730', '27', '2026', 'Pengeluaran', 'Operasional', '0', '', 'ANGGARAN UNIT', '521000000.00', '0.00', NULL, 'Menunggu Approval', '1', NULL, 'RAPB', '2026-04-30 09:01:02', '0', NULL, NULL, NULL, NULL, NULL),
('731', '27', '2026', 'Pengeluaran', 'Operasional', '0', '5-2001', 'BAAK', '265000000.00', '0.00', NULL, 'Disetujui', '0', '730', 'RAPB', '2026-04-30 09:01:02', '0', NULL, NULL, NULL, NULL, NULL),
('732', '27', '2026', 'Pengeluaran', 'Operasional', '0', '5-2010', 'Laboratorium', '256000000.00', '0.00', NULL, 'Disetujui', '0', '730', 'RAPB', '2026-04-30 09:01:02', '0', NULL, NULL, NULL, NULL, NULL),
('733', '27', '2026', 'Pengeluaran', 'Pengembangan', '0', '', 'Biaya Lain lain', '25000000.00', '0.00', NULL, 'Menunggu Approval', '1', NULL, 'RAPB', '2026-04-30 09:01:02', '0', NULL, NULL, NULL, NULL, NULL),
('734', '27', '2026', 'Pengeluaran', 'Pengembangan', '0', '51030', 'ATK', '25000000.00', '0.00', NULL, 'Disetujui', '0', '733', 'RAPB', '2026-04-30 09:01:02', '0', NULL, NULL, NULL, NULL, NULL);

DROP TABLE IF EXISTS `syifa_closing_log`;
CREATE TABLE `syifa_closing_log` (
  `id` int(11) NOT NULL AUTO_INCREMENT,
  `periode` varchar(7) NOT NULL,
  `closed_by` int(11) NOT NULL,
  `closed_at` datetime NOT NULL,
  `checksum` varchar(64) NOT NULL,
  PRIMARY KEY (`id`),
  KEY `idx_periode_log` (`periode`)
) ENGINE=InnoDB AUTO_INCREMENT=30 DEFAULT CHARSET=utf8mb4 COLLATE=utf8mb4_general_ci;

INSERT INTO `syifa_closing_log` VALUES 
('1', '2026-01', '2', '2026-03-02 11:17:48', 'be2a687767056df64252202af942af1560be18b661e49cbcc4117b42b4e21967'),
('2', '2026-02', '2', '2026-03-02 11:17:50', 'a7d3443f20371963bd68a9afb1da761d3b3b865efb4375203ac1d10206032d2e'),
('3', '2026-01', '2', '2026-03-02 12:59:32', '68cb6b53f6a25cb926b5ed1673f617cea840f8d1b0b9fbe76af409965b25683f'),
('4', '2026-02', '2', '2026-03-02 12:59:34', 'e420eb0c46f7e746ea6bd7c59442a91a28244614be245a107a731abfb8e3af19'),
('5', '2026-01', '2', '2026-03-02 13:32:07', 'ca8e395ec288fa8f98f64527c9ae87752240ad2ec0ba704827844ffad48cdcb0'),
('6', '2026-02', '2', '2026-03-02 13:32:09', 'ae8f7869a35fedc9b7c26d60f6396e29ec86785a8ec559dfbb7b94ecfe0370b8'),
('7', '2026-01', '2', '2026-03-02 13:32:17', 'dffa6a4144748c381accb041a102487e82ddd694363d8cf80ba2c8cdc446987f'),
('8', '2026-02', '2', '2026-03-02 13:32:18', 'b18a9338ba0f2a7cecf38c6d68e8f997be42d1a9a546316c0ec772d88f3c8861'),
('9', '2026-01', '2', '2026-03-02 14:00:56', '22adf6b82456d3b4ee1003ab281effa876fb499ba7d0a68f729f301372bf3206'),
('10', '2026-02', '2', '2026-03-02 14:00:57', '5bc76803f777a412e05161b8d7f4b59c2c0d2ba4158f31fe17b8a1ba6249c97c'),
('11', '2026-01', '2', '2026-03-02 14:10:15', '225ee85a7e03ad9c5e41532aaa45b717acac6e55e9c79124318570f6858a00df'),
('12', '2026-02', '2', '2026-03-02 14:10:16', '1ac880b7a454c9aac8c0f99fc65a0444342f6f287acdac2426ea3393579d921d'),
('13', '2026-01', '2', '2026-03-03 08:01:32', '5af54d93b2c1f00c7e98825f26b95df99b7b412d2da0aaf2eeb973a619b82426'),
('14', '2026-02', '2', '2026-03-03 08:01:33', '2852733e6ad901ebf74be99c4f4db1c2a9ef65565d0ebd6b6acc4df96cb17a91'),
('15', '2026-01', '2', '2026-03-03 08:32:40', 'e483ca935e153530cc15790eb90f995a9c9c8e9a4493444452250744202d6c77'),
('16', '2026-02', '2', '2026-03-03 08:32:41', 'a85e5bf93126e751596f8a2d3965638ede5d0c503fe392193e1a0f1fdad5f81d'),
('17', '2026-01', '2', '2026-03-03 11:01:33', 'a6bc447b55031ebfc1113c8952602d10b1270ccb9a9bec873f6a1acaeb546359'),
('18', '2026-02', '2', '2026-03-03 11:01:34', '30a133b7a1f3e1f91baff20a4d71eab14c1b4e60f6c8201f48d07f73cc5bbd96'),
('19', '2026-01', '2', '2026-03-03 14:24:29', '423f5ffab3b8f24b8394fccfcf61db928c8967f57a869a61a49141a0033cb089'),
('20', '2026-02', '2', '2026-03-03 14:24:30', '9eb0a2aef23a429f813713a22a20c369f9b6876a14f8d7dfb87ef00e0540cb1d'),
('21', '2026-01', '2', '2026-03-03 14:35:55', '81c94b7c9a02f047c6299e03fb54cbf7992c6a2e8aae3b916b585fc7d96d3a1b'),
('22', '2026-02', '2', '2026-03-03 14:35:58', 'f62a5188a9193d5278a74cccad2ecdf0351269797b0bdbec0f33b2cc23292d6b'),
('23', '2026-01', '2', '2026-03-04 11:52:23', '0879fa4713c4ac33166a89ca1887b8da1501a6e283ec443ccaa01255ac4cc5fc'),
('24', '2026-02', '2', '2026-03-04 11:52:24', '113da816ea192112cb69fed03feb3fa5a3d86ab06f8094bfeaebff3b59459555'),
('25', '2026-01', '2', '2026-03-04 14:14:12', 'e25b6ad8badeae11401eae2a37e06655e4a7f2eb359f74a2ddfcdb25c1a003fc'),
('26', '2026-02', '2', '2026-03-04 14:14:13', '6ceb13fad1a1d6d729d52cb0883a733988a5cb4e0409a039204a89976cfa4d61'),
('27', '2026-01', '2', '2026-03-04 15:37:32', '8c4eae557c6a287576e2fd6792e2fcfabc403a92ff7f6e7e1260a4eb73014b2d'),
('28', '2026-02', '2', '2026-03-04 15:37:33', 'a3d0cdc7d96992cf2720888f9f202b8ff90054b7bb46b0fa466f6061769f54e7'),
('29', '2026-02', '2', '2026-03-04 15:51:29', '8a8dcf64210ce6d03a9b1869984c1261e81f0df1cf37f19f7636261a0f6223ad');

DROP TABLE IF EXISTS `syifa_coa_role_map`;
CREATE TABLE `syifa_coa_role_map` (
  `id` int(11) NOT NULL AUTO_INCREMENT,
  `kode_akun` varchar(20) NOT NULL,
  `role_transaksi` varchar(30) NOT NULL,
  PRIMARY KEY (`id`),
  UNIQUE KEY `kode_akun` (`kode_akun`,`role_transaksi`)
) ENGINE=InnoDB AUTO_INCREMENT=73 DEFAULT CHARSET=utf8mb4 COLLATE=utf8mb4_general_ci;

INSERT INTO `syifa_coa_role_map` VALUES 
('1', '4-1000', 'RECEIPT'),
('2', '4-1001', 'RECEIPT'),
('7', '4-1002', 'RECEIPT'),
('8', '4-1003', 'RECEIPT'),
('11', '4-1004', 'RECEIPT'),
('10', '4-1005', 'RECEIPT'),
('12', '4-1006', 'RECEIPT'),
('13', '4-1007', 'RECEIPT'),
('14', '4-1008', 'RECEIPT'),
('15', '4-1009', 'RECEIPT'),
('9', '4-1010', 'RECEIPT'),
('16', '4-1011', 'RECEIPT'),
('17', '4-1012', 'RECEIPT'),
('18', '4-2000', 'RECEIPT'),
('3', '4-2001', 'RECEIPT'),
('4', '4-2002', 'RECEIPT'),
('5', '4-2003', 'RECEIPT'),
('6', '4-2004', 'RECEIPT'),
('20', '4-2005', 'RECEIPT'),
('19', '4-2006', 'RECEIPT'),
('45', '5-1000', 'DISBURSEMENT'),
('32', '5-1001', 'DISBURSEMENT'),
('34', '5-1002', 'DISBURSEMENT'),
('35', '5-1003', 'DISBURSEMENT'),
('60', '5-2000', 'DISBURSEMENT'),
('61', '5-2001', 'DISBURSEMENT'),
('72', '5-20012', 'DISBURSEMENT'),
('62', '5-2002', 'DISBURSEMENT'),
('64', '5-2003', 'DISBURSEMENT'),
('65', '5-2004', 'DISBURSEMENT'),
('66', '5-2005', 'DISBURSEMENT'),
('67', '5-2006', 'DISBURSEMENT'),
('63', '5-2007', 'DISBURSEMENT'),
('68', '5-2008', 'DISBURSEMENT'),
('69', '5-2009', 'DISBURSEMENT'),
('70', '5-2010', 'DISBURSEMENT'),
('71', '5-2011', 'DISBURSEMENT'),
('49', '5-3000', 'DISBURSEMENT'),
('33', '5-3001', 'DISBURSEMENT'),
('56', '5-6000', 'DISBURSEMENT'),
('46', '51010', 'DISBURSEMENT'),
('47', '51020', 'DISBURSEMENT'),
('48', '51030', 'DISBURSEMENT'),
('36', '5201', 'DISBURSEMENT'),
('37', '5202', 'DISBURSEMENT'),
('38', '5301', 'DISBURSEMENT'),
('39', '5302', 'DISBURSEMENT'),
('40', '5303', 'DISBURSEMENT'),
('41', '5304', 'DISBURSEMENT'),
('42', '5305', 'DISBURSEMENT'),
('43', '5306', 'DISBURSEMENT'),
('44', '5307', 'DISBURSEMENT'),
('50', '54010', 'DISBURSEMENT'),
('51', '54020', 'DISBURSEMENT'),
('52', '54030', 'DISBURSEMENT'),
('53', '55', 'DISBURSEMENT'),
('54', '55010', 'DISBURSEMENT'),
('55', '55020', 'DISBURSEMENT'),
('57', '56010', 'DISBURSEMENT'),
('58', '56020', 'DISBURSEMENT'),
('59', '56030', 'DISBURSEMENT');

DROP TABLE IF EXISTS `syifa_dashboard_cache`;
CREATE TABLE `syifa_dashboard_cache` (
  `cache_key` varchar(50) NOT NULL,
  `cache_value` decimal(20,2) DEFAULT NULL,
  `updated_at` datetime DEFAULT current_timestamp(),
  PRIMARY KEY (`cache_key`)
) ENGINE=InnoDB DEFAULT CHARSET=utf8mb4 COLLATE=utf8mb4_general_ci;

INSERT INTO `syifa_dashboard_cache` VALUES 
('BELANJA_BLN', '16460000.00', '2026-02-25 10:57:56'),
('PENDAPATAN_BLN', '5000000.00', '2026-02-25 10:57:56'),
('SALDO_KAS', '-55254000.00', '2026-02-25 10:57:56');

DROP TABLE IF EXISTS `syifa_document_access`;
CREATE TABLE `syifa_document_access` (
  `id` int(11) NOT NULL AUTO_INCREMENT,
  `document_id` int(11) NOT NULL,
  `role_id` int(11) DEFAULT NULL,
  `user_id` int(11) DEFAULT NULL,
  `can_view` tinyint(4) DEFAULT 1,
  PRIMARY KEY (`id`),
  KEY `document_id` (`document_id`),
  CONSTRAINT `syifa_document_access_ibfk_1` FOREIGN KEY (`document_id`) REFERENCES `syifa_documents` (`id`) ON DELETE CASCADE
) ENGINE=InnoDB DEFAULT CHARSET=utf8mb4 COLLATE=utf8mb4_general_ci;

DROP TABLE IF EXISTS `syifa_document_reviews`;
CREATE TABLE `syifa_document_reviews` (
  `id` int(11) NOT NULL AUTO_INCREMENT,
  `document_id` int(11) NOT NULL,
  `reviewer_id` int(11) NOT NULL,
  `keputusan` enum('VERIFY','REJECT') NOT NULL,
  `catatan` text NOT NULL,
  `created_at` datetime DEFAULT current_timestamp(),
  PRIMARY KEY (`id`),
  KEY `document_id` (`document_id`),
  CONSTRAINT `syifa_document_reviews_ibfk_1` FOREIGN KEY (`document_id`) REFERENCES `syifa_documents` (`id`) ON DELETE CASCADE
) ENGINE=InnoDB DEFAULT CHARSET=utf8mb4 COLLATE=utf8mb4_general_ci;

DROP TABLE IF EXISTS `syifa_documents`;
CREATE TABLE `syifa_documents` (
  `id` int(11) NOT NULL AUTO_INCREMENT,
  `kategori` enum('ANGGARAN','ASET','LAPORAN','UMUM') NOT NULL,
  `ref_id` int(11) DEFAULT NULL COMMENT 'ID Relasi ke Anggaran/Aset',
  `unit_id` int(11) NOT NULL,
  `judul` varchar(255) NOT NULL,
  `deskripsi` text DEFAULT NULL,
  `file_path` varchar(255) NOT NULL,
  `status` enum('DRAFT','SUBMITTED','UNDER_REVIEW','VERIFIED','REJECTED') DEFAULT 'DRAFT',
  `created_by` int(11) NOT NULL,
  `submitted_at` datetime DEFAULT NULL,
  `verified_at` datetime DEFAULT NULL,
  `created_at` datetime DEFAULT current_timestamp(),
  PRIMARY KEY (`id`),
  KEY `idx_unit` (`unit_id`),
  KEY `idx_status` (`status`)
) ENGINE=InnoDB DEFAULT CHARSET=utf8mb4 COLLATE=utf8mb4_general_ci;

DROP TABLE IF EXISTS `syifa_equity_rollforward`;
CREATE TABLE `syifa_equity_rollforward` (
  `id` int(11) NOT NULL AUTO_INCREMENT,
  `tahun` int(4) NOT NULL,
  `bulan` int(2) NOT NULL,
  `is_restricted` tinyint(1) NOT NULL DEFAULT 0,
  `saldo_awal` decimal(18,2) DEFAULT 0.00,
  `mutasi_operasi` decimal(18,2) DEFAULT 0.00,
  `mutasi_non_operasi` decimal(18,2) DEFAULT 0.00,
  `penyesuaian_konsolidasi` decimal(18,2) DEFAULT 0.00,
  `saldo_akhir` decimal(18,2) DEFAULT 0.00,
  `created_at` timestamp NOT NULL DEFAULT current_timestamp() ON UPDATE current_timestamp(),
  PRIMARY KEY (`id`),
  UNIQUE KEY `uniq_periode_rest` (`tahun`,`bulan`,`is_restricted`)
) ENGINE=InnoDB AUTO_INCREMENT=75 DEFAULT CHARSET=utf8mb4 COLLATE=utf8mb4_general_ci;

INSERT INTO `syifa_equity_rollforward` VALUES 
('1', '2026', '2', '0', '73825000.00', '-1985000.00', '0.00', '0.00', '71840000.00', '2026-03-06 09:14:22'),
('2', '2026', '2', '1', '0.00', '0.00', '0.00', '0.00', '0.00', '2026-03-02 10:39:20'),
('7', '2026', '1', '0', '85500000.00', '-25000.00', '0.00', '0.00', '85475000.00', '2026-03-06 09:14:22'),
('8', '2026', '1', '1', '0.00', '0.00', '0.00', '0.00', '0.00', '2026-03-02 10:50:31'),
('69', '2026', '3', '0', '0.00', '0.00', '0.00', '0.00', '0.00', '2026-03-05 16:25:08'),
('70', '2026', '3', '1', '0.00', '0.00', '0.00', '0.00', '0.00', '2026-03-05 16:25:08');

DROP TABLE IF EXISTS `syifa_instansi`;
CREATE TABLE `syifa_instansi` (
  `id` int(11) NOT NULL AUTO_INCREMENT,
  `nama_aplikasi` varchar(100) DEFAULT 'SYIFA ERP',
  `nama_instansi` varchar(100) DEFAULT 'Universitas FinCampus',
  `alamat` text DEFAULT NULL,
  `email` varchar(100) DEFAULT NULL,
  `telepon` varchar(50) DEFAULT NULL,
  `website` varchar(100) DEFAULT NULL,
  PRIMARY KEY (`id`)
) ENGINE=InnoDB AUTO_INCREMENT=2 DEFAULT CHARSET=utf8mb4 COLLATE=utf8mb4_general_ci;

INSERT INTO `syifa_instansi` VALUES 
('1', 'SYIFA ERP', 'Universitas FinCampus', NULL, NULL, NULL, NULL);

DROP TABLE IF EXISTS `syifa_jurnal`;
CREATE TABLE `syifa_jurnal` (
  `id` int(11) NOT NULL AUTO_INCREMENT,
  `no_jurnal` varchar(50) NOT NULL,
  `tgl_jurnal` date NOT NULL,
  `keterangan` text DEFAULT NULL,
  `diterima_dari` varchar(100) DEFAULT NULL,
  `total_debet` double DEFAULT 0,
  `total_kredit` double DEFAULT 0,
  `jenis_jurnal` enum('umum','penyesuaian','otomatis') DEFAULT 'umum',
  `created_by` int(11) DEFAULT NULL,
  `is_deleted` tinyint(1) DEFAULT 0,
  `jenis_transaksi` varchar(30) DEFAULT 'operasional',
  `created_at` timestamp NOT NULL DEFAULT current_timestamp(),
  `dibayar_oleh_tipe` enum('mahasiswa','pegawai','umum') DEFAULT 'umum',
  `dibayar_oleh_id` int(11) DEFAULT NULL,
  `dibayar_oleh_nama` varchar(255) DEFAULT NULL,
  `pihak_tipe` enum('mahasiswa','pegawai','umum') DEFAULT 'umum',
  `pihak_id` int(11) DEFAULT NULL,
  `pihak_nama` varchar(255) DEFAULT NULL,
  `akun_utama_kode` varchar(20) DEFAULT NULL,
  `akun_tujuan_kode` varchar(20) DEFAULT NULL,
  `source` enum('AUTO','MANUAL') DEFAULT 'MANUAL',
  `source_ref` bigint(20) DEFAULT NULL,
  `source_module` varchar(30) DEFAULT NULL,
  `trx_fingerprint` varchar(64) DEFAULT NULL,
  `trx_source_hash` varchar(64) DEFAULT NULL,
  `is_locked` tinyint(1) DEFAULT 0,
  `posted_at` datetime DEFAULT NULL,
  `module_source` varchar(50) DEFAULT NULL,
  `source_id` int(11) DEFAULT NULL,
  `is_migration` tinyint(1) DEFAULT 0,
  PRIMARY KEY (`id`),
  UNIQUE KEY `no_jurnal` (`no_jurnal`),
  KEY `idx_no_jurnal` (`no_jurnal`),
  KEY `idx_jurnal_ref` (`no_jurnal`),
  KEY `idx_jurnal_tgl` (`tgl_jurnal`),
  KEY `idx_jenis_jurnal` (`jenis_jurnal`),
  KEY `idx_jurnal_pihak` (`pihak_id`,`pihak_tipe`),
  KEY `idx_jurnal_pihak_tipe` (`pihak_tipe`,`pihak_id`),
  KEY `idx_tgl_jurnal` (`tgl_jurnal`),
  KEY `idx_jurnal_source_ref` (`source`,`source_ref`),
  KEY `idx_trx_fingerprint` (`trx_fingerprint`),
  KEY `idx_tgl` (`tgl_jurnal`),
  KEY `idx_is_deleted` (`is_deleted`),
  KEY `idx_jenis_transaksi` (`jenis_transaksi`),
  KEY `idx_jurnal_date` (`tgl_jurnal`),
  KEY `idx_jurnal_tanggal` (`tgl_jurnal`,`is_deleted`)
) ENGINE=InnoDB AUTO_INCREMENT=426 DEFAULT CHARSET=utf8mb4 COLLATE=utf8mb4_general_ci;

INSERT INTO `syifa_jurnal` VALUES 
('134', 'BKK/2026/01/0001', '2026-01-24', 'Perolehan Aset Baru: AC Daikin 5pk', NULL, '5000000', '5000000', 'otomatis', '2', '0', 'operasional', '2026-01-24 11:48:26', 'umum', NULL, NULL, 'umum', NULL, NULL, '1-1103', NULL, 'MANUAL', NULL, NULL, NULL, NULL, '0', NULL, NULL, NULL, '0'),
('201', 'BKK/2026/01/0015', '2026-01-21', 'Beli Aset: Komputer', NULL, '5000000', '5000000', 'otomatis', '2', '0', 'operasional', '2026-01-28 11:45:00', 'umum', NULL, NULL, 'umum', NULL, '', '1-1103', NULL, 'MANUAL', NULL, NULL, NULL, NULL, '0', NULL, NULL, NULL, '0'),
('202', 'BKK/2026/01/0016', '2026-01-28', '[Renovasi] gedung kampus -', NULL, '50000000', '50000000', 'otomatis', '2', '0', 'operasional', '2026-01-28 12:04:26', 'umum', NULL, NULL, 'umum', NULL, 'Umum', '1-1103', NULL, 'MANUAL', NULL, NULL, NULL, NULL, '0', NULL, NULL, NULL, '0'),
('208', 'JUR/2026/01/0054', '2026-01-28', 'Penyusutan: AC Daikin', NULL, '108333.33333333333', '108333.33333333333', 'otomatis', '2', '0', 'operasional', '2026-01-28 17:55:03', 'umum', NULL, NULL, 'umum', NULL, NULL, NULL, NULL, 'MANUAL', NULL, NULL, NULL, NULL, '0', NULL, NULL, NULL, '0'),
('209', 'JUR/2026/01/0055', '2026-01-28', 'Penyusutan: AC Daikin 5pk', NULL, '104166.66666666667', '104166.66666666667', 'otomatis', '2', '0', 'operasional', '2026-01-28 17:55:03', 'umum', NULL, NULL, 'umum', NULL, NULL, NULL, NULL, 'MANUAL', NULL, NULL, NULL, NULL, '0', NULL, NULL, NULL, '0'),
('210', 'JUR/2026/01/0056', '2026-01-28', 'Penyusutan: gedung kampus', NULL, '10500000', '10500000', 'otomatis', '2', '0', 'operasional', '2026-01-28 17:55:03', 'umum', NULL, NULL, 'umum', NULL, NULL, NULL, NULL, 'MANUAL', NULL, NULL, NULL, NULL, '0', NULL, NULL, NULL, '0'),
('211', 'JUR/2026/01/0057', '2026-01-28', 'Penyusutan: Komputer', NULL, '104166.66666666667', '104166.66666666667', 'otomatis', '2', '0', 'operasional', '2026-01-28 17:55:03', 'umum', NULL, NULL, 'umum', NULL, NULL, NULL, NULL, 'MANUAL', NULL, NULL, NULL, NULL, '0', NULL, NULL, NULL, '0'),
('212', 'JUR/2026/01/0058', '2026-01-28', 'Penyusutan: SIAK', NULL, '833333.3333333334', '833333.3333333334', 'otomatis', '2', '0', 'operasional', '2026-01-28 17:55:03', 'umum', NULL, NULL, 'umum', NULL, NULL, NULL, NULL, 'MANUAL', NULL, NULL, NULL, NULL, '0', NULL, NULL, NULL, '0'),
('222', 'BKK/2026/02/0022', '2026-01-31', 'TAGIHAN BPJS', NULL, '1000000', '1000000', 'otomatis', '2', '0', 'operasional', '2026-02-01 11:49:48', 'umum', NULL, NULL, 'umum', NULL, 'Umum', '1-1102', NULL, 'MANUAL', NULL, NULL, NULL, NULL, '0', NULL, NULL, NULL, '0'),
('273', 'PAY-260210164', '2026-02-10', 'Beban Gaji Feb 2026 - martha', NULL, '3470000', '3470000', 'otomatis', NULL, '0', 'operasional', '2026-02-10 10:34:57', 'umum', NULL, NULL, 'umum', NULL, 'martha', NULL, NULL, 'MANUAL', NULL, NULL, NULL, NULL, '0', NULL, NULL, NULL, '0'),
('274', 'PAY-260210139', '2026-02-10', 'Beban Gaji Feb 2026 - Ponijah', NULL, '5510000', '5510000', 'otomatis', NULL, '0', 'operasional', '2026-02-10 10:34:57', 'umum', NULL, NULL, 'umum', NULL, 'Ponijah', NULL, NULL, 'MANUAL', NULL, NULL, NULL, NULL, '0', NULL, NULL, NULL, '0'),
('275', 'PAY-260210714', '2026-02-10', 'Beban Gaji Feb 2026 - Sumanto', NULL, '5480000', '5480000', 'otomatis', NULL, '0', 'operasional', '2026-02-10 10:34:57', 'umum', NULL, NULL, 'umum', NULL, 'Sumanto', NULL, NULL, 'MANUAL', NULL, NULL, NULL, NULL, '0', NULL, NULL, NULL, '0'),
('276', 'BKK/2026/02/0038', '2026-02-10', 'Pelunasan Gaji Periode 2/2026', NULL, '14254000', '14254000', 'otomatis', '2', '0', 'operasional', '2026-02-10 10:35:15', 'umum', NULL, NULL, 'umum', NULL, NULL, '1-1102', NULL, 'MANUAL', NULL, NULL, NULL, NULL, '0', NULL, NULL, NULL, '0'),
('294', 'BKK/2026/02/0046', '2026-02-21', '[Unit BAUK] - Belanja Dapur', NULL, '2000000', '2000000', 'umum', '2', '0', 'operasional', '2026-02-21 22:52:34', 'umum', NULL, NULL, 'umum', NULL, 'Random', '1-1105', NULL, 'MANUAL', NULL, NULL, NULL, NULL, '0', NULL, NULL, NULL, '0'),
('309', 'BKK/2026/02/0048', '2026-02-26', 'TAGIHAN BPJS', NULL, '1000000', '1000000', 'umum', '2', '0', 'operasional', '2026-02-26 08:58:44', 'umum', NULL, NULL, 'umum', NULL, 'Umum', '1-1102', NULL, 'MANUAL', NULL, NULL, NULL, NULL, '0', NULL, NULL, NULL, '0'),
('322', 'DEP-202601-00002', '2026-01-28', 'Penyusutan Aset: AC Daikin (01/2026)', NULL, '108333.33333333333', '108333.33333333333', 'otomatis', '2', '0', 'nonkas', '2026-02-27 10:47:55', 'umum', NULL, NULL, 'umum', NULL, NULL, NULL, NULL, 'MANUAL', NULL, NULL, NULL, NULL, '0', NULL, NULL, NULL, '0'),
('323', 'DEP-202601-00003', '2026-01-28', 'Penyusutan Aset: AC Daikin 5pk (01/2026)', NULL, '104166.66666666667', '104166.66666666667', 'otomatis', '2', '0', 'nonkas', '2026-02-27 10:47:55', 'umum', NULL, NULL, 'umum', NULL, NULL, NULL, NULL, 'MANUAL', NULL, NULL, NULL, NULL, '0', NULL, NULL, NULL, '0'),
('324', 'DEP-202601-00008', '2026-01-28', 'Penyusutan Aset: gedung kampus (01/2026)', NULL, '10625000', '10625000', 'otomatis', '2', '0', 'nonkas', '2026-02-27 10:47:55', 'umum', NULL, NULL, 'umum', NULL, NULL, NULL, NULL, 'MANUAL', NULL, NULL, NULL, NULL, '0', NULL, NULL, NULL, '0'),
('325', 'DEP-202601-00009', '2026-01-28', 'Penyusutan Aset: Komputer (01/2026)', NULL, '104166.66666666667', '104166.66666666667', 'otomatis', '2', '0', 'nonkas', '2026-02-27 10:47:55', 'umum', NULL, NULL, 'umum', NULL, NULL, NULL, NULL, 'MANUAL', NULL, NULL, NULL, NULL, '0', NULL, NULL, NULL, '0'),
('326', 'DEP-202601-00004', '2026-01-28', 'Penyusutan Aset: SIAK (01/2026)', NULL, '833333.3333333334', '833333.3333333334', 'otomatis', '2', '0', 'nonkas', '2026-02-27 10:47:56', 'umum', NULL, NULL, 'umum', NULL, NULL, NULL, NULL, 'MANUAL', NULL, NULL, NULL, NULL, '0', NULL, NULL, NULL, '0'),
('346', 'DEP-202602-00002', '2026-02-28', 'Penyusutan Aset: AC Daikin (02/2026)', NULL, '108333.33333333333', '108333.33333333333', 'otomatis', '2', '0', 'nonkas', '2026-02-27 11:48:19', 'umum', NULL, NULL, 'umum', NULL, NULL, NULL, NULL, 'MANUAL', NULL, NULL, NULL, NULL, '0', NULL, NULL, NULL, '0'),
('347', 'DEP-202602-00003', '2026-02-28', 'Penyusutan Aset: AC Daikin 5pk (02/2026)', NULL, '104166.66666666667', '104166.66666666667', 'otomatis', '2', '0', 'nonkas', '2026-02-27 11:48:19', 'umum', NULL, NULL, 'umum', NULL, NULL, NULL, NULL, 'MANUAL', NULL, NULL, NULL, NULL, '0', NULL, NULL, NULL, '0'),
('348', 'DEP-202602-00008', '2026-02-28', 'Penyusutan Aset: gedung kampus (02/2026)', NULL, '10625000', '10625000', 'otomatis', '2', '0', 'nonkas', '2026-02-27 11:48:19', 'umum', NULL, NULL, 'umum', NULL, NULL, NULL, NULL, 'MANUAL', NULL, NULL, NULL, NULL, '0', NULL, NULL, NULL, '0'),
('349', 'DEP-202602-00009', '2026-02-28', 'Penyusutan Aset: Komputer (02/2026)', NULL, '104166.66666666667', '104166.66666666667', 'otomatis', '2', '0', 'nonkas', '2026-02-27 11:48:19', 'umum', NULL, NULL, 'umum', NULL, NULL, NULL, NULL, 'MANUAL', NULL, NULL, NULL, NULL, '0', NULL, NULL, NULL, '0'),
('350', 'DEP-202602-00004', '2026-02-28', 'Penyusutan Aset: SIAK (02/2026)', NULL, '833333.3333333334', '833333.3333333334', 'otomatis', '2', '0', 'nonkas', '2026-02-27 11:48:19', 'umum', NULL, NULL, 'umum', NULL, NULL, NULL, NULL, 'MANUAL', NULL, NULL, NULL, NULL, '0', NULL, NULL, NULL, '0'),
('392', 'SA-AST-2-312', '2024-05-24', 'Migrasi Subledger Aset: AC Daikin', NULL, '5200000', '5200000', '', '1', '0', 'operasional', '2026-03-12 10:47:10', 'umum', NULL, NULL, 'umum', NULL, NULL, NULL, NULL, 'MANUAL', NULL, 'asset', NULL, NULL, '0', NULL, NULL, '2', '1'),
('393', 'SA-AST-4-988', '2025-07-24', 'Migrasi Subledger Aset: SIAK', NULL, '50000000', '50000000', '', '1', '0', 'operasional', '2026-03-12 10:47:10', 'umum', NULL, NULL, 'umum', NULL, NULL, NULL, NULL, 'MANUAL', NULL, 'asset', NULL, NULL, '0', NULL, NULL, '4', '1'),
('394', 'SA-AST-8-241', '2015-01-08', 'Migrasi Subledger Aset: gedung kampus', NULL, '5000000000', '5000000000', '', '1', '0', 'operasional', '2026-03-12 10:47:10', 'umum', NULL, NULL, 'umum', NULL, NULL, NULL, NULL, 'MANUAL', NULL, 'asset', NULL, NULL, '0', NULL, NULL, '8', '1'),
('403', 'Auto Generated', '2026-04-29', '[Unit BAAK] - kegiatan mahasiswa', NULL, '25000000', '25000000', 'umum', '2', '0', 'kas_keluar', '2026-04-29 16:22:27', 'umum', NULL, NULL, 'umum', NULL, '-', '1-1106', NULL, 'MANUAL', NULL, NULL, NULL, NULL, '0', NULL, NULL, NULL, '0'),
('409', 'INV-2024001-177797142422', '2026-05-05', 'Piutang Mahasiswa: Biaya Operasional Pendidikan (20252) a.n Sumardi [2024001]', NULL, '8750000', '8750000', 'umum', '2', '0', 'operasional', '2026-05-05 15:57:04', 'umum', NULL, NULL, 'umum', NULL, 'Sumardi', NULL, NULL, 'MANUAL', NULL, NULL, NULL, NULL, '0', NULL, NULL, NULL, '0'),
('410', 'INV-2024006-177797142472', '2026-05-05', 'Piutang Mahasiswa: Biaya Operasional Pendidikan (20252) a.n Gibran [2024006]', NULL, '8750000', '8750000', 'umum', '2', '0', 'operasional', '2026-05-05 15:57:04', 'umum', NULL, NULL, 'umum', NULL, 'Gibran', NULL, NULL, 'MANUAL', NULL, NULL, NULL, NULL, '0', NULL, NULL, NULL, '0'),
('411', 'INV-2025004-177797142576', '2026-05-05', 'Piutang Mahasiswa: Biaya Operasional Pendidikan (20252) a.n Supardi [2025004]', NULL, '8750000', '8750000', 'umum', '2', '0', 'operasional', '2026-05-05 15:57:05', 'umum', NULL, NULL, 'umum', NULL, 'Supardi', NULL, NULL, 'MANUAL', NULL, NULL, NULL, NULL, '0', NULL, NULL, NULL, '0'),
('412', 'INV-2025003-177797142566', '2026-05-05', 'Piutang Mahasiswa: Biaya Operasional Pendidikan (20252) a.n Martha [2025003]', NULL, '8750000', '8750000', 'umum', '2', '0', 'operasional', '2026-05-05 15:57:05', 'umum', NULL, NULL, 'umum', NULL, 'Martha', NULL, NULL, 'MANUAL', NULL, NULL, NULL, NULL, '0', NULL, NULL, NULL, '0'),
('413', 'BKM/2026/05/0042', '2026-05-05', 'Penerimaan Piutang Mhs: Supardi | Rincian: Biaya Operasional Pendidikan (20252) | ', NULL, '8750000', '8750000', 'umum', '2', '0', 'operasional', '2026-05-05 15:57:43', 'umum', NULL, NULL, 'umum', NULL, 'Supardi', '1-1102', NULL, 'MANUAL', NULL, NULL, NULL, NULL, '0', NULL, NULL, NULL, '0'),
('414', 'BKM/2026/05/0043', '2026-05-05', 'Penerimaan Piutang Mhs: Martha | Rincian: Biaya Operasional Pendidikan (20252) | ', NULL, '3750000', '3750000', 'umum', '2', '0', 'operasional', '2026-05-05 15:58:08', 'umum', NULL, NULL, 'umum', NULL, 'Martha', '1-1102', NULL, 'MANUAL', NULL, NULL, NULL, NULL, '0', NULL, NULL, NULL, '0'),
('415', 'AUT-20260505110011', '2026-05-05', 'Jurnal Payroll Periode 5/2026', NULL, '11145000', '11145000', 'umum', '2', '0', 'operasional', '2026-05-05 16:00:11', 'umum', NULL, NULL, 'umum', NULL, 'Global Payroll', NULL, NULL, 'MANUAL', NULL, 'PAYROLL', NULL, NULL, '0', NULL, NULL, '15', '0'),
('417', 'AUT-20260508080747', '2026-02-10', 'Jurnal Payroll Periode 1/2026', NULL, '14538968', '14538968', 'umum', '2', '0', 'operasional', '2026-05-08 13:07:47', 'umum', NULL, NULL, 'umum', NULL, 'Global Payroll', NULL, NULL, 'MANUAL', NULL, 'PAYROLL', NULL, NULL, '0', NULL, NULL, '14', '0'),
('418', 'BKM/2026/05/0044', '2026-05-08', 'Penerimaan Piutang Mhs: Sumardi | Rincian: Biaya Operasional Pendidikan (20252) | ', NULL, '8750000', '8750000', 'umum', '2', '0', 'operasional', '2026-05-08 13:53:12', 'umum', NULL, NULL, 'umum', NULL, 'Sumardi', '1-1102', NULL, 'MANUAL', NULL, NULL, NULL, NULL, '0', NULL, NULL, NULL, '0'),
('420', 'BKK/2026/05/0052', '2026-05-08', '[Unit BAUK] - Iuran Anggota', NULL, '5000000', '5000000', 'umum', '3', '0', 'kas_keluar', '2026-05-08 15:02:18', 'umum', NULL, NULL, 'umum', NULL, '-', '1-1105', NULL, 'MANUAL', NULL, NULL, NULL, NULL, '0', NULL, NULL, NULL, '0'),
('421', 'BKM/2026/05/0045', '2026-05-09', 'formulir', NULL, '300000', '300000', 'umum', '2', '0', 'kas_masuk', '2026-05-09 21:25:21', 'umum', NULL, NULL, 'umum', NULL, '', '1-1101', NULL, 'MANUAL', NULL, NULL, NULL, NULL, '0', NULL, NULL, NULL, '0'),
('422', 'BKM/2026/05/0046', '2026-05-09', 'formulir', NULL, '300000', '300000', 'umum', '2', '0', 'kas_masuk', '2026-05-09 21:36:39', 'umum', NULL, NULL, 'umum', NULL, '', '1-1101', NULL, 'MANUAL', NULL, NULL, NULL, NULL, '0', NULL, NULL, NULL, '0'),
('423', 'INV-MAN-2024006-1778361034', '2026-05-09', 'Tagihan Manual: Karya Tulis Ilmiah (20252) a.n Gibran [2024006]', NULL, '3000000', '3000000', 'umum', '2', '0', 'operasional', '2026-05-10 04:10:33', 'umum', NULL, NULL, 'umum', NULL, 'Gibran', NULL, NULL, 'MANUAL', NULL, NULL, NULL, NULL, '0', NULL, NULL, NULL, '0'),
('424', 'INV-MAN-2024002-1778367549', '2026-05-09', 'Tagihan Manual: Biaya Operasional Pendidikan (20252) a.n Raihan [2024002]', NULL, '8750000', '8750000', 'umum', '2', '0', 'operasional', '2026-05-10 05:59:10', 'umum', NULL, NULL, 'umum', NULL, 'Raihan', NULL, NULL, 'MANUAL', NULL, NULL, NULL, NULL, '0', NULL, NULL, NULL, '0'),
('425', 'INV-MAN-2024003-1778375336', '2026-05-09', 'Tagihan Manual: Tugas Akhir / Skripsi (20252) a.n Aminah [2024003]', NULL, '2500000', '2500000', 'umum', '2', '0', 'operasional', '2026-05-10 08:08:56', 'umum', NULL, NULL, 'umum', NULL, 'Aminah', NULL, NULL, 'MANUAL', NULL, NULL, NULL, NULL, '0', NULL, NULL, NULL, '0');

DROP TABLE IF EXISTS `syifa_jurnal_detail`;
CREATE TABLE `syifa_jurnal_detail` (
  `id` int(11) NOT NULL AUTO_INCREMENT,
  `jurnal_id` int(11) NOT NULL,
  `kode_akun` varchar(20) NOT NULL,
  `debit` double DEFAULT 0,
  `kredit` double DEFAULT 0,
  `mahasiswa_id` int(11) DEFAULT NULL,
  `pegawai_id` int(11) DEFAULT NULL,
  `aset_id` int(11) DEFAULT NULL,
  `tagihan_id_ref` int(11) DEFAULT NULL,
  `keterangan` text DEFAULT NULL,
  PRIMARY KEY (`id`),
  KEY `jurnal_id` (`jurnal_id`),
  KEY `idx_jurnal_id` (`jurnal_id`),
  KEY `idx_kode_akun` (`kode_akun`),
  KEY `idx_jurnal_kode_akun` (`kode_akun`),
  KEY `idx_mhs` (`mahasiswa_id`),
  KEY `idx_jurnal_mhs` (`mahasiswa_id`),
  KEY `idx_sync_tagihan` (`tagihan_id_ref`),
  KEY `idx_sync_reversal` (`tagihan_id_ref`),
  KEY `idx_tagihan_ref` (`tagihan_id_ref`),
  KEY `idx_coa_lookup` (`kode_akun`),
  KEY `idx_detail_jurnal` (`jurnal_id`),
  KEY `idx_detail_akun` (`kode_akun`),
  KEY `idx_jurnal_detail_akun` (`kode_akun`),
  KEY `idx_jurnal_detail_jurnal` (`jurnal_id`),
  CONSTRAINT `fk_jurnal_coa` FOREIGN KEY (`kode_akun`) REFERENCES `syifa_akun` (`kode_akun`) ON UPDATE CASCADE,
  CONSTRAINT `fk_jurnal_valid` FOREIGN KEY (`jurnal_id`) REFERENCES `syifa_jurnal` (`id`) ON DELETE CASCADE
) ENGINE=InnoDB AUTO_INCREMENT=1297 DEFAULT CHARSET=utf8mb4 COLLATE=utf8mb4_general_ci;

INSERT INTO `syifa_jurnal_detail` VALUES 
('472', '134', '1-2101', '5000000', '0', NULL, NULL, NULL, NULL, NULL),
('473', '134', '1-1103', '0', '5000000', NULL, NULL, NULL, NULL, NULL),
('639', '208', '1-2102', '0', '108333.33333333333', NULL, NULL, '2', NULL, NULL),
('641', '209', '1-2102', '0', '104166.66666666667', NULL, NULL, '3', NULL, NULL),
('643', '210', '1-2102', '0', '10500000', NULL, NULL, '8', NULL, NULL),
('645', '211', '1-2102', '0', '104166.66666666667', NULL, NULL, '9', NULL, NULL),
('647', '212', '1-2202', '0', '833333.3333333334', NULL, NULL, '4', NULL, NULL),
('872', '273', '2-1103', '0', '25000', NULL, '1', NULL, NULL, NULL),
('873', '273', '2-2001', '0', '26000', NULL, '1', NULL, NULL, NULL),
('874', '273', '5-1001', '3470000', '0', NULL, '1', NULL, NULL, NULL),
('875', '273', '2-1101', '0', '3419000', NULL, '1', NULL, NULL, NULL),
('876', '274', '2-1103', '0', '60000', NULL, '2', NULL, NULL, NULL),
('877', '274', '2-2001', '0', '20000', NULL, '2', NULL, NULL, NULL),
('878', '274', '5-1001', '5510000', '0', NULL, '2', NULL, NULL, NULL),
('879', '274', '2-1101', '0', '5430000', NULL, '2', NULL, NULL, NULL),
('880', '275', '2-1103', '0', '50000', NULL, '4', NULL, NULL, NULL),
('881', '275', '2-2001', '0', '25000', NULL, '4', NULL, NULL, NULL),
('882', '275', '5-1001', '5480000', '0', NULL, '4', NULL, NULL, NULL),
('883', '275', '2-1101', '0', '5405000', NULL, '4', NULL, NULL, NULL),
('884', '276', '1-1102', '0', '14254000', NULL, NULL, NULL, NULL, NULL),
('885', '276', '2-1101', '3419000', '0', NULL, '1', NULL, NULL, NULL),
('886', '276', '2-1101', '5430000', '0', NULL, '2', NULL, NULL, NULL),
('887', '276', '2-1101', '5405000', '0', NULL, '4', NULL, NULL, NULL),
('982', '222', '2-1102', '1000000', '0', NULL, NULL, NULL, NULL, NULL),
('983', '222', '1-1102', '0', '1000000', NULL, NULL, NULL, NULL, NULL),
('984', '309', '2-1102', '1000000', '0', NULL, NULL, NULL, NULL, NULL),
('985', '309', '1-1102', '0', '1000000', NULL, NULL, NULL, NULL, NULL),
('1021', '322', '6-1002', '108333.33333333333', '0', NULL, NULL, '2', NULL, NULL),
('1022', '322', '1-2102', '0', '108333.33333333333', NULL, NULL, '2', NULL, NULL),
('1023', '323', '6-1002', '104166.66666666667', '0', NULL, NULL, '3', NULL, NULL),
('1024', '323', '1-2102', '0', '104166.66666666667', NULL, NULL, '3', NULL, NULL),
('1025', '324', '6-1002', '10625000', '0', NULL, NULL, '8', NULL, NULL),
('1026', '324', '1-2102', '0', '10625000', NULL, NULL, '8', NULL, NULL),
('1027', '325', '6-1002', '104166.66666666667', '0', NULL, NULL, '9', NULL, NULL),
('1028', '325', '1-2102', '0', '104166.66666666667', NULL, NULL, '9', NULL, NULL),
('1029', '326', '6-1003', '833333.3333333334', '0', NULL, NULL, '4', NULL, NULL),
('1030', '326', '1-2202', '0', '833333.3333333334', NULL, NULL, '4', NULL, NULL),
('1065', '346', '6-1002', '108333.33333333333', '0', NULL, NULL, '2', NULL, NULL),
('1066', '346', '1-2102', '0', '108333.33333333333', NULL, NULL, '2', NULL, NULL),
('1067', '347', '6-1002', '104166.66666666667', '0', NULL, NULL, '3', NULL, NULL),
('1068', '347', '1-2102', '0', '104166.66666666667', NULL, NULL, '3', NULL, NULL),
('1069', '348', '6-1002', '10625000', '0', NULL, NULL, '8', NULL, NULL),
('1070', '348', '1-2102', '0', '10625000', NULL, NULL, '8', NULL, NULL),
('1071', '349', '6-1002', '104166.66666666667', '0', NULL, NULL, '9', NULL, NULL),
('1072', '349', '1-2102', '0', '104166.66666666667', NULL, NULL, '9', NULL, NULL),
('1073', '350', '6-1003', '833333.3333333334', '0', NULL, NULL, '4', NULL, NULL),
('1074', '350', '1-2202', '0', '833333.3333333334', NULL, NULL, '4', NULL, NULL),
('1079', '202', '1-2101', '50000000', '0', NULL, NULL, '8', NULL, NULL),
('1080', '202', '1-1103', '0', '50000000', NULL, NULL, NULL, NULL, NULL),
('1081', '201', '1-2101', '5000000', '0', NULL, NULL, '9', NULL, NULL),
('1082', '201', '1-1103', '0', '5000000', NULL, NULL, NULL, NULL, NULL),
('1187', '208', '3-1001', '108333.33333333333', '0', NULL, NULL, NULL, NULL, 'Auto-Heal Balancing (Sistem)'),
('1188', '209', '3-1001', '104166.66666666667', '0', NULL, NULL, NULL, NULL, 'Auto-Heal Balancing (Sistem)'),
('1189', '210', '3-1001', '10500000', '0', NULL, NULL, NULL, NULL, 'Auto-Heal Balancing (Sistem)'),
('1190', '211', '3-1001', '104166.66666666667', '0', NULL, NULL, NULL, NULL, 'Auto-Heal Balancing (Sistem)'),
('1191', '212', '3-1001', '833333.3333333334', '0', NULL, NULL, NULL, NULL, 'Auto-Heal Balancing (Sistem)'),
('1192', '392', '1-2101', '5200000', '0', NULL, NULL, '2', NULL, NULL),
('1193', '392', '3-1001', '0', '5200000', NULL, NULL, '2', NULL, NULL),
('1194', '393', '1-2201', '50000000', '0', NULL, NULL, '4', NULL, NULL),
('1195', '393', '3-1001', '0', '50000000', NULL, NULL, '4', NULL, NULL),
('1196', '394', '1-2101', '5000000000', '0', NULL, NULL, '8', NULL, NULL),
('1197', '394', '1-2102', '0', '2500000000', NULL, NULL, '8', NULL, NULL),
('1198', '394', '3-1001', '0', '2500000000', NULL, NULL, '8', NULL, NULL),
('1233', '294', '1-1105', '0', '2000000', NULL, NULL, NULL, NULL, '[Unit BAUK] - Belanja Dapur'),
('1234', '294', '5-2002', '2000000', '0', NULL, NULL, NULL, NULL, ''),
('1235', '403', '1-1106', '0', '25000000', NULL, NULL, NULL, NULL, '[Unit BAAK] - kegiatan mahasiswa'),
('1236', '403', '5-2001', '25000000', '0', NULL, NULL, NULL, NULL, NULL),
('1251', '409', '1-1201', '8750000', '0', '58', NULL, NULL, NULL, NULL),
('1252', '409', '4-1001', '0', '8750000', '58', NULL, NULL, '237', NULL),
('1253', '410', '1-1201', '8750000', '0', '59', NULL, NULL, NULL, NULL),
('1254', '410', '4-1001', '0', '8750000', '59', NULL, NULL, '238', NULL),
('1255', '411', '1-1201', '8750000', '0', '63', NULL, NULL, NULL, NULL),
('1256', '411', '4-1001', '0', '8750000', '63', NULL, NULL, '239', NULL),
('1257', '412', '1-1201', '8750000', '0', '64', NULL, NULL, NULL, NULL),
('1258', '412', '4-1001', '0', '8750000', '64', NULL, NULL, '240', NULL),
('1259', '413', '1-1102', '8750000', '0', '63', NULL, NULL, '239', NULL),
('1260', '413', '1-1201', '0', '8750000', '63', NULL, NULL, '239', 'Pelunasan Biaya Operasional Pendidikan (20252)'),
('1261', '414', '1-1102', '3750000', '0', '64', NULL, NULL, '240', NULL),
('1262', '414', '1-1201', '0', '3750000', '64', NULL, NULL, '240', 'Pelunasan Biaya Operasional Pendidikan (20252)'),
('1263', '415', '2-1103', '110000', '0', NULL, NULL, NULL, NULL, 'Jurnal Payroll Periode 5/2026 (BPJS Ketenagakerjaan)'),
('1264', '415', '2-2001', '45000', '0', NULL, NULL, NULL, NULL, 'Jurnal Payroll Periode 5/2026 (PPh 21)'),
('1265', '415', '5-1001', '10000000', '0', NULL, NULL, NULL, NULL, 'Jurnal Payroll Periode 5/2026 (Gaji Pokok)'),
('1266', '415', '5-1001', '480000', '0', NULL, NULL, NULL, NULL, 'Jurnal Payroll Periode 5/2026 (Tunjangan Struktural)'),
('1267', '415', '5-1001', '510000', '0', NULL, NULL, NULL, NULL, 'Jurnal Payroll Periode 5/2026 (Uang Makan)'),
('1268', '415', '2-1101', '0', '11145000', NULL, NULL, NULL, NULL, 'Hutang Gaji Nett Periode 5/2026'),
('1271', '417', '2-1103', '168504', '0', NULL, NULL, NULL, NULL, 'Jurnal Payroll Periode 1/2026 (BPJS Ketenagakerjaan)'),
('1272', '417', '2-2001', '45000', '0', NULL, NULL, NULL, NULL, 'Jurnal Payroll Periode 1/2026 (PPh 21)'),
('1273', '417', '5-1001', '12550422', '0', NULL, NULL, NULL, NULL, 'Jurnal Payroll Periode 1/2026 (Gaji Pokok)'),
('1274', '417', '5-1001', '1265042', '0', NULL, NULL, NULL, NULL, 'Jurnal Payroll Periode 1/2026 (Tunjangan Struktural)'),
('1275', '417', '5-1001', '510000', '0', NULL, NULL, NULL, NULL, 'Jurnal Payroll Periode 1/2026 (Uang Makan)'),
('1276', '417', '2-1101', '0', '14538968', NULL, NULL, NULL, NULL, 'Hutang Gaji Nett Periode 1/2026'),
('1277', '418', '1-1102', '8750000', '0', '58', NULL, NULL, NULL, NULL),
('1278', '418', '1-1201', '0', '8750000', '58', NULL, NULL, '237', 'Pelunasan Biaya Operasional Pendidikan (20252)'),
('1279', '420', '1-1105', '0', '5000000', NULL, NULL, NULL, NULL, '[Unit BAUK] - Iuran Anggota'),
('1280', '420', '5-2002', '5000000', '0', NULL, NULL, NULL, NULL, NULL),
('1287', '421', '1-1101', '300000', '0', NULL, NULL, NULL, NULL, 'formulir'),
('1288', '421', '4-1008', '0', '300000', NULL, NULL, NULL, NULL, 'formulir'),
('1289', '422', '1-1101', '300000', '0', NULL, NULL, NULL, NULL, 'formulir'),
('1290', '422', '4-1008', '0', '300000', NULL, NULL, NULL, NULL, 'formulir'),
('1291', '423', '1-1201', '3000000', '0', '59', NULL, NULL, NULL, NULL),
('1292', '423', '4-1009', '0', '3000000', '59', NULL, NULL, '241', NULL),
('1293', '424', '1-1201', '8750000', '0', '57', NULL, NULL, NULL, NULL),
('1294', '424', '4-1001', '0', '8750000', '57', NULL, NULL, '242', NULL),
('1295', '425', '1-1201', '2500000', '0', '56', NULL, NULL, NULL, NULL),
('1296', '425', '4-1010', '0', '2500000', '56', NULL, NULL, '243', NULL);

DROP TABLE IF EXISTS `syifa_jurnal_header`;
CREATE TABLE `syifa_jurnal_header` (
  `id` bigint(20) NOT NULL AUTO_INCREMENT,
  `no_transaksi` varchar(30) NOT NULL,
  `tgl_transaksi` date NOT NULL,
  `periode_id` int(11) NOT NULL,
  `keterangan` text NOT NULL,
  `tipe_transaksi` varchar(20) DEFAULT 'JU',
  `status` enum('Draft','Posted','Void') NOT NULL DEFAULT 'Draft',
  `total_nilai` decimal(15,2) NOT NULL DEFAULT 0.00,
  `created_by` int(11) DEFAULT NULL,
  `created_at` timestamp NOT NULL DEFAULT current_timestamp(),
  `posted_at` datetime DEFAULT NULL,
  `posted_by` varchar(50) DEFAULT NULL,
  PRIMARY KEY (`id`),
  UNIQUE KEY `idx_no_transaksi` (`no_transaksi`),
  KEY `idx_periode` (`periode_id`),
  KEY `idx_tgl` (`tgl_transaksi`),
  KEY `idx_tipe` (`tipe_transaksi`),
  CONSTRAINT `fk_jurnal_periode` FOREIGN KEY (`periode_id`) REFERENCES `syifa_periode` (`id`)
) ENGINE=InnoDB DEFAULT CHARSET=utf8mb4 COLLATE=utf8mb4_general_ci;

DROP TABLE IF EXISTS `syifa_ledger_snapshot`;
CREATE TABLE `syifa_ledger_snapshot` (
  `id` int(11) NOT NULL AUTO_INCREMENT,
  `periode_tahun` int(4) NOT NULL,
  `periode_bulan` int(2) NOT NULL,
  `kode_akun` varchar(50) NOT NULL,
  `saldo_debit` decimal(20,2) DEFAULT 0.00,
  `saldo_kredit` decimal(20,2) DEFAULT 0.00,
  `net_balance` decimal(20,2) DEFAULT 0.00,
  `last_updated` timestamp NOT NULL DEFAULT current_timestamp() ON UPDATE current_timestamp(),
  PRIMARY KEY (`id`),
  UNIQUE KEY `idx_snapshot_periode_akun` (`periode_tahun`,`periode_bulan`,`kode_akun`)
) ENGINE=InnoDB DEFAULT CHARSET=utf8mb4 COLLATE=utf8mb4_general_ci;

DROP TABLE IF EXISTS `syifa_mahasiswa`;
CREATE TABLE `syifa_mahasiswa` (
  `id` int(11) NOT NULL AUTO_INCREMENT,
  `nim` varchar(20) NOT NULL,
  `nama` varchar(100) NOT NULL,
  `prodi_id` int(11) DEFAULT NULL,
  `sistem_kuliah` varchar(5) DEFAULT NULL,
  `prodi` varchar(50) DEFAULT NULL,
  `angkatan` varchar(10) DEFAULT NULL,
  `telepon` varchar(20) DEFAULT NULL,
  `status_kode` varchar(2) DEFAULT 'A',
  `status` varchar(2) DEFAULT 'A',
  `saldo_awal_piutang` double DEFAULT 0,
  PRIMARY KEY (`id`),
  UNIQUE KEY `idx_nim` (`nim`),
  KEY `idx_mhs_angkatan_sync` (`angkatan`)
) ENGINE=InnoDB AUTO_INCREMENT=65 DEFAULT CHARSET=utf8mb4 COLLATE=utf8mb4_general_ci;

INSERT INTO `syifa_mahasiswa` VALUES 
('56', '2024003', 'Aminah', '1', 'HAF', NULL, '20241', '81234567890', 'A', 'A', '0'),
('57', '2024002', 'Raihan', '1', 'KIP', NULL, '20241', '89876543210', 'A', 'A', '0'),
('58', '2024001', 'Sumardi', '1', 'REG', NULL, '20241', '', 'A', 'A', '0'),
('59', '2024006', 'Gibran', '1', 'REG', NULL, '20241', '', 'A', 'A', '0'),
('60', '2025005', 'Manalu', '3', 'REG', NULL, '20251', '', 'A', 'A', '0'),
('61', '2025006', 'Solohin', '3', 'REG', NULL, '20251', '', 'A', 'A', '0'),
('63', '2025004', 'Supardi', '1', 'REG', NULL, '20251', '', 'A', 'A', '0'),
('64', '2025003', 'Martha', '1', 'REG', NULL, '20251', '', 'A', 'A', '0');

DROP TABLE IF EXISTS `syifa_notifications`;
CREATE TABLE `syifa_notifications` (
  `id` int(11) NOT NULL AUTO_INCREMENT,
  `notif_type` enum('pengajuan','laporan','approval','realisasi') NOT NULL,
  `ref_id` int(11) DEFAULT NULL,
  `unit_id` int(11) DEFAULT NULL,
  `judul` varchar(255) DEFAULT NULL,
  `pesan` text DEFAULT NULL,
  `status` enum('unread','read','processed') DEFAULT 'unread',
  `created_at` timestamp NOT NULL DEFAULT current_timestamp(),
  `action_url` varchar(255) DEFAULT NULL,
  `user_id` int(11) DEFAULT 0,
  `is_read` tinyint(1) DEFAULT 0,
  `url` varchar(255) DEFAULT NULL,
  PRIMARY KEY (`id`),
  KEY `idx_status` (`status`),
  KEY `idx_type` (`notif_type`),
  KEY `idx_unit` (`unit_id`,`status`)
) ENGINE=InnoDB AUTO_INCREMENT=100 DEFAULT CHARSET=utf8mb4 COLLATE=utf8mb4_general_ci;

INSERT INTO `syifa_notifications` VALUES 
('1', 'laporan', NULL, '3', 'Laporan Unit Dikirim', 'Unit mengirim laporan: laporan', 'unread', '2026-02-20 15:24:22', 'index.php?page=arsip_dokumen', '0', '0', NULL),
('2', 'laporan', NULL, '2', 'Laporan Unit Dikirim', 'Unit mengirim laporan: laporan unit', 'unread', '2026-02-20 22:47:31', 'index.php?page=arsip_dokumen', '0', '0', NULL),
('3', 'laporan', NULL, '3', 'Laporan Unit Menunggu Validasi', 'Unit Bidang Administrasi  Umum & Kepegawaian mengirim laporan test', 'unread', '2026-02-21 06:13:39', 'index.php?page=anggaran_unit&tab=validasi', '0', '0', NULL),
('4', 'laporan', NULL, '3', 'Laporan Perlu Revisi', 'Koreksi Laporan test: salah woi', 'unread', '2026-02-21 06:14:35', 'index.php?page=anggaran_unit&tab=monitoring', '0', '0', NULL),
('5', 'laporan', NULL, '3', 'Laporan Disetujui', 'Laporan laporan telah disetujui dan masuk ke Arsip Pusat.', 'unread', '2026-02-21 06:15:02', 'index.php?page=anggaran_unit&tab=monitoring', '0', '0', NULL),
('6', 'pengajuan', NULL, NULL, 'Laporan Menunggu Validasi', 'Unit Bidang Administrasi  Umum & Kepegawaian mengirim laporan: test', 'unread', '2026-02-21 06:30:43', 'index.php?page=anggaran_unit&tab=validasi', '0', '0', NULL),
('7', 'pengajuan', NULL, NULL, 'Laporan Disetujui', 'Laporan laporan telah divalidasi dan diarsipkan.', 'read', '2026-02-21 06:40:35', NULL, '2', '1', 'index.php?page=anggaran_unit&tab=monitoring'),
('8', 'pengajuan', NULL, NULL, 'Laporan Disetujui', 'Laporan laporan unit telah divalidasi dan diarsipkan.', 'read', '2026-02-21 07:07:50', NULL, '2', '1', 'index.php?page=anggaran_unit&tab=monitoring'),
('9', 'pengajuan', NULL, NULL, 'Respon Pengajuan Anggaran', 'Pengajuan Anggaran: Beli Asset telah DITOLAK', 'read', '2026-02-21 07:35:57', 'index.php?page=anggaran_unit&tab=input', '2', '1', 'index.php?page=anggaran_unit&tab=input'),
('10', 'pengajuan', NULL, NULL, 'Laporan Disetujui', 'Laporan laporan unit lolos validasi dan telah diarsipkan permanen.', 'read', '2026-02-21 07:41:34', NULL, '2', '1', 'index.php?page=arsip_dokumen'),
('11', 'pengajuan', NULL, NULL, 'Pengajuan Anggaran Baru', 'Unit Bidang Administrasi  Umum & Kepegawaian mengajukan usulan anggaran: Beli Asset', 'unread', '2026-02-21 08:01:30', 'index.php?page=anggaran_unit&tab=approval', '1', '0', 'index.php?page=anggaran_unit&tab=approval'),
('12', 'pengajuan', NULL, NULL, 'Pengajuan Anggaran Baru', 'Unit Bidang Administrasi  Umum & Kepegawaian mengajukan usulan anggaran: Beli Asset', 'read', '2026-02-21 08:01:30', 'index.php?page=anggaran_unit&tab=approval', '2', '1', 'index.php?page=anggaran_unit&tab=approval'),
('13', 'pengajuan', NULL, NULL, 'Respon Pengajuan Anggaran', 'Pengajuan Anggaran: Beli Asset telah DISETUJUI (Rp 25,000,000)', 'read', '2026-02-21 08:01:41', 'index.php?page=anggaran_unit&tab=input', '2', '1', 'index.php?page=anggaran_unit&tab=input'),
('14', 'pengajuan', NULL, NULL, 'Laporan Unit Menunggu Validasi', 'Unit Bidang Administrasi  Umum & Kepegawaian mengirim laporan test', 'unread', '2026-02-21 08:37:50', 'index.php?page=anggaran_unit&tab=validasi', '1', '0', 'index.php?page=anggaran_unit&tab=validasi'),
('15', 'pengajuan', NULL, NULL, 'Laporan Unit Menunggu Validasi', 'Unit Bidang Administrasi  Umum & Kepegawaian mengirim laporan test', 'read', '2026-02-21 08:37:50', 'index.php?page=anggaran_unit&tab=validasi', '2', '1', 'index.php?page=anggaran_unit&tab=validasi'),
('16', 'pengajuan', NULL, NULL, 'Laporan Disetujui', 'Laporan test lolos validasi dan telah diarsipkan permanen.', 'read', '2026-02-21 08:38:00', NULL, '2', '1', 'index.php?page=arsip_dokumen'),
('17', 'pengajuan', NULL, NULL, 'Laporan Disetujui', 'Laporan test lolos validasi dan telah diarsipkan permanen.', 'read', '2026-02-21 08:38:52', NULL, '2', '1', 'index.php?page=arsip_dokumen'),
('18', 'pengajuan', NULL, NULL, 'Validasi Lolos', 'Usulan Beli Asset telah divalidasi Checker dan menunggu Approval Anda.', 'unread', '2026-02-21 09:43:52', 'index.php?page=anggaran_unit&tab=approval', '1', '0', 'index.php?page=anggaran_unit&tab=approval'),
('19', 'pengajuan', NULL, NULL, 'Validasi Lolos', 'Usulan Beli Asset telah divalidasi Checker dan menunggu Approval Anda.', 'read', '2026-02-21 09:43:52', 'index.php?page=anggaran_unit&tab=approval', '2', '1', 'index.php?page=anggaran_unit&tab=approval'),
('20', 'pengajuan', NULL, NULL, 'Validasi Lolos', 'Usulan Beli Asset divalidasi Checker.', 'unread', '2026-02-21 11:39:50', 'index.php?page=anggaran_unit&tab=approval', '1', '0', 'index.php?page=anggaran_unit&tab=approval'),
('21', 'pengajuan', NULL, NULL, 'Validasi Lolos', 'Usulan Beli Asset divalidasi Checker.', 'read', '2026-02-21 11:39:50', 'index.php?page=anggaran_unit&tab=approval', '2', '1', 'index.php?page=anggaran_unit&tab=approval'),
('22', 'pengajuan', NULL, NULL, 'Anggaran Disetujui', 'Usulan Beli Asset disetujui Pimpinan.', 'read', '2026-02-21 11:39:59', 'index.php?page=anggaran_unit&tab=dashboard', '2', '1', 'index.php?page=anggaran_unit&tab=dashboard'),
('23', 'pengajuan', NULL, NULL, 'Validasi Lolos', 'Usulan Beli Asset divalidasi Checker.', 'unread', '2026-02-21 11:40:45', 'index.php?page=anggaran_unit&tab=approval', '1', '0', 'index.php?page=anggaran_unit&tab=approval'),
('24', 'pengajuan', NULL, NULL, 'Validasi Lolos', 'Usulan Beli Asset divalidasi Checker.', 'read', '2026-02-21 11:40:45', 'index.php?page=anggaran_unit&tab=approval', '2', '1', 'index.php?page=anggaran_unit&tab=approval'),
('25', 'pengajuan', NULL, NULL, 'Anggaran Disetujui', 'Usulan Beli Asset disetujui Pimpinan.', 'read', '2026-02-21 11:40:50', 'index.php?page=anggaran_unit&tab=dashboard', '2', '1', 'index.php?page=anggaran_unit&tab=dashboard'),
('26', 'pengajuan', NULL, NULL, 'Pengajuan Ditolak', 'Usulan Beli Asset ditolak oleh pemeriksa.', 'read', '2026-02-21 21:56:32', 'index.php?page=anggaran_unit&tab=input', '2', '1', 'index.php?page=anggaran_unit&tab=input'),
('27', 'pengajuan', NULL, NULL, 'Pengajuan Anggaran Baru', 'Unit Bidang Administrasi  Umum & Kepegawaian mengajukan usulan anggaran: Beli Asset', 'unread', '2026-02-21 21:56:54', 'index.php?page=anggaran_unit&tab=approval', '1', '0', 'index.php?page=anggaran_unit&tab=approval'),
('28', 'pengajuan', NULL, NULL, 'Pengajuan Anggaran Baru', 'Unit Bidang Administrasi  Umum & Kepegawaian mengajukan usulan anggaran: Beli Asset', 'read', '2026-02-21 21:56:54', 'index.php?page=anggaran_unit&tab=approval', '2', '1', 'index.php?page=anggaran_unit&tab=approval'),
('29', 'pengajuan', NULL, NULL, 'Validasi Lolos', 'Usulan Beli Asset divalidasi Checker.', 'unread', '2026-02-21 22:54:04', 'index.php?page=anggaran_unit&tab=approval', '1', '0', 'index.php?page=anggaran_unit&tab=approval'),
('30', 'pengajuan', NULL, NULL, 'Validasi Lolos', 'Usulan Beli Asset divalidasi Checker.', 'read', '2026-02-21 22:54:04', 'index.php?page=anggaran_unit&tab=approval', '2', '1', 'index.php?page=anggaran_unit&tab=approval'),
('31', 'pengajuan', NULL, NULL, 'Anggaran Disetujui', 'Usulan Beli Asset disetujui Pimpinan.', 'read', '2026-02-21 22:54:26', 'index.php?page=anggaran_unit&tab=dashboard', '2', '1', 'index.php?page=anggaran_unit&tab=dashboard'),
('32', 'pengajuan', NULL, NULL, 'Pengajuan Anggaran Baru', 'Unit Bidang Administrasi  Umum & Kepegawaian mengajukan usulan anggaran: coba coba', 'unread', '2026-02-22 07:57:00', 'index.php?page=anggaran_unit&tab=approval', '1', '0', 'index.php?page=anggaran_unit&tab=approval'),
('33', 'pengajuan', NULL, NULL, 'Pengajuan Anggaran Baru', 'Unit Bidang Administrasi  Umum & Kepegawaian mengajukan usulan anggaran: coba coba', 'read', '2026-02-22 07:57:00', 'index.php?page=anggaran_unit&tab=approval', '2', '1', 'index.php?page=anggaran_unit&tab=approval'),
('34', 'pengajuan', NULL, NULL, 'Validasi Lolos', 'Usulan coba coba divalidasi Checker. Catatan: gass', 'read', '2026-02-22 09:07:57', 'index.php?page=anggaran_unit&tab=approval', '1', '1', 'index.php?page=anggaran_unit&tab=approval'),
('35', 'pengajuan', NULL, NULL, 'Validasi Lolos', 'Usulan coba coba divalidasi Checker. Catatan: gass', 'read', '2026-02-22 09:07:57', 'index.php?page=anggaran_unit&tab=approval', '2', '1', 'index.php?page=anggaran_unit&tab=approval'),
('36', 'pengajuan', NULL, NULL, 'Anggaran Disetujui', 'Usulan coba coba disetujui Pimpinan.', 'read', '2026-02-22 09:08:23', 'index.php?page=anggaran_unit&tab=dashboard', '3', '1', 'index.php?page=anggaran_unit&tab=dashboard'),
('37', 'pengajuan', NULL, NULL, 'Anggaran Disetujui', 'Usulan coba coba disetujui Pimpinan.', 'read', '2026-02-22 10:21:05', 'index.php?page=anggaran_unit&tab=dashboard', '3', '1', 'index.php?page=anggaran_unit&tab=dashboard'),
('38', 'pengajuan', NULL, NULL, 'Laporan Disetujui', 'Laporan [laporan unit] telah diverifikasi.', 'read', '2026-02-22 10:42:32', 'index.php?page=anggaran_unit&tab=monitoring', '2', '1', 'index.php?page=anggaran_unit&tab=monitoring'),
('39', 'pengajuan', NULL, NULL, 'Laporan Disetujui', 'Laporan [test] telah diverifikasi.', 'read', '2026-02-22 10:42:46', 'index.php?page=anggaran_unit&tab=monitoring', '2', '1', 'index.php?page=anggaran_unit&tab=monitoring'),
('40', 'pengajuan', NULL, NULL, 'Anggaran Disetujui', 'Usulan coba coba disetujui Pimpinan.', 'read', '2026-02-22 10:44:12', 'index.php?page=anggaran_unit&tab=dashboard', '3', '1', 'index.php?page=anggaran_unit&tab=dashboard'),
('41', 'pengajuan', NULL, NULL, 'Anggaran Disetujui', 'Usulan coba coba disetujui Pimpinan.', 'read', '2026-02-22 11:09:57', 'index.php?page=anggaran_unit&tab=dashboard', '3', '1', 'index.php?page=anggaran_unit&tab=dashboard'),
('42', 'pengajuan', NULL, NULL, 'Anggaran Disetujui', 'Usulan coba coba disetujui Pimpinan.', 'read', '2026-02-22 11:12:56', 'index.php?page=anggaran_unit&tab=dashboard', '3', '1', 'index.php?page=anggaran_unit&tab=dashboard'),
('43', 'pengajuan', NULL, NULL, 'Menunggu Otorisasi Final', 'Usulan coba coba telah divalidasi Checker dan menunggu ketuk palu Pimpinan.', 'read', '2026-02-22 11:22:52', 'index.php?page=anggaran_unit&tab=approval', '2', '1', 'index.php?page=anggaran_unit&tab=approval'),
('44', 'pengajuan', NULL, NULL, 'Menunggu Otorisasi Final', 'Usulan coba coba telah divalidasi Checker dan menunggu ketuk palu Pimpinan.', 'read', '2026-02-22 11:22:52', 'index.php?page=anggaran_unit&tab=approval', '4', '1', 'index.php?page=anggaran_unit&tab=approval'),
('45', 'pengajuan', NULL, NULL, 'Anggaran Disetujui', 'Usulan coba coba disetujui Pimpinan.', 'read', '2026-02-22 11:23:06', 'index.php?page=anggaran_unit&tab=dashboard', '3', '1', 'index.php?page=anggaran_unit&tab=dashboard'),
('46', 'pengajuan', NULL, NULL, 'Pengajuan Anggaran Baru', 'Unit Bidang Administrasi Akademik dan Kemahasiswaan mengajukan usulan anggaran: Percobaan', 'unread', '2026-04-25 09:24:20', 'index.php?page=anggaran_unit&tab=approval', '1', '0', 'index.php?page=anggaran_unit&tab=approval'),
('47', 'pengajuan', NULL, NULL, 'Pengajuan Anggaran Baru', 'Unit Bidang Administrasi Akademik dan Kemahasiswaan mengajukan usulan anggaran: Percobaan', 'read', '2026-04-25 09:24:20', 'index.php?page=anggaran_unit&tab=approval', '2', '1', 'index.php?page=anggaran_unit&tab=approval'),
('48', 'pengajuan', NULL, NULL, 'Pengajuan Ditolak', 'Usulan Percobaan ditolak. Catatan: double', 'read', '2026-04-25 11:49:36', 'index.php?page=anggaran_unit&tab=input', '5', '1', 'index.php?page=anggaran_unit&tab=input'),
('49', 'pengajuan', NULL, NULL, 'Menunggu Otorisasi Final', 'Usulan Percobaan telah divalidasi Checker dan menunggu ketuk palu Pimpinan.', 'unread', '2026-04-25 11:49:46', 'index.php?page=anggaran_unit&tab=approval', '1', '0', 'index.php?page=anggaran_unit&tab=approval'),
('50', 'pengajuan', NULL, NULL, 'Menunggu Otorisasi Final', 'Usulan Percobaan telah divalidasi Checker dan menunggu ketuk palu Pimpinan.', 'read', '2026-04-25 11:49:46', 'index.php?page=anggaran_unit&tab=approval', '2', '1', 'index.php?page=anggaran_unit&tab=approval'),
('51', 'pengajuan', NULL, NULL, 'Menunggu Otorisasi Final', 'Usulan Percobaan telah divalidasi Checker dan menunggu ketuk palu Pimpinan.', 'unread', '2026-04-25 11:49:46', 'index.php?page=anggaran_unit&tab=approval', '4', '0', 'index.php?page=anggaran_unit&tab=approval'),
('52', 'pengajuan', NULL, NULL, 'Anggaran Disetujui', 'Usulan Percobaan disetujui Pimpinan.', 'read', '2026-04-25 13:44:19', 'index.php?page=anggaran_unit&tab=dashboard', '5', '1', 'index.php?page=anggaran_unit&tab=dashboard'),
('53', 'pengajuan', NULL, NULL, 'RAPB Menunggu Approval', 'Worksheet Anggaran Belanja 2026 telah diajukan dan menunggu pengesahan Anda.', 'unread', '2026-04-27 09:21:28', 'index.php?page=anggaran_belanja&tab=input', '1', '0', 'index.php?page=anggaran_belanja&tab=input'),
('54', 'pengajuan', NULL, NULL, 'RAPB Menunggu Approval', 'Worksheet Anggaran Belanja 2026 telah diajukan dan menunggu pengesahan Anda.', 'read', '2026-04-27 09:21:28', 'index.php?page=anggaran_belanja&tab=input', '2', '1', 'index.php?page=anggaran_belanja&tab=input'),
('55', 'pengajuan', NULL, NULL, 'RAPB Menunggu Approval', 'Worksheet Anggaran Belanja 2026 telah diajukan dan menunggu pengesahan Anda.', 'unread', '2026-04-27 09:21:28', 'index.php?page=anggaran_belanja&tab=input', '4', '0', 'index.php?page=anggaran_belanja&tab=input'),
('56', 'pengajuan', NULL, NULL, 'RAPB Menunggu Approval', 'Worksheet Anggaran Belanja 2026 telah diajukan dan menunggu pengesahan Anda.', 'unread', '2026-04-27 09:24:42', 'index.php?page=anggaran_belanja&tab=input', '1', '0', 'index.php?page=anggaran_belanja&tab=input'),
('57', 'pengajuan', NULL, NULL, 'RAPB Menunggu Approval', 'Worksheet Anggaran Belanja 2026 telah diajukan dan menunggu pengesahan Anda.', 'read', '2026-04-27 09:24:42', 'index.php?page=anggaran_belanja&tab=input', '2', '1', 'index.php?page=anggaran_belanja&tab=input'),
('58', 'pengajuan', NULL, NULL, 'RAPB Menunggu Approval', 'Worksheet Anggaran Belanja 2026 telah diajukan dan menunggu pengesahan Anda.', 'unread', '2026-04-27 09:24:42', 'index.php?page=anggaran_belanja&tab=input', '4', '0', 'index.php?page=anggaran_belanja&tab=input'),
('59', 'pengajuan', NULL, NULL, 'RAPB Menunggu Approval', 'Worksheet Anggaran Belanja 2026 telah diajukan dan menunggu pengesahan Anda.', 'unread', '2026-04-27 09:25:58', 'index.php?page=anggaran_belanja&tab=input', '1', '0', 'index.php?page=anggaran_belanja&tab=input'),
('60', 'pengajuan', NULL, NULL, 'RAPB Menunggu Approval', 'Worksheet Anggaran Belanja 2026 telah diajukan dan menunggu pengesahan Anda.', 'read', '2026-04-27 09:25:58', 'index.php?page=anggaran_belanja&tab=input', '2', '1', 'index.php?page=anggaran_belanja&tab=input'),
('61', 'pengajuan', NULL, NULL, 'RAPB Menunggu Approval', 'Worksheet Anggaran Belanja 2026 telah diajukan dan menunggu pengesahan Anda.', 'unread', '2026-04-27 09:25:58', 'index.php?page=anggaran_belanja&tab=input', '4', '0', 'index.php?page=anggaran_belanja&tab=input'),
('62', 'pengajuan', NULL, NULL, 'RAPB Menunggu Approval', 'Worksheet Anggaran Belanja 2026 telah diajukan dan menunggu pengesahan Anda.', 'unread', '2026-04-27 09:26:36', 'index.php?page=anggaran_belanja&tab=input', '1', '0', 'index.php?page=anggaran_belanja&tab=input'),
('63', 'pengajuan', NULL, NULL, 'RAPB Menunggu Approval', 'Worksheet Anggaran Belanja 2026 telah diajukan dan menunggu pengesahan Anda.', 'read', '2026-04-27 09:26:36', 'index.php?page=anggaran_belanja&tab=input', '2', '1', 'index.php?page=anggaran_belanja&tab=input'),
('64', 'pengajuan', NULL, NULL, 'RAPB Menunggu Approval', 'Worksheet Anggaran Belanja 2026 telah diajukan dan menunggu pengesahan Anda.', 'unread', '2026-04-27 09:26:36', 'index.php?page=anggaran_belanja&tab=input', '4', '0', 'index.php?page=anggaran_belanja&tab=input'),
('65', 'pengajuan', NULL, NULL, 'RAPB Menunggu Approval', 'Worksheet Anggaran Belanja 2026 telah diajukan dan menunggu pengesahan Anda.', 'unread', '2026-04-27 09:43:55', 'index.php?page=anggaran_belanja&tab=input', '1', '0', 'index.php?page=anggaran_belanja&tab=input'),
('66', 'pengajuan', NULL, NULL, 'RAPB Menunggu Approval', 'Worksheet Anggaran Belanja 2026 telah diajukan dan menunggu pengesahan Anda.', 'read', '2026-04-27 09:43:55', 'index.php?page=anggaran_belanja&tab=input', '2', '1', 'index.php?page=anggaran_belanja&tab=input'),
('67', 'pengajuan', NULL, NULL, 'RAPB Menunggu Approval', 'Worksheet Anggaran Belanja 2026 telah diajukan dan menunggu pengesahan Anda.', 'unread', '2026-04-27 09:43:55', 'index.php?page=anggaran_belanja&tab=input', '4', '0', 'index.php?page=anggaran_belanja&tab=input'),
('68', 'pengajuan', NULL, NULL, 'RAPB Pendapatan Menunggu Approval', 'Worksheet Anggaran Belanja 2026 telah diajukan dan menunggu pengesahan.', 'unread', '2026-04-27 13:42:46', 'index.php?page=anggaran_pendapatan&tab=input', '1', '0', 'index.php?page=anggaran_pendapatan&tab=input'),
('69', 'pengajuan', NULL, NULL, 'RAPB Pendapatan Menunggu Approval', 'Worksheet Anggaran Belanja 2026 telah diajukan dan menunggu pengesahan.', 'read', '2026-04-27 13:42:46', 'index.php?page=anggaran_pendapatan&tab=input', '2', '1', 'index.php?page=anggaran_pendapatan&tab=input'),
('70', 'pengajuan', NULL, NULL, 'RAPB Pendapatan Menunggu Approval', 'Worksheet Anggaran Belanja 2026 telah diajukan dan menunggu pengesahan.', 'unread', '2026-04-27 13:42:46', 'index.php?page=anggaran_pendapatan&tab=input', '4', '0', 'index.php?page=anggaran_pendapatan&tab=input'),
('71', 'pengajuan', NULL, NULL, 'RAPB Pendapatan Menunggu Approval', 'Worksheet Anggaran Belanja 2026 telah diajukan dan menunggu pengesahan.', 'unread', '2026-04-27 14:11:03', 'index.php?page=anggaran_pendapatan&tab=approval', '1', '0', 'index.php?page=anggaran_pendapatan&tab=approval'),
('72', 'pengajuan', NULL, NULL, 'RAPB Pendapatan Menunggu Approval', 'Worksheet Anggaran Belanja 2026 telah diajukan dan menunggu pengesahan.', 'read', '2026-04-27 14:11:03', 'index.php?page=anggaran_pendapatan&tab=approval', '2', '1', 'index.php?page=anggaran_pendapatan&tab=approval'),
('73', 'pengajuan', NULL, NULL, 'RAPB Pendapatan Menunggu Approval', 'Worksheet Anggaran Belanja 2026 telah diajukan dan menunggu pengesahan.', 'unread', '2026-04-27 14:11:04', 'index.php?page=anggaran_pendapatan&tab=approval', '4', '0', 'index.php?page=anggaran_pendapatan&tab=approval'),
('74', 'pengajuan', NULL, NULL, 'RAPB Pendapatan Menunggu Approval', 'Worksheet Anggaran Belanja 2026 telah diajukan dan menunggu pengesahan.', 'unread', '2026-04-27 15:59:53', 'index.php?page=anggaran_pendapatan&tab=input', '1', '0', 'index.php?page=anggaran_pendapatan&tab=input'),
('75', 'pengajuan', NULL, NULL, 'RAPB Pendapatan Menunggu Approval', 'Worksheet Anggaran Belanja 2026 telah diajukan dan menunggu pengesahan.', 'read', '2026-04-27 15:59:53', 'index.php?page=anggaran_pendapatan&tab=input', '2', '1', 'index.php?page=anggaran_pendapatan&tab=input'),
('76', 'pengajuan', NULL, NULL, 'RAPB Pendapatan Menunggu Approval', 'Worksheet Anggaran Belanja 2026 telah diajukan dan menunggu pengesahan.', 'unread', '2026-04-27 15:59:54', 'index.php?page=anggaran_pendapatan&tab=input', '4', '0', 'index.php?page=anggaran_pendapatan&tab=input'),
('77', 'pengajuan', NULL, NULL, 'RAPB Pendapatan Menunggu Approval', 'Worksheet Anggaran Belanja 2026 telah diajukan dan menunggu pengesahan.', 'unread', '2026-04-27 16:19:42', 'index.php?page=anggaran_pendapatan&tab=input', '1', '0', 'index.php?page=anggaran_pendapatan&tab=input'),
('78', 'pengajuan', NULL, NULL, 'RAPB Pendapatan Menunggu Approval', 'Worksheet Anggaran Belanja 2026 telah diajukan dan menunggu pengesahan.', 'read', '2026-04-27 16:19:43', 'index.php?page=anggaran_pendapatan&tab=input', '2', '1', 'index.php?page=anggaran_pendapatan&tab=input'),
('79', 'pengajuan', NULL, NULL, 'RAPB Pendapatan Menunggu Approval', 'Worksheet Anggaran Belanja 2026 telah diajukan dan menunggu pengesahan.', 'unread', '2026-04-27 16:19:43', 'index.php?page=anggaran_pendapatan&tab=input', '4', '0', 'index.php?page=anggaran_pendapatan&tab=input'),
('80', 'pengajuan', NULL, NULL, 'RAPB Pendapatan Menunggu Approval', 'Worksheet Anggaran Belanja 2026 telah diajukan dan menunggu pengesahan.', 'unread', '2026-04-29 05:20:19', 'index.php?page=anggaran_pendapatan&tab=input', '1', '0', 'index.php?page=anggaran_pendapatan&tab=input'),
('81', 'pengajuan', NULL, NULL, 'RAPB Pendapatan Menunggu Approval', 'Worksheet Anggaran Belanja 2026 telah diajukan dan menunggu pengesahan.', 'read', '2026-04-29 05:20:20', 'index.php?page=anggaran_pendapatan&tab=input', '2', '1', 'index.php?page=anggaran_pendapatan&tab=input'),
('82', 'pengajuan', NULL, NULL, 'RAPB Pendapatan Menunggu Approval', 'Worksheet Anggaran Belanja 2026 telah diajukan dan menunggu pengesahan.', 'unread', '2026-04-29 05:20:20', 'index.php?page=anggaran_pendapatan&tab=input', '4', '0', 'index.php?page=anggaran_pendapatan&tab=input'),
('83', 'pengajuan', NULL, NULL, 'RAPB Pendapatan Menunggu Approval', 'Worksheet Anggaran Belanja 2026 telah diajukan dan menunggu pengesahan.', 'unread', '2026-04-29 05:33:07', 'index.php?page=anggaran_pendapatan&tab=input', '1', '0', 'index.php?page=anggaran_pendapatan&tab=input'),
('84', 'pengajuan', NULL, NULL, 'RAPB Pendapatan Menunggu Approval', 'Worksheet Anggaran Belanja 2026 telah diajukan dan menunggu pengesahan.', 'read', '2026-04-29 05:33:07', 'index.php?page=anggaran_pendapatan&tab=input', '2', '1', 'index.php?page=anggaran_pendapatan&tab=input'),
('85', 'pengajuan', NULL, NULL, 'RAPB Pendapatan Menunggu Approval', 'Worksheet Anggaran Belanja 2026 telah diajukan dan menunggu pengesahan.', 'unread', '2026-04-29 05:33:07', 'index.php?page=anggaran_pendapatan&tab=input', '4', '0', 'index.php?page=anggaran_pendapatan&tab=input'),
('86', 'pengajuan', NULL, NULL, 'RAPB Pendapatan Menunggu Approval', 'Worksheet Anggaran Belanja 2026 telah diajukan dan menunggu pengesahan.', 'unread', '2026-04-29 06:58:13', 'index.php?page=anggaran_pendapatan&tab=input', '1', '0', 'index.php?page=anggaran_pendapatan&tab=input'),
('87', 'pengajuan', NULL, NULL, 'RAPB Pendapatan Menunggu Approval', 'Worksheet Anggaran Belanja 2026 telah diajukan dan menunggu pengesahan.', 'read', '2026-04-29 06:58:13', 'index.php?page=anggaran_pendapatan&tab=input', '2', '1', 'index.php?page=anggaran_pendapatan&tab=input'),
('88', 'pengajuan', NULL, NULL, 'RAPB Pendapatan Menunggu Approval', 'Worksheet Anggaran Belanja 2026 telah diajukan dan menunggu pengesahan.', 'unread', '2026-04-29 06:58:13', 'index.php?page=anggaran_pendapatan&tab=input', '4', '0', 'index.php?page=anggaran_pendapatan&tab=input'),
('89', 'pengajuan', NULL, NULL, 'RAPB Menunggu Approval', 'Worksheet Anggaran Belanja 2026 telah diajukan dan menunggu pengesahan Anda.', 'unread', '2026-04-29 15:07:41', 'index.php?page=anggaran_belanja&tab=input', '1', '0', 'index.php?page=anggaran_belanja&tab=input'),
('90', 'pengajuan', NULL, NULL, 'RAPB Menunggu Approval', 'Worksheet Anggaran Belanja 2026 telah diajukan dan menunggu pengesahan Anda.', 'read', '2026-04-29 15:07:41', 'index.php?page=anggaran_belanja&tab=input', '2', '1', 'index.php?page=anggaran_belanja&tab=input'),
('91', 'pengajuan', NULL, NULL, 'RAPB Menunggu Approval', 'Worksheet Anggaran Belanja 2026 telah diajukan dan menunggu pengesahan Anda.', 'unread', '2026-04-29 15:07:41', 'index.php?page=anggaran_belanja&tab=input', '4', '0', 'index.php?page=anggaran_belanja&tab=input'),
('92', 'pengajuan', NULL, NULL, 'Anggaran Perubahan Menunggu Approval', 'Worksheet [PERUBAHAN] Anggaran Belanja 2026 telah diajukan dan menunggu pengesahan Anda.', 'unread', '2026-04-30 09:01:02', 'index.php?page=anggaran_belanja&tab=input', '1', '0', 'index.php?page=anggaran_belanja&tab=input'),
('93', 'pengajuan', NULL, NULL, 'Anggaran Perubahan Menunggu Approval', 'Worksheet [PERUBAHAN] Anggaran Belanja 2026 telah diajukan dan menunggu pengesahan Anda.', 'read', '2026-04-30 09:01:02', 'index.php?page=anggaran_belanja&tab=input', '2', '1', 'index.php?page=anggaran_belanja&tab=input'),
('94', 'pengajuan', NULL, NULL, 'Anggaran Perubahan Menunggu Approval', 'Worksheet [PERUBAHAN] Anggaran Belanja 2026 telah diajukan dan menunggu pengesahan Anda.', 'unread', '2026-04-30 09:01:02', 'index.php?page=anggaran_belanja&tab=input', '4', '0', 'index.php?page=anggaran_belanja&tab=input'),
('95', 'pengajuan', NULL, NULL, 'Laporan Perlu Revisi', 'Laporan [Laporan Februari] dikembalikan: kurang banyak', 'read', '2026-05-06 09:33:34', 'index.php?page=anggaran_unit&tab=monitoring', '3', '1', 'index.php?page=anggaran_unit&tab=monitoring'),
('96', 'pengajuan', NULL, NULL, 'Validasi Laporan Unit', 'Laporan Laporan Februari dari Bidang Administrasi  Umum & Kepegawaian telah masuk antrean dan menunggu validasi.', 'unread', '2026-05-06 09:34:12', 'index.php?page=anggaran_unit&tab=validasi', '1', '0', 'index.php?page=anggaran_unit&tab=validasi'),
('97', 'pengajuan', NULL, NULL, 'Validasi Laporan Unit', 'Laporan Laporan Februari dari Bidang Administrasi  Umum & Kepegawaian telah masuk antrean dan menunggu validasi.', 'read', '2026-05-06 09:34:12', 'index.php?page=anggaran_unit&tab=validasi', '2', '1', 'index.php?page=anggaran_unit&tab=validasi'),
('98', 'pengajuan', NULL, NULL, 'Validasi Laporan Unit', 'Laporan Laporan Februari dari Bidang Administrasi  Umum & Kepegawaian telah masuk antrean dan menunggu validasi.', 'read', '2026-05-06 09:34:12', 'index.php?page=anggaran_unit&tab=validasi', '3', '1', 'index.php?page=anggaran_unit&tab=validasi'),
('99', 'pengajuan', NULL, NULL, 'Laporan Disetujui', 'Laporan [Laporan Februari] telah diverifikasi.', 'read', '2026-05-06 09:34:42', 'index.php?page=anggaran_unit&tab=monitoring', '3', '1', 'index.php?page=anggaran_unit&tab=monitoring');

DROP TABLE IF EXISTS `syifa_pegawai`;
CREATE TABLE `syifa_pegawai` (
  `id` int(11) NOT NULL AUTO_INCREMENT,
  `nip` varchar(50) NOT NULL,
  `nama` varchar(255) NOT NULL,
  `jabatan` varchar(100) DEFAULT NULL,
  `status_pegawai` enum('Tetap','Kontrak','Honorer') DEFAULT 'Tetap',
  `created_at` timestamp NOT NULL DEFAULT current_timestamp(),
  PRIMARY KEY (`id`),
  UNIQUE KEY `nip` (`nip`)
) ENGINE=InnoDB AUTO_INCREMENT=3 DEFAULT CHARSET=utf8mb4 COLLATE=utf8mb4_general_ci;

INSERT INTO `syifa_pegawai` VALUES 
('1', '19700101', 'Admin Keuangan', 'Bendahara', 'Tetap', '2026-01-18 05:34:36'),
('2', '19800202', 'Dr. Susi Susanti', 'Dosen', 'Tetap', '2026-01-18 05:34:36');

DROP TABLE IF EXISTS `syifa_pembayaran_mhs`;
CREATE TABLE `syifa_pembayaran_mhs` (
  `id` int(11) NOT NULL AUTO_INCREMENT,
  `tagihan_id` int(11) NOT NULL,
  `transaksi_id` bigint(20) NOT NULL COMMENT 'Link ke syifa_transaksi (BKM)',
  `nominal_bayar` decimal(15,2) NOT NULL,
  `tgl_bayar` date NOT NULL,
  PRIMARY KEY (`id`),
  KEY `fk_pay_tagihan` (`tagihan_id`),
  CONSTRAINT `fk_pay_tagihan` FOREIGN KEY (`tagihan_id`) REFERENCES `syifa_tagihan` (`id`) ON DELETE CASCADE
) ENGINE=InnoDB DEFAULT CHARSET=utf8mb4 COLLATE=utf8mb4_general_ci;

DROP TABLE IF EXISTS `syifa_period_lock`;
CREATE TABLE `syifa_period_lock` (
  `tahun` int(4) NOT NULL,
  `bulan` int(2) NOT NULL,
  `locked_by` int(11) NOT NULL,
  `locked_at` datetime NOT NULL,
  PRIMARY KEY (`tahun`,`bulan`)
) ENGINE=InnoDB DEFAULT CHARSET=utf8mb4 COLLATE=utf8mb4_general_ci;

INSERT INTO `syifa_period_lock` VALUES 
('2026', '1', '2', '2026-03-02 11:17:48'),
('2026', '2', '2', '2026-03-02 11:17:50');

DROP TABLE IF EXISTS `syifa_periode`;
CREATE TABLE `syifa_periode` (
  `id` int(11) NOT NULL AUTO_INCREMENT,
  `kode_periode` varchar(6) NOT NULL COMMENT 'Format YYYYMM (ex: 202401)',
  `nama_periode` varchar(50) NOT NULL COMMENT 'ex: Januari 2024',
  `tgl_mulai` date NOT NULL,
  `tgl_selesai` date NOT NULL,
  `status` enum('Open','Closed') NOT NULL DEFAULT 'Open',
  `closed_at` datetime DEFAULT NULL,
  PRIMARY KEY (`id`),
  UNIQUE KEY `idx_kode_periode` (`kode_periode`)
) ENGINE=InnoDB AUTO_INCREMENT=3 DEFAULT CHARSET=utf8mb4 COLLATE=utf8mb4_general_ci;

INSERT INTO `syifa_periode` VALUES 
('1', '202401', 'Januari 2024', '2024-01-01', '2024-01-31', 'Closed', NULL),
('2', '202402', 'Februari 2024', '2024-02-01', '2024-02-29', 'Open', NULL);

DROP TABLE IF EXISTS `syifa_periode_laporan`;
CREATE TABLE `syifa_periode_laporan` (
  `id` int(11) NOT NULL AUTO_INCREMENT,
  `nama_periode` varchar(100) NOT NULL COMMENT 'Contoh: Januari 2026, Semester I 2026',
  `jenis_periode` enum('Bulanan','Triwulanan','Semesteran','Tahunan','Custom') NOT NULL DEFAULT 'Bulanan',
  `tgl_mulai` date NOT NULL,
  `tgl_akhir` date NOT NULL,
  `status` enum('Aktif','Ditutup') NOT NULL DEFAULT 'Aktif',
  `is_audit` tinyint(1) NOT NULL DEFAULT 0 COMMENT '1=Periode Audit (Locked strict)',
  `keterangan` text DEFAULT NULL,
  `created_at` timestamp NOT NULL DEFAULT current_timestamp(),
  `created_by` int(11) DEFAULT NULL,
  `closed_at` datetime DEFAULT NULL,
  `closed_by` int(11) DEFAULT NULL,
  PRIMARY KEY (`id`),
  KEY `idx_periode_range` (`tgl_mulai`,`tgl_akhir`),
  KEY `idx_status` (`status`)
) ENGINE=InnoDB AUTO_INCREMENT=34 DEFAULT CHARSET=utf8mb4 COLLATE=utf8mb4_general_ci;

INSERT INTO `syifa_periode_laporan` VALUES 
('3', 'Periode 2026', 'Tahunan', '2026-01-01', '2026-12-31', 'Aktif', '0', '', '2026-02-10 13:13:11', '2', NULL, NULL),
('4', 'Periode 2025', 'Tahunan', '2025-01-01', '2025-12-31', 'Aktif', '0', '', '2026-02-10 13:14:23', '2', NULL, NULL),
('5', 'Periode 2027', 'Tahunan', '2027-01-01', '2027-12-31', 'Aktif', '0', '', '2026-02-10 16:19:09', '2', NULL, NULL),
('6', 'Januari 2026', 'Bulanan', '2026-01-01', '2026-01-31', 'Aktif', '0', NULL, '2026-02-10 18:29:22', '2', NULL, NULL),
('7', 'Februari 2026', 'Bulanan', '2026-02-01', '2026-02-28', 'Aktif', '0', NULL, '2026-02-10 18:29:23', '2', NULL, NULL),
('8', 'Maret 2026', 'Bulanan', '2026-03-01', '2026-03-31', 'Aktif', '0', NULL, '2026-02-10 18:29:23', '2', NULL, NULL),
('9', 'April 2026', 'Bulanan', '2026-04-01', '2026-04-30', 'Aktif', '0', NULL, '2026-02-10 18:29:23', '2', NULL, NULL),
('10', 'Mei 2026', 'Bulanan', '2026-05-01', '2026-05-31', 'Aktif', '0', NULL, '2026-02-10 18:29:23', '2', NULL, NULL),
('11', 'Juni 2026', 'Bulanan', '2026-06-01', '2026-06-30', 'Aktif', '0', NULL, '2026-02-10 18:29:23', '2', NULL, NULL),
('12', 'Juli 2026', 'Bulanan', '2026-07-01', '2026-07-31', 'Aktif', '0', NULL, '2026-02-10 18:29:23', '2', NULL, NULL),
('13', 'Agustus 2026', 'Bulanan', '2026-08-01', '2026-08-31', 'Aktif', '0', NULL, '2026-02-10 18:29:23', '2', NULL, NULL),
('14', 'September 2026', 'Bulanan', '2026-09-01', '2026-09-30', 'Aktif', '0', NULL, '2026-02-10 18:29:23', '2', NULL, NULL),
('15', 'Oktober 2026', 'Bulanan', '2026-10-01', '2026-10-31', 'Aktif', '0', NULL, '2026-02-10 18:29:23', '2', NULL, NULL),
('16', 'November 2026', 'Bulanan', '2026-11-01', '2026-11-30', 'Aktif', '0', NULL, '2026-02-10 18:29:23', '2', NULL, NULL),
('17', 'Desember 2026', 'Bulanan', '2026-12-01', '2026-12-31', 'Aktif', '0', NULL, '2026-02-10 18:29:23', '2', NULL, NULL),
('18', 'Semester I 2026', 'Semesteran', '2026-01-01', '2026-06-30', 'Aktif', '0', NULL, '2026-02-10 18:29:23', '2', NULL, NULL),
('19', 'Semester II 2026', 'Semesteran', '2026-07-01', '2026-12-31', 'Aktif', '0', NULL, '2026-02-10 18:29:23', '2', NULL, NULL),
('20', 'Januari 2027', 'Bulanan', '2027-01-01', '2027-01-31', 'Aktif', '0', NULL, '2026-02-10 18:29:46', '2', NULL, NULL),
('21', 'Februari 2027', 'Bulanan', '2027-02-01', '2027-02-28', 'Aktif', '0', NULL, '2026-02-10 18:29:46', '2', NULL, NULL),
('22', 'Maret 2027', 'Bulanan', '2027-03-01', '2027-03-31', 'Aktif', '0', NULL, '2026-02-10 18:29:46', '2', NULL, NULL),
('23', 'April 2027', 'Bulanan', '2027-04-01', '2027-04-30', 'Aktif', '0', NULL, '2026-02-10 18:29:46', '2', NULL, NULL),
('24', 'Mei 2027', 'Bulanan', '2027-05-01', '2027-05-31', 'Aktif', '0', NULL, '2026-02-10 18:29:47', '2', NULL, NULL),
('25', 'Juni 2027', 'Bulanan', '2027-06-01', '2027-06-30', 'Aktif', '0', NULL, '2026-02-10 18:29:47', '2', NULL, NULL),
('26', 'Juli 2027', 'Bulanan', '2027-07-01', '2027-07-31', 'Aktif', '0', NULL, '2026-02-10 18:29:47', '2', NULL, NULL),
('27', 'Agustus 2027', 'Bulanan', '2027-08-01', '2027-08-31', 'Aktif', '0', NULL, '2026-02-10 18:29:47', '2', NULL, NULL),
('28', 'September 2027', 'Bulanan', '2027-09-01', '2027-09-30', 'Aktif', '0', NULL, '2026-02-10 18:29:47', '2', NULL, NULL),
('29', 'Oktober 2027', 'Bulanan', '2027-10-01', '2027-10-31', 'Aktif', '0', NULL, '2026-02-10 18:29:47', '2', NULL, NULL),
('30', 'November 2027', 'Bulanan', '2027-11-01', '2027-11-30', 'Aktif', '0', NULL, '2026-02-10 18:29:47', '2', NULL, NULL),
('31', 'Desember 2027', 'Bulanan', '2027-12-01', '2027-12-31', 'Aktif', '0', NULL, '2026-02-10 18:29:47', '2', NULL, NULL),
('32', 'Semester I 2027', 'Semesteran', '2027-01-01', '2027-06-30', 'Aktif', '0', NULL, '2026-02-10 18:29:48', '2', NULL, NULL),
('33', 'Semester II 2027', 'Semesteran', '2027-07-01', '2027-12-31', 'Aktif', '0', NULL, '2026-02-10 18:29:48', '2', NULL, NULL);

DROP TABLE IF EXISTS `syifa_rapb`;
CREATE TABLE `syifa_rapb` (
  `id` int(11) NOT NULL AUTO_INCREMENT,
  `tahun_anggaran` year(4) NOT NULL,
  `nomor_sk` varchar(100) DEFAULT NULL,
  `tgl_pengesahan` date DEFAULT NULL,
  `disahkan_oleh` varchar(100) DEFAULT NULL,
  `file_sk` varchar(255) DEFAULT NULL,
  `total_pendapatan` decimal(15,2) DEFAULT 0.00,
  `total_belanja` decimal(15,2) DEFAULT 0.00,
  `surplus_defisit` decimal(15,2) DEFAULT 0.00,
  `status` enum('Draft','Dibahas','Disahkan','Revisi') NOT NULL DEFAULT 'Draft',
  `catatan` text DEFAULT NULL,
  `created_at` timestamp NOT NULL DEFAULT current_timestamp(),
  `updated_at` timestamp NULL DEFAULT NULL ON UPDATE current_timestamp(),
  PRIMARY KEY (`id`),
  UNIQUE KEY `idx_tahun` (`tahun_anggaran`)
) ENGINE=InnoDB DEFAULT CHARSET=utf8mb4 COLLATE=utf8mb4_general_ci;

DROP TABLE IF EXISTS `syifa_saldo_akun`;
CREATE TABLE `syifa_saldo_akun` (
  `id` int(11) NOT NULL AUTO_INCREMENT,
  `kode_akun` varchar(20) NOT NULL,
  `tahun` year(4) NOT NULL,
  `bulan` int(2) NOT NULL,
  `saldo_awal` decimal(18,2) NOT NULL DEFAULT 0.00,
  `mutasi_debit` decimal(18,2) NOT NULL DEFAULT 0.00,
  `mutasi_kredit` decimal(18,2) NOT NULL DEFAULT 0.00,
  `saldo_akhir` decimal(18,2) NOT NULL DEFAULT 0.00,
  `last_updated` timestamp NOT NULL DEFAULT current_timestamp() ON UPDATE current_timestamp(),
  PRIMARY KEY (`id`),
  UNIQUE KEY `uniq_akun_periode` (`kode_akun`,`tahun`,`bulan`)
) ENGINE=InnoDB DEFAULT CHARSET=utf8mb4 COLLATE=utf8mb4_general_ci;

DROP TABLE IF EXISTS `syifa_saldo_akun_eom`;
CREATE TABLE `syifa_saldo_akun_eom` (
  `id` int(11) NOT NULL AUTO_INCREMENT,
  `kode_akun` varchar(20) NOT NULL,
  `tahun` year(4) NOT NULL,
  `bulan` int(2) NOT NULL,
  `saldo` decimal(18,2) NOT NULL DEFAULT 0.00,
  `is_valid` tinyint(1) DEFAULT 1,
  `last_update` timestamp NOT NULL DEFAULT current_timestamp() ON UPDATE current_timestamp(),
  PRIMARY KEY (`id`),
  UNIQUE KEY `uniq_eom` (`kode_akun`,`tahun`,`bulan`),
  KEY `idx_periode` (`tahun`,`bulan`)
) ENGINE=InnoDB AUTO_INCREMENT=1450 DEFAULT CHARSET=utf8mb4 COLLATE=utf8mb4_general_ci;

INSERT INTO `syifa_saldo_akun_eom` VALUES 
('1', '1-1101', '2025', '12', '0.00', '1', '2026-04-24 08:25:17'),
('2', '1-1102', '2025', '12', '10000000.00', '1', '2026-04-24 08:25:17'),
('3', '1-1103', '2025', '12', '10000000.00', '1', '2026-04-24 08:25:17'),
('4', '1-1104', '2025', '12', '0.00', '1', '2026-04-24 08:25:17'),
('5', '1-1105', '2025', '12', '0.00', '1', '2026-04-24 08:25:17'),
('6', '1-1106', '2025', '12', '0.00', '1', '2026-04-24 08:25:17'),
('7', '1-1107', '2025', '12', '0.00', '1', '2026-04-24 08:25:17'),
('8', '1-1108', '2025', '12', '0.00', '1', '2026-04-24 08:25:17'),
('9', '1-1109', '2025', '12', '0.00', '1', '2026-04-24 08:25:17'),
('10', '1-1110', '2025', '12', '0.00', '1', '2026-04-24 08:25:17'),
('11', '1-1111', '2025', '12', '0.00', '1', '2026-04-24 08:25:17'),
('12', '1-1112', '2025', '12', '0.00', '1', '2026-04-24 08:25:17'),
('13', '1-1113', '2025', '12', '0.00', '1', '2026-04-24 08:25:17'),
('14', '1-1201', '2025', '12', '20000000.00', '1', '2026-04-24 08:25:17'),
('15', '1-1202', '2025', '12', '30000000.00', '1', '2026-04-24 08:25:17'),
('16', '1-1203', '2025', '12', '0.00', '1', '2026-04-24 08:25:17'),
('17', '1-1204', '2025', '12', '20000000.00', '1', '2026-04-24 08:25:17'),
('18', '1-2101', '2025', '12', '5005200000.00', '1', '2026-04-24 08:25:17'),
('19', '1-2102', '2025', '12', '-2500000000.00', '1', '2026-04-24 08:25:17'),
('20', '1-2201', '2025', '12', '50000000.00', '1', '2026-04-24 08:25:17'),
('21', '1-2202', '2025', '12', '0.00', '1', '2026-04-24 08:25:17'),
('22', '2-1101', '2025', '12', '0.00', '1', '2026-04-24 08:25:17'),
('23', '2-1102', '2025', '12', '1500000.00', '1', '2026-04-24 08:25:17'),
('24', '2-1103', '2025', '12', '2000000.00', '1', '2026-04-24 08:25:17'),
('25', '2-2001', '2025', '12', '1000000.00', '1', '2026-04-24 08:25:17'),
('26', '2-2002', '2025', '12', '0.00', '1', '2026-04-24 08:25:17'),
('27', '3-1001', '2025', '12', '2640700000.00', '1', '2026-04-24 08:25:17'),
('28', '3-2001', '2025', '12', '0.00', '1', '2026-04-24 08:25:17'),
('29', '3101', '2025', '12', '0.00', '1', '2026-04-24 08:25:17'),
('30', '4-1001', '2025', '12', '0.00', '1', '2026-04-24 08:25:17'),
('31', '4-1002', '2025', '12', '0.00', '1', '2026-04-24 08:25:17'),
('32', '4-1003', '2025', '12', '0.00', '1', '2026-04-24 08:25:17'),
('33', '4-1004', '2025', '12', '0.00', '1', '2026-04-24 08:25:17'),
('34', '4-1005', '2025', '12', '0.00', '1', '2026-04-24 08:25:17'),
('35', '4-1006', '2025', '12', '0.00', '1', '2026-04-24 08:25:17'),
('36', '4-1007', '2025', '12', '0.00', '1', '2026-04-24 08:25:17'),
('37', '4-1008', '2025', '12', '0.00', '1', '2026-04-24 08:25:17'),
('38', '4-1009', '2025', '12', '0.00', '1', '2026-04-24 08:25:17'),
('39', '4-1010', '2025', '12', '0.00', '1', '2026-04-24 08:25:17'),
('40', '4-1011', '2025', '12', '0.00', '1', '2026-04-24 08:25:17'),
('41', '4-1012', '2025', '12', '0.00', '1', '2026-04-24 08:25:17'),
('42', '4-2001', '2025', '12', '0.00', '1', '2026-04-24 08:25:17'),
('43', '4-2002', '2025', '12', '0.00', '1', '2026-04-24 08:25:17'),
('44', '4-2003', '2025', '12', '0.00', '1', '2026-04-24 08:25:17'),
('45', '4-2004', '2025', '12', '0.00', '1', '2026-04-24 08:25:17'),
('46', '4-2005', '2025', '12', '0.00', '1', '2026-04-24 08:25:17'),
('47', '4-2006', '2025', '12', '0.00', '1', '2026-04-24 08:25:17'),
('48', '5-1001', '2025', '12', '0.00', '1', '2026-04-24 08:25:17'),
('49', '5-1002', '2025', '12', '0.00', '1', '2026-04-24 08:25:17'),
('50', '5-1003', '2025', '12', '0.00', '1', '2026-04-24 08:25:17'),
('51', '5-2001', '2025', '12', '0.00', '1', '2026-04-24 08:25:17'),
('52', '5-20012', '2025', '12', '0.00', '1', '2026-04-24 08:25:17'),
('53', '5-2002', '2025', '12', '0.00', '1', '2026-04-24 08:25:17'),
('54', '5-2003', '2025', '12', '0.00', '1', '2026-04-24 08:25:17'),
('55', '5-2004', '2025', '12', '0.00', '1', '2026-04-24 08:25:17'),
('56', '5-2005', '2025', '12', '0.00', '1', '2026-04-24 08:25:17'),
('57', '5-2006', '2025', '12', '0.00', '1', '2026-04-24 08:25:17'),
('58', '5-2007', '2025', '12', '0.00', '1', '2026-04-24 08:25:17'),
('59', '5-2008', '2025', '12', '0.00', '1', '2026-04-24 08:25:17'),
('60', '5-2009', '2025', '12', '0.00', '1', '2026-04-24 08:25:17'),
('61', '5-2010', '2025', '12', '0.00', '1', '2026-04-24 08:25:17'),
('62', '5-2011', '2025', '12', '0.00', '1', '2026-04-24 08:25:17'),
('63', '5-3001', '2025', '12', '0.00', '1', '2026-04-24 08:25:17'),
('64', '51010', '2025', '12', '0.00', '1', '2026-04-24 08:25:17'),
('65', '51020', '2025', '12', '0.00', '1', '2026-04-24 08:25:17'),
('66', '51030', '2025', '12', '0.00', '1', '2026-04-24 08:25:17'),
('67', '5201', '2025', '12', '0.00', '1', '2026-04-24 08:25:17'),
('68', '5202', '2025', '12', '0.00', '1', '2026-04-24 08:25:17'),
('69', '5301', '2025', '12', '0.00', '1', '2026-04-24 08:25:17'),
('70', '5302', '2025', '12', '0.00', '1', '2026-04-24 08:25:17'),
('71', '5303', '2025', '12', '0.00', '1', '2026-04-24 08:25:17'),
('72', '5304', '2025', '12', '0.00', '1', '2026-04-24 08:25:17'),
('73', '5305', '2025', '12', '0.00', '1', '2026-04-24 08:25:17'),
('74', '5306', '2025', '12', '0.00', '1', '2026-04-24 08:25:17'),
('75', '5307', '2025', '12', '0.00', '1', '2026-04-24 08:25:17'),
('76', '54010', '2025', '12', '0.00', '1', '2026-04-24 08:25:17'),
('77', '54020', '2025', '12', '0.00', '1', '2026-04-24 08:25:17'),
('78', '54030', '2025', '12', '0.00', '1', '2026-04-24 08:25:17'),
('79', '55010', '2025', '12', '0.00', '1', '2026-04-24 08:25:17'),
('80', '55020', '2025', '12', '0.00', '1', '2026-04-24 08:25:17'),
('81', '56010', '2025', '12', '0.00', '1', '2026-04-24 08:25:17'),
('82', '56020', '2025', '12', '0.00', '1', '2026-04-24 08:25:17'),
('83', '56030', '2025', '12', '0.00', '1', '2026-04-24 08:25:17'),
('129', '1-1101', '2026', '1', '0.00', '1', '2026-04-24 08:25:18'),
('130', '1-1102', '2026', '1', '9000000.00', '1', '2026-04-24 08:25:18'),
('131', '1-1103', '2026', '1', '-50000000.00', '1', '2026-04-24 08:25:18'),
('132', '1-1104', '2026', '1', '0.00', '1', '2026-04-24 08:25:18'),
('133', '1-1105', '2026', '1', '0.00', '1', '2026-04-24 08:25:18'),
('134', '1-1106', '2026', '1', '0.00', '1', '2026-04-24 08:25:18'),
('135', '1-1107', '2026', '1', '0.00', '1', '2026-04-24 08:25:18'),
('136', '1-1108', '2026', '1', '0.00', '1', '2026-04-24 08:25:18'),
('137', '1-1109', '2026', '1', '0.00', '1', '2026-04-24 08:25:18'),
('138', '1-1110', '2026', '1', '0.00', '1', '2026-04-24 08:25:18'),
('139', '1-1111', '2026', '1', '0.00', '1', '2026-04-24 08:25:18'),
('140', '1-1112', '2026', '1', '0.00', '1', '2026-04-24 08:25:18'),
('141', '1-1113', '2026', '1', '0.00', '1', '2026-04-24 08:25:18'),
('142', '1-1201', '2026', '1', '31750000.00', '1', '2026-04-24 08:25:18'),
('143', '1-1202', '2026', '1', '30000000.00', '1', '2026-04-24 08:25:18'),
('144', '1-1203', '2026', '1', '0.00', '1', '2026-04-24 08:25:18'),
('145', '1-1204', '2026', '1', '20000000.00', '1', '2026-04-24 08:25:18'),
('146', '1-2101', '2026', '1', '5065200000.00', '1', '2026-04-24 08:25:18'),
('147', '1-2102', '2026', '1', '-2521758333.33', '1', '2026-04-24 08:25:18'),
('148', '1-2201', '2026', '1', '50000000.00', '1', '2026-04-24 08:25:18'),
('149', '1-2202', '2026', '1', '-1666666.67', '1', '2026-04-24 08:25:18'),
('150', '2-1101', '2026', '1', '0.00', '1', '2026-04-24 08:25:18'),
('151', '2-1102', '2026', '1', '500000.00', '1', '2026-04-24 08:25:18'),
('152', '2-1103', '2026', '1', '2000000.00', '1', '2026-04-24 08:25:18'),
('153', '2-2001', '2026', '1', '1000000.00', '1', '2026-04-24 08:25:18'),
('154', '2-2002', '2026', '1', '0.00', '1', '2026-04-24 08:25:18'),
('155', '3-1001', '2026', '1', '2629050000.00', '1', '2026-04-24 08:25:18'),
('156', '3-2001', '2026', '1', '0.00', '1', '2026-04-24 08:25:18'),
('157', '3101', '2026', '1', '0.00', '1', '2026-04-24 08:25:18'),
('158', '4-1001', '2026', '1', '8750000.00', '1', '2026-04-24 08:25:18'),
('159', '4-1002', '2026', '1', '0.00', '1', '2026-04-24 08:25:18'),
('160', '4-1003', '2026', '1', '0.00', '1', '2026-04-24 08:25:18'),
('161', '4-1004', '2026', '1', '0.00', '1', '2026-04-24 08:25:18'),
('162', '4-1005', '2026', '1', '0.00', '1', '2026-04-24 08:25:18'),
('163', '4-1006', '2026', '1', '0.00', '1', '2026-04-24 08:25:18'),
('164', '4-1007', '2026', '1', '0.00', '1', '2026-04-24 08:25:18'),
('165', '4-1008', '2026', '1', '0.00', '1', '2026-04-24 08:25:18'),
('166', '4-1009', '2026', '1', '3000000.00', '1', '2026-04-24 08:25:18'),
('167', '4-1010', '2026', '1', '0.00', '1', '2026-04-24 08:25:18'),
('168', '4-1011', '2026', '1', '0.00', '1', '2026-04-24 08:25:18'),
('169', '4-1012', '2026', '1', '0.00', '1', '2026-04-24 08:25:18'),
('170', '4-2001', '2026', '1', '0.00', '1', '2026-04-24 08:25:18'),
('171', '4-2002', '2026', '1', '0.00', '1', '2026-04-24 08:25:18'),
('172', '4-2003', '2026', '1', '0.00', '1', '2026-04-24 08:25:18'),
('173', '4-2004', '2026', '1', '0.00', '1', '2026-04-24 08:25:18'),
('174', '4-2005', '2026', '1', '0.00', '1', '2026-04-24 08:25:18'),
('175', '4-2006', '2026', '1', '0.00', '1', '2026-04-24 08:25:18'),
('176', '5-1001', '2026', '1', '0.00', '1', '2026-04-24 08:25:18'),
('177', '5-1002', '2026', '1', '0.00', '1', '2026-04-24 08:25:18'),
('178', '5-1003', '2026', '1', '0.00', '1', '2026-04-24 08:25:18'),
('179', '5-2001', '2026', '1', '0.00', '1', '2026-04-24 08:25:18'),
('180', '5-20012', '2026', '1', '0.00', '1', '2026-04-24 08:25:18'),
('181', '5-2002', '2026', '1', '0.00', '1', '2026-04-24 08:25:18'),
('182', '5-2003', '2026', '1', '0.00', '1', '2026-04-24 08:25:18'),
('183', '5-2004', '2026', '1', '0.00', '1', '2026-04-24 08:25:18'),
('184', '5-2005', '2026', '1', '0.00', '1', '2026-04-24 08:25:18'),
('185', '5-2006', '2026', '1', '0.00', '1', '2026-04-24 08:25:18'),
('186', '5-2007', '2026', '1', '0.00', '1', '2026-04-24 08:25:18'),
('187', '5-2008', '2026', '1', '0.00', '1', '2026-04-24 08:25:18'),
('188', '5-2009', '2026', '1', '0.00', '1', '2026-04-24 08:25:18'),
('189', '5-2010', '2026', '1', '0.00', '1', '2026-04-24 08:25:18'),
('190', '5-2011', '2026', '1', '0.00', '1', '2026-04-24 08:25:18'),
('191', '5-3001', '2026', '1', '0.00', '1', '2026-04-24 08:25:18'),
('192', '51010', '2026', '1', '0.00', '1', '2026-04-24 08:25:18'),
('193', '51020', '2026', '1', '0.00', '1', '2026-04-24 08:25:18'),
('194', '51030', '2026', '1', '0.00', '1', '2026-04-24 08:25:18'),
('195', '5201', '2026', '1', '0.00', '1', '2026-04-24 08:25:18'),
('196', '5202', '2026', '1', '0.00', '1', '2026-04-24 08:25:18'),
('197', '5301', '2026', '1', '0.00', '1', '2026-04-24 08:25:18'),
('198', '5302', '2026', '1', '0.00', '1', '2026-04-24 08:25:18'),
('199', '5303', '2026', '1', '0.00', '1', '2026-04-24 08:25:18'),
('200', '5304', '2026', '1', '0.00', '1', '2026-04-24 08:25:18'),
('201', '5305', '2026', '1', '0.00', '1', '2026-04-24 08:25:18'),
('202', '5306', '2026', '1', '0.00', '1', '2026-04-24 08:25:18'),
('203', '5307', '2026', '1', '0.00', '1', '2026-04-24 08:25:18'),
('204', '54010', '2026', '1', '0.00', '1', '2026-04-24 08:25:18'),
('205', '54020', '2026', '1', '0.00', '1', '2026-04-24 08:25:18'),
('206', '54030', '2026', '1', '0.00', '1', '2026-04-24 08:25:18'),
('207', '55010', '2026', '1', '0.00', '1', '2026-04-24 08:25:18'),
('208', '55020', '2026', '1', '0.00', '1', '2026-04-24 08:25:18'),
('209', '56010', '2026', '1', '0.00', '1', '2026-04-24 08:25:18'),
('210', '56020', '2026', '1', '0.00', '1', '2026-04-24 08:25:18'),
('211', '56030', '2026', '1', '0.00', '1', '2026-04-24 08:25:18'),
('388', '1-1101', '2025', '11', '0.00', '1', '2026-04-24 08:25:17'),
('389', '1-1102', '2025', '11', '10000000.00', '1', '2026-04-24 08:25:17'),
('390', '1-1103', '2025', '11', '10000000.00', '1', '2026-04-24 08:25:17'),
('391', '1-1104', '2025', '11', '0.00', '1', '2026-04-24 08:25:17'),
('392', '1-1105', '2025', '11', '0.00', '1', '2026-04-24 08:25:17'),
('393', '1-1106', '2025', '11', '0.00', '1', '2026-04-24 08:25:17'),
('394', '1-1107', '2025', '11', '0.00', '1', '2026-04-24 08:25:17'),
('395', '1-1108', '2025', '11', '0.00', '1', '2026-04-24 08:25:17'),
('396', '1-1109', '2025', '11', '0.00', '1', '2026-04-24 08:25:17'),
('397', '1-1110', '2025', '11', '0.00', '1', '2026-04-24 08:25:17'),
('398', '1-1111', '2025', '11', '0.00', '1', '2026-04-24 08:25:17'),
('399', '1-1112', '2025', '11', '0.00', '1', '2026-04-24 08:25:17'),
('400', '1-1113', '2025', '11', '0.00', '1', '2026-04-24 08:25:17'),
('401', '1-1201', '2025', '11', '20000000.00', '1', '2026-04-24 08:25:17'),
('402', '1-1202', '2025', '11', '30000000.00', '1', '2026-04-24 08:25:17'),
('403', '1-1203', '2025', '11', '0.00', '1', '2026-04-24 08:25:17'),
('404', '1-1204', '2025', '11', '20000000.00', '1', '2026-04-24 08:25:17'),
('405', '1-2101', '2025', '11', '5005200000.00', '1', '2026-04-24 08:25:17'),
('406', '1-2102', '2025', '11', '-2500000000.00', '1', '2026-04-24 08:25:17'),
('407', '1-2201', '2025', '11', '50000000.00', '1', '2026-04-24 08:25:17'),
('408', '1-2202', '2025', '11', '0.00', '1', '2026-04-24 08:25:17'),
('409', '2-1101', '2025', '11', '0.00', '1', '2026-04-24 08:25:17'),
('410', '2-1102', '2025', '11', '1500000.00', '1', '2026-04-24 08:25:17'),
('411', '2-1103', '2025', '11', '2000000.00', '1', '2026-04-24 08:25:17'),
('412', '2-2001', '2025', '11', '1000000.00', '1', '2026-04-24 08:25:17'),
('413', '2-2002', '2025', '11', '0.00', '1', '2026-04-24 08:25:17'),
('414', '3-1001', '2025', '11', '2640700000.00', '1', '2026-04-24 08:25:17'),
('415', '3-2001', '2025', '11', '0.00', '1', '2026-04-24 08:25:17'),
('416', '3101', '2025', '11', '0.00', '1', '2026-04-24 08:25:17'),
('417', '4-1001', '2025', '11', '0.00', '1', '2026-04-24 08:25:17'),
('418', '4-1002', '2025', '11', '0.00', '1', '2026-04-24 08:25:17'),
('419', '4-1003', '2025', '11', '0.00', '1', '2026-04-24 08:25:17'),
('420', '4-1004', '2025', '11', '0.00', '1', '2026-04-24 08:25:17'),
('421', '4-1005', '2025', '11', '0.00', '1', '2026-04-24 08:25:17'),
('422', '4-1006', '2025', '11', '0.00', '1', '2026-04-24 08:25:17'),
('423', '4-1007', '2025', '11', '0.00', '1', '2026-04-24 08:25:17'),
('424', '4-1008', '2025', '11', '0.00', '1', '2026-04-24 08:25:17'),
('425', '4-1009', '2025', '11', '0.00', '1', '2026-04-24 08:25:17'),
('426', '4-1010', '2025', '11', '0.00', '1', '2026-04-24 08:25:17'),
('427', '4-1011', '2025', '11', '0.00', '1', '2026-04-24 08:25:17'),
('428', '4-1012', '2025', '11', '0.00', '1', '2026-04-24 08:25:17'),
('429', '4-2001', '2025', '11', '0.00', '1', '2026-04-24 08:25:17'),
('430', '4-2002', '2025', '11', '0.00', '1', '2026-04-24 08:25:17'),
('431', '4-2003', '2025', '11', '0.00', '1', '2026-04-24 08:25:17'),
('432', '4-2004', '2025', '11', '0.00', '1', '2026-04-24 08:25:17'),
('433', '4-2005', '2025', '11', '0.00', '1', '2026-04-24 08:25:17'),
('434', '4-2006', '2025', '11', '0.00', '1', '2026-04-24 08:25:17'),
('435', '5-1001', '2025', '11', '0.00', '1', '2026-04-24 08:25:17'),
('436', '5-1002', '2025', '11', '0.00', '1', '2026-04-24 08:25:17'),
('437', '5-1003', '2025', '11', '0.00', '1', '2026-04-24 08:25:17'),
('438', '5-2001', '2025', '11', '0.00', '1', '2026-04-24 08:25:17'),
('439', '5-20012', '2025', '11', '0.00', '1', '2026-04-24 08:25:17'),
('440', '5-2002', '2025', '11', '0.00', '1', '2026-04-24 08:25:17'),
('441', '5-2003', '2025', '11', '0.00', '1', '2026-04-24 08:25:17'),
('442', '5-2004', '2025', '11', '0.00', '1', '2026-04-24 08:25:17'),
('443', '5-2005', '2025', '11', '0.00', '1', '2026-04-24 08:25:17'),
('444', '5-2006', '2025', '11', '0.00', '1', '2026-04-24 08:25:17'),
('445', '5-2007', '2025', '11', '0.00', '1', '2026-04-24 08:25:17'),
('446', '5-2008', '2025', '11', '0.00', '1', '2026-04-24 08:25:17'),
('447', '5-2009', '2025', '11', '0.00', '1', '2026-04-24 08:25:17'),
('448', '5-2010', '2025', '11', '0.00', '1', '2026-04-24 08:25:17'),
('449', '5-2011', '2025', '11', '0.00', '1', '2026-04-24 08:25:17'),
('450', '5-3001', '2025', '11', '0.00', '1', '2026-04-24 08:25:17'),
('451', '51010', '2025', '11', '0.00', '1', '2026-04-24 08:25:17'),
('452', '51020', '2025', '11', '0.00', '1', '2026-04-24 08:25:17'),
('453', '51030', '2025', '11', '0.00', '1', '2026-04-24 08:25:17'),
('454', '5201', '2025', '11', '0.00', '1', '2026-04-24 08:25:17'),
('455', '5202', '2025', '11', '0.00', '1', '2026-04-24 08:25:17'),
('456', '5301', '2025', '11', '0.00', '1', '2026-04-24 08:25:17'),
('457', '5302', '2025', '11', '0.00', '1', '2026-04-24 08:25:17'),
('458', '5303', '2025', '11', '0.00', '1', '2026-04-24 08:25:17'),
('459', '5304', '2025', '11', '0.00', '1', '2026-04-24 08:25:17'),
('460', '5305', '2025', '11', '0.00', '1', '2026-04-24 08:25:17'),
('461', '5306', '2025', '11', '0.00', '1', '2026-04-24 08:25:17'),
('462', '5307', '2025', '11', '0.00', '1', '2026-04-24 08:25:17'),
('463', '54010', '2025', '11', '0.00', '1', '2026-04-24 08:25:17'),
('464', '54020', '2025', '11', '0.00', '1', '2026-04-24 08:25:17'),
('465', '54030', '2025', '11', '0.00', '1', '2026-04-24 08:25:17'),
('466', '55010', '2025', '11', '0.00', '1', '2026-04-24 08:25:17'),
('467', '55020', '2025', '11', '0.00', '1', '2026-04-24 08:25:17'),
('468', '56010', '2025', '11', '0.00', '1', '2026-04-24 08:25:17'),
('469', '56020', '2025', '11', '0.00', '1', '2026-04-24 08:25:17'),
('470', '56030', '2025', '11', '0.00', '1', '2026-04-24 08:25:17'),
('515', '1-1101', '2025', '10', '0.00', '0', '2026-03-10 11:58:30'),
('516', '1-1102', '2025', '10', '10000000.00', '0', '2026-03-10 11:58:30'),
('517', '1-1103', '2025', '10', '10000000.00', '0', '2026-03-10 11:58:30'),
('518', '1-1104', '2025', '10', '0.00', '0', '2026-03-10 11:58:30'),
('519', '1-1105', '2025', '10', '0.00', '0', '2026-03-10 11:58:30'),
('520', '1-1106', '2025', '10', '0.00', '0', '2026-03-10 11:58:30'),
('521', '1-1107', '2025', '10', '0.00', '0', '2026-03-10 11:58:30'),
('522', '1-1108', '2025', '10', '0.00', '0', '2026-03-10 11:58:30'),
('523', '1-1109', '2025', '10', '0.00', '0', '2026-03-10 11:58:30'),
('524', '1-1110', '2025', '10', '0.00', '0', '2026-03-10 11:58:30'),
('525', '1-1111', '2025', '10', '0.00', '0', '2026-03-10 11:58:30'),
('526', '1-1112', '2025', '10', '0.00', '0', '2026-03-10 11:58:30'),
('527', '1-1113', '2025', '10', '0.00', '0', '2026-03-10 11:58:30'),
('528', '1-1201', '2025', '10', '20000000.00', '0', '2026-03-10 11:58:30'),
('529', '1-1202', '2025', '10', '30000000.00', '0', '2026-03-10 11:58:30'),
('530', '1-1203', '2025', '10', '0.00', '0', '2026-03-10 11:58:30'),
('531', '1-1204', '2025', '10', '20000000.00', '0', '2026-03-10 11:58:30'),
('532', '1-2101', '2025', '10', '0.00', '0', '2026-03-10 11:58:30'),
('533', '1-2102', '2025', '10', '0.00', '0', '2026-03-10 11:58:30'),
('534', '1-2201', '2025', '10', '0.00', '0', '2026-03-10 11:58:30'),
('535', '1-2202', '2025', '10', '0.00', '0', '2026-03-10 11:58:30'),
('536', '2-1101', '2025', '10', '0.00', '0', '2026-03-10 11:58:30'),
('537', '2-1102', '2025', '10', '1500000.00', '0', '2026-03-10 11:58:30'),
('538', '2-1103', '2025', '10', '2000000.00', '0', '2026-03-10 11:58:30'),
('539', '2-2001', '2025', '10', '1000000.00', '0', '2026-03-10 11:58:30'),
('540', '2-2002', '2025', '10', '0.00', '0', '2026-03-10 11:58:30'),
('541', '3-1001', '2025', '10', '0.00', '0', '2026-03-10 11:58:30'),
('542', '3-2001', '2025', '10', '0.00', '0', '2026-03-10 11:58:30'),
('543', '3101', '2025', '10', '0.00', '0', '2026-03-10 11:58:30'),
('544', '4-1001', '2025', '10', '0.00', '0', '2026-03-10 11:58:30'),
('545', '4-1002', '2025', '10', '0.00', '0', '2026-03-10 11:58:30'),
('546', '4-1003', '2025', '10', '0.00', '0', '2026-03-10 11:58:30'),
('547', '4-1004', '2025', '10', '0.00', '0', '2026-03-10 11:58:30'),
('548', '4-1005', '2025', '10', '0.00', '0', '2026-03-10 11:58:30'),
('549', '4-1006', '2025', '10', '0.00', '0', '2026-03-10 11:58:30'),
('550', '4-1007', '2025', '10', '0.00', '0', '2026-03-10 11:58:30'),
('551', '4-1008', '2025', '10', '0.00', '0', '2026-03-10 11:58:30'),
('552', '4-1009', '2025', '10', '0.00', '0', '2026-03-10 11:58:30'),
('553', '4-1010', '2025', '10', '0.00', '0', '2026-03-10 11:58:30'),
('554', '4-1011', '2025', '10', '0.00', '0', '2026-03-10 11:58:30'),
('555', '4-1012', '2025', '10', '0.00', '0', '2026-03-10 11:58:30'),
('556', '4-2001', '2025', '10', '0.00', '0', '2026-03-10 11:58:30'),
('557', '4-2002', '2025', '10', '0.00', '0', '2026-03-10 11:58:30'),
('558', '4-2003', '2025', '10', '0.00', '0', '2026-03-10 11:58:30'),
('559', '4-2004', '2025', '10', '0.00', '0', '2026-03-10 11:58:30'),
('560', '4-2005', '2025', '10', '0.00', '0', '2026-03-10 11:58:30'),
('561', '4-2006', '2025', '10', '0.00', '0', '2026-03-10 11:58:30'),
('562', '5-1001', '2025', '10', '0.00', '0', '2026-03-10 11:58:30'),
('563', '5-1002', '2025', '10', '0.00', '0', '2026-03-10 11:58:30'),
('564', '5-1003', '2025', '10', '0.00', '0', '2026-03-10 11:58:30'),
('565', '5-2001', '2025', '10', '0.00', '0', '2026-03-10 11:58:30'),
('566', '5-20012', '2025', '10', '0.00', '0', '2026-03-10 11:58:30'),
('567', '5-2002', '2025', '10', '0.00', '0', '2026-03-10 11:58:30'),
('568', '5-2003', '2025', '10', '0.00', '0', '2026-03-10 11:58:30'),
('569', '5-2004', '2025', '10', '0.00', '0', '2026-03-10 11:58:30'),
('570', '5-2005', '2025', '10', '0.00', '0', '2026-03-10 11:58:30'),
('571', '5-2006', '2025', '10', '0.00', '0', '2026-03-10 11:58:30'),
('572', '5-2007', '2025', '10', '0.00', '0', '2026-03-10 11:58:30'),
('573', '5-2008', '2025', '10', '0.00', '0', '2026-03-10 11:58:30'),
('574', '5-2009', '2025', '10', '0.00', '0', '2026-03-10 11:58:30'),
('575', '5-2010', '2025', '10', '0.00', '0', '2026-03-10 11:58:30'),
('576', '5-2011', '2025', '10', '0.00', '0', '2026-03-10 11:58:30'),
('577', '5-3001', '2025', '10', '0.00', '0', '2026-03-10 11:58:30'),
('578', '51010', '2025', '10', '0.00', '0', '2026-03-10 11:58:30'),
('579', '51020', '2025', '10', '0.00', '0', '2026-03-10 11:58:30'),
('580', '51030', '2025', '10', '0.00', '0', '2026-03-10 11:58:30'),
('581', '5201', '2025', '10', '0.00', '0', '2026-03-10 11:58:30'),
('582', '5202', '2025', '10', '0.00', '0', '2026-03-10 11:58:30'),
('583', '5301', '2025', '10', '0.00', '0', '2026-03-10 11:58:30'),
('584', '5302', '2025', '10', '0.00', '0', '2026-03-10 11:58:30'),
('585', '5303', '2025', '10', '0.00', '0', '2026-03-10 11:58:30'),
('586', '5304', '2025', '10', '0.00', '0', '2026-03-10 11:58:30'),
('587', '5305', '2025', '10', '0.00', '0', '2026-03-10 11:58:30'),
('588', '5306', '2025', '10', '0.00', '0', '2026-03-10 11:58:30'),
('589', '5307', '2025', '10', '0.00', '0', '2026-03-10 11:58:30'),
('590', '54010', '2025', '10', '0.00', '0', '2026-03-10 11:58:30'),
('591', '54020', '2025', '10', '0.00', '0', '2026-03-10 11:58:30'),
('592', '54030', '2025', '10', '0.00', '0', '2026-03-10 11:58:30'),
('593', '55010', '2025', '10', '0.00', '0', '2026-03-10 11:58:30'),
('594', '55020', '2025', '10', '0.00', '0', '2026-03-10 11:58:30'),
('595', '56010', '2025', '10', '0.00', '0', '2026-03-10 11:58:30'),
('596', '56020', '2025', '10', '0.00', '0', '2026-03-10 11:58:30'),
('597', '56030', '2025', '10', '0.00', '0', '2026-03-10 11:58:30'),
('647', '1-1101', '2015', '1', '0.00', '0', '2026-03-10 11:58:30'),
('648', '1-1102', '2015', '1', '10000000.00', '0', '2026-03-10 11:58:30'),
('649', '1-1103', '2015', '1', '10000000.00', '0', '2026-03-10 11:58:30'),
('650', '1-1104', '2015', '1', '0.00', '0', '2026-03-10 11:58:30'),
('651', '1-1105', '2015', '1', '0.00', '0', '2026-03-10 11:58:30'),
('652', '1-1106', '2015', '1', '0.00', '0', '2026-03-10 11:58:30'),
('653', '1-1107', '2015', '1', '0.00', '0', '2026-03-10 11:58:30'),
('654', '1-1108', '2015', '1', '0.00', '0', '2026-03-10 11:58:30'),
('655', '1-1109', '2015', '1', '0.00', '0', '2026-03-10 11:58:30'),
('656', '1-1110', '2015', '1', '0.00', '0', '2026-03-10 11:58:30'),
('657', '1-1111', '2015', '1', '0.00', '0', '2026-03-10 11:58:30'),
('658', '1-1112', '2015', '1', '0.00', '0', '2026-03-10 11:58:30'),
('659', '1-1113', '2015', '1', '0.00', '0', '2026-03-10 11:58:30'),
('660', '1-1201', '2015', '1', '20000000.00', '0', '2026-03-10 11:58:30'),
('661', '1-1202', '2015', '1', '30000000.00', '0', '2026-03-10 11:58:30'),
('662', '1-1203', '2015', '1', '0.00', '0', '2026-03-10 11:58:30'),
('663', '1-1204', '2015', '1', '20000000.00', '0', '2026-03-10 11:58:30'),
('664', '1-2101', '2015', '1', '0.00', '0', '2026-03-10 11:58:30'),
('665', '1-2102', '2015', '1', '0.00', '0', '2026-03-10 11:58:30'),
('666', '1-2201', '2015', '1', '0.00', '0', '2026-03-10 11:58:30'),
('667', '1-2202', '2015', '1', '0.00', '0', '2026-03-10 11:58:30'),
('668', '2-1101', '2015', '1', '0.00', '0', '2026-03-10 11:58:30'),
('669', '2-1102', '2015', '1', '1500000.00', '0', '2026-03-10 11:58:30'),
('670', '2-1103', '2015', '1', '2000000.00', '0', '2026-03-10 11:58:30'),
('671', '2-2001', '2015', '1', '1000000.00', '0', '2026-03-10 11:58:30'),
('672', '2-2002', '2015', '1', '0.00', '0', '2026-03-10 11:58:30'),
('673', '3-1001', '2015', '1', '0.00', '0', '2026-03-10 11:58:30'),
('674', '3-2001', '2015', '1', '0.00', '0', '2026-03-10 11:58:30'),
('675', '3101', '2015', '1', '0.00', '0', '2026-03-10 11:58:30'),
('676', '4-1001', '2015', '1', '0.00', '0', '2026-03-10 11:58:30'),
('677', '4-1002', '2015', '1', '0.00', '0', '2026-03-10 11:58:30'),
('678', '4-1003', '2015', '1', '0.00', '0', '2026-03-10 11:58:30'),
('679', '4-1004', '2015', '1', '0.00', '0', '2026-03-10 11:58:30'),
('680', '4-1005', '2015', '1', '0.00', '0', '2026-03-10 11:58:30'),
('681', '4-1006', '2015', '1', '0.00', '0', '2026-03-10 11:58:30'),
('682', '4-1007', '2015', '1', '0.00', '0', '2026-03-10 11:58:30'),
('683', '4-1008', '2015', '1', '0.00', '0', '2026-03-10 11:58:30'),
('684', '4-1009', '2015', '1', '0.00', '0', '2026-03-10 11:58:30'),
('685', '4-1010', '2015', '1', '0.00', '0', '2026-03-10 11:58:30'),
('686', '4-1011', '2015', '1', '0.00', '0', '2026-03-10 11:58:30'),
('687', '4-1012', '2015', '1', '0.00', '0', '2026-03-10 11:58:30'),
('688', '4-2001', '2015', '1', '0.00', '0', '2026-03-10 11:58:30'),
('689', '4-2002', '2015', '1', '0.00', '0', '2026-03-10 11:58:30'),
('690', '4-2003', '2015', '1', '0.00', '0', '2026-03-10 11:58:30'),
('691', '4-2004', '2015', '1', '0.00', '0', '2026-03-10 11:58:30'),
('692', '4-2005', '2015', '1', '0.00', '0', '2026-03-10 11:58:30'),
('693', '4-2006', '2015', '1', '0.00', '0', '2026-03-10 11:58:30'),
('694', '5-1001', '2015', '1', '0.00', '0', '2026-03-10 11:58:30'),
('695', '5-1002', '2015', '1', '0.00', '0', '2026-03-10 11:58:30'),
('696', '5-1003', '2015', '1', '0.00', '0', '2026-03-10 11:58:30'),
('697', '5-2001', '2015', '1', '0.00', '0', '2026-03-10 11:58:30'),
('698', '5-20012', '2015', '1', '0.00', '0', '2026-03-10 11:58:30'),
('699', '5-2002', '2015', '1', '0.00', '0', '2026-03-10 11:58:30'),
('700', '5-2003', '2015', '1', '0.00', '0', '2026-03-10 11:58:30'),
('701', '5-2004', '2015', '1', '0.00', '0', '2026-03-10 11:58:30'),
('702', '5-2005', '2015', '1', '0.00', '0', '2026-03-10 11:58:30'),
('703', '5-2006', '2015', '1', '0.00', '0', '2026-03-10 11:58:30'),
('704', '5-2007', '2015', '1', '0.00', '0', '2026-03-10 11:58:30'),
('705', '5-2008', '2015', '1', '0.00', '0', '2026-03-10 11:58:30'),
('706', '5-2009', '2015', '1', '0.00', '0', '2026-03-10 11:58:30'),
('707', '5-2010', '2015', '1', '0.00', '0', '2026-03-10 11:58:30'),
('708', '5-2011', '2015', '1', '0.00', '0', '2026-03-10 11:58:30'),
('709', '5-3001', '2015', '1', '0.00', '0', '2026-03-10 11:58:30'),
('710', '51010', '2015', '1', '0.00', '0', '2026-03-10 11:58:30'),
('711', '51020', '2015', '1', '0.00', '0', '2026-03-10 11:58:30'),
('712', '51030', '2015', '1', '0.00', '0', '2026-03-10 11:58:30'),
('713', '5201', '2015', '1', '0.00', '0', '2026-03-10 11:58:30'),
('714', '5202', '2015', '1', '0.00', '0', '2026-03-10 11:58:30'),
('715', '5301', '2015', '1', '0.00', '0', '2026-03-10 11:58:30'),
('716', '5302', '2015', '1', '0.00', '0', '2026-03-10 11:58:30'),
('717', '5303', '2015', '1', '0.00', '0', '2026-03-10 11:58:30'),
('718', '5304', '2015', '1', '0.00', '0', '2026-03-10 11:58:30'),
('719', '5305', '2015', '1', '0.00', '0', '2026-03-10 11:58:30'),
('720', '5306', '2015', '1', '0.00', '0', '2026-03-10 11:58:30'),
('721', '5307', '2015', '1', '0.00', '0', '2026-03-10 11:58:30'),
('722', '54010', '2015', '1', '0.00', '0', '2026-03-10 11:58:30'),
('723', '54020', '2015', '1', '0.00', '0', '2026-03-10 11:58:30'),
('724', '54030', '2015', '1', '0.00', '0', '2026-03-10 11:58:30'),
('725', '55010', '2015', '1', '0.00', '0', '2026-03-10 11:58:30'),
('726', '55020', '2015', '1', '0.00', '0', '2026-03-10 11:58:30'),
('727', '56010', '2015', '1', '0.00', '0', '2026-03-10 11:58:30'),
('728', '56020', '2015', '1', '0.00', '0', '2026-03-10 11:58:30'),
('729', '56030', '2015', '1', '0.00', '0', '2026-03-10 11:58:30'),
('775', '1-1101', '2025', '7', '0.00', '0', '2026-03-10 11:58:30'),
('776', '1-1102', '2025', '7', '10000000.00', '0', '2026-03-10 11:58:30'),
('777', '1-1103', '2025', '7', '10000000.00', '0', '2026-03-10 11:58:30'),
('778', '1-1104', '2025', '7', '0.00', '0', '2026-03-10 11:58:30'),
('779', '1-1105', '2025', '7', '0.00', '0', '2026-03-10 11:58:30'),
('780', '1-1106', '2025', '7', '0.00', '0', '2026-03-10 11:58:30'),
('781', '1-1107', '2025', '7', '0.00', '0', '2026-03-10 11:58:30'),
('782', '1-1108', '2025', '7', '0.00', '0', '2026-03-10 11:58:30'),
('783', '1-1109', '2025', '7', '0.00', '0', '2026-03-10 11:58:30'),
('784', '1-1110', '2025', '7', '0.00', '0', '2026-03-10 11:58:30'),
('785', '1-1111', '2025', '7', '0.00', '0', '2026-03-10 11:58:30'),
('786', '1-1112', '2025', '7', '0.00', '0', '2026-03-10 11:58:30'),
('787', '1-1113', '2025', '7', '0.00', '0', '2026-03-10 11:58:30'),
('788', '1-1201', '2025', '7', '20000000.00', '0', '2026-03-10 11:58:30'),
('789', '1-1202', '2025', '7', '30000000.00', '0', '2026-03-10 11:58:30'),
('790', '1-1203', '2025', '7', '0.00', '0', '2026-03-10 11:58:30'),
('791', '1-1204', '2025', '7', '20000000.00', '0', '2026-03-10 11:58:30'),
('792', '1-2101', '2025', '7', '0.00', '0', '2026-03-10 11:58:30'),
('793', '1-2102', '2025', '7', '0.00', '0', '2026-03-10 11:58:30'),
('794', '1-2201', '2025', '7', '0.00', '0', '2026-03-10 11:58:30'),
('795', '1-2202', '2025', '7', '0.00', '0', '2026-03-10 11:58:30'),
('796', '2-1101', '2025', '7', '0.00', '0', '2026-03-10 11:58:30'),
('797', '2-1102', '2025', '7', '1500000.00', '0', '2026-03-10 11:58:30'),
('798', '2-1103', '2025', '7', '2000000.00', '0', '2026-03-10 11:58:30'),
('799', '2-2001', '2025', '7', '1000000.00', '0', '2026-03-10 11:58:30'),
('800', '2-2002', '2025', '7', '0.00', '0', '2026-03-10 11:58:30'),
('801', '3-1001', '2025', '7', '0.00', '0', '2026-03-10 11:58:30'),
('802', '3-2001', '2025', '7', '0.00', '0', '2026-03-10 11:58:30'),
('803', '3101', '2025', '7', '0.00', '0', '2026-03-10 11:58:30'),
('804', '4-1001', '2025', '7', '0.00', '0', '2026-03-10 11:58:30'),
('805', '4-1002', '2025', '7', '0.00', '0', '2026-03-10 11:58:30'),
('806', '4-1003', '2025', '7', '0.00', '0', '2026-03-10 11:58:30'),
('807', '4-1004', '2025', '7', '0.00', '0', '2026-03-10 11:58:30'),
('808', '4-1005', '2025', '7', '0.00', '0', '2026-03-10 11:58:30'),
('809', '4-1006', '2025', '7', '0.00', '0', '2026-03-10 11:58:30'),
('810', '4-1007', '2025', '7', '0.00', '0', '2026-03-10 11:58:30'),
('811', '4-1008', '2025', '7', '0.00', '0', '2026-03-10 11:58:30'),
('812', '4-1009', '2025', '7', '0.00', '0', '2026-03-10 11:58:30'),
('813', '4-1010', '2025', '7', '0.00', '0', '2026-03-10 11:58:30'),
('814', '4-1011', '2025', '7', '0.00', '0', '2026-03-10 11:58:30'),
('815', '4-1012', '2025', '7', '0.00', '0', '2026-03-10 11:58:30'),
('816', '4-2001', '2025', '7', '0.00', '0', '2026-03-10 11:58:30'),
('817', '4-2002', '2025', '7', '0.00', '0', '2026-03-10 11:58:30'),
('818', '4-2003', '2025', '7', '0.00', '0', '2026-03-10 11:58:30'),
('819', '4-2004', '2025', '7', '0.00', '0', '2026-03-10 11:58:30'),
('820', '4-2005', '2025', '7', '0.00', '0', '2026-03-10 11:58:30'),
('821', '4-2006', '2025', '7', '0.00', '0', '2026-03-10 11:58:30'),
('822', '5-1001', '2025', '7', '0.00', '0', '2026-03-10 11:58:30'),
('823', '5-1002', '2025', '7', '0.00', '0', '2026-03-10 11:58:30'),
('824', '5-1003', '2025', '7', '0.00', '0', '2026-03-10 11:58:30'),
('825', '5-2001', '2025', '7', '0.00', '0', '2026-03-10 11:58:30'),
('826', '5-20012', '2025', '7', '0.00', '0', '2026-03-10 11:58:30'),
('827', '5-2002', '2025', '7', '0.00', '0', '2026-03-10 11:58:30'),
('828', '5-2003', '2025', '7', '0.00', '0', '2026-03-10 11:58:30'),
('829', '5-2004', '2025', '7', '0.00', '0', '2026-03-10 11:58:30'),
('830', '5-2005', '2025', '7', '0.00', '0', '2026-03-10 11:58:30'),
('831', '5-2006', '2025', '7', '0.00', '0', '2026-03-10 11:58:30'),
('832', '5-2007', '2025', '7', '0.00', '0', '2026-03-10 11:58:30'),
('833', '5-2008', '2025', '7', '0.00', '0', '2026-03-10 11:58:30'),
('834', '5-2009', '2025', '7', '0.00', '0', '2026-03-10 11:58:30'),
('835', '5-2010', '2025', '7', '0.00', '0', '2026-03-10 11:58:30'),
('836', '5-2011', '2025', '7', '0.00', '0', '2026-03-10 11:58:30'),
('837', '5-3001', '2025', '7', '0.00', '0', '2026-03-10 11:58:30'),
('838', '51010', '2025', '7', '0.00', '0', '2026-03-10 11:58:30'),
('839', '51020', '2025', '7', '0.00', '0', '2026-03-10 11:58:30'),
('840', '51030', '2025', '7', '0.00', '0', '2026-03-10 11:58:30'),
('841', '5201', '2025', '7', '0.00', '0', '2026-03-10 11:58:30'),
('842', '5202', '2025', '7', '0.00', '0', '2026-03-10 11:58:30'),
('843', '5301', '2025', '7', '0.00', '0', '2026-03-10 11:58:30'),
('844', '5302', '2025', '7', '0.00', '0', '2026-03-10 11:58:30'),
('845', '5303', '2025', '7', '0.00', '0', '2026-03-10 11:58:30'),
('846', '5304', '2025', '7', '0.00', '0', '2026-03-10 11:58:30'),
('847', '5305', '2025', '7', '0.00', '0', '2026-03-10 11:58:30'),
('848', '5306', '2025', '7', '0.00', '0', '2026-03-10 11:58:30'),
('849', '5307', '2025', '7', '0.00', '0', '2026-03-10 11:58:30'),
('850', '54010', '2025', '7', '0.00', '0', '2026-03-10 11:58:30'),
('851', '54020', '2025', '7', '0.00', '0', '2026-03-10 11:58:30'),
('852', '54030', '2025', '7', '0.00', '0', '2026-03-10 11:58:30'),
('853', '55010', '2025', '7', '0.00', '0', '2026-03-10 11:58:30'),
('854', '55020', '2025', '7', '0.00', '0', '2026-03-10 11:58:30'),
('855', '56010', '2025', '7', '0.00', '0', '2026-03-10 11:58:30'),
('856', '56020', '2025', '7', '0.00', '0', '2026-03-10 11:58:30'),
('857', '56030', '2025', '7', '0.00', '0', '2026-03-10 11:58:30'),
('905', '1-1101', '2024', '5', '0.00', '0', '2026-03-10 11:58:30'),
('906', '1-1102', '2024', '5', '10000000.00', '0', '2026-03-10 11:58:30'),
('907', '1-1103', '2024', '5', '10000000.00', '0', '2026-03-10 11:58:30'),
('908', '1-1104', '2024', '5', '0.00', '0', '2026-03-10 11:58:30'),
('909', '1-1105', '2024', '5', '0.00', '0', '2026-03-10 11:58:30'),
('910', '1-1106', '2024', '5', '0.00', '0', '2026-03-10 11:58:30'),
('911', '1-1107', '2024', '5', '0.00', '0', '2026-03-10 11:58:30'),
('912', '1-1108', '2024', '5', '0.00', '0', '2026-03-10 11:58:30'),
('913', '1-1109', '2024', '5', '0.00', '0', '2026-03-10 11:58:30'),
('914', '1-1110', '2024', '5', '0.00', '0', '2026-03-10 11:58:30'),
('915', '1-1111', '2024', '5', '0.00', '0', '2026-03-10 11:58:30'),
('916', '1-1112', '2024', '5', '0.00', '0', '2026-03-10 11:58:30'),
('917', '1-1113', '2024', '5', '0.00', '0', '2026-03-10 11:58:30'),
('918', '1-1201', '2024', '5', '20000000.00', '0', '2026-03-10 11:58:30'),
('919', '1-1202', '2024', '5', '30000000.00', '0', '2026-03-10 11:58:30'),
('920', '1-1203', '2024', '5', '0.00', '0', '2026-03-10 11:58:30'),
('921', '1-1204', '2024', '5', '20000000.00', '0', '2026-03-10 11:58:30'),
('922', '1-2101', '2024', '5', '0.00', '0', '2026-03-10 11:58:30'),
('923', '1-2102', '2024', '5', '0.00', '0', '2026-03-10 11:58:30'),
('924', '1-2201', '2024', '5', '0.00', '0', '2026-03-10 11:58:30'),
('925', '1-2202', '2024', '5', '0.00', '0', '2026-03-10 11:58:30'),
('926', '2-1101', '2024', '5', '0.00', '0', '2026-03-10 11:58:30'),
('927', '2-1102', '2024', '5', '1500000.00', '0', '2026-03-10 11:58:30'),
('928', '2-1103', '2024', '5', '2000000.00', '0', '2026-03-10 11:58:30'),
('929', '2-2001', '2024', '5', '1000000.00', '0', '2026-03-10 11:58:30'),
('930', '2-2002', '2024', '5', '0.00', '0', '2026-03-10 11:58:30'),
('931', '3-1001', '2024', '5', '0.00', '0', '2026-03-10 11:58:30'),
('932', '3-2001', '2024', '5', '0.00', '0', '2026-03-10 11:58:30'),
('933', '3101', '2024', '5', '0.00', '0', '2026-03-10 11:58:30'),
('934', '4-1001', '2024', '5', '0.00', '0', '2026-03-10 11:58:30'),
('935', '4-1002', '2024', '5', '0.00', '0', '2026-03-10 11:58:30'),
('936', '4-1003', '2024', '5', '0.00', '0', '2026-03-10 11:58:30'),
('937', '4-1004', '2024', '5', '0.00', '0', '2026-03-10 11:58:30'),
('938', '4-1005', '2024', '5', '0.00', '0', '2026-03-10 11:58:30'),
('939', '4-1006', '2024', '5', '0.00', '0', '2026-03-10 11:58:30'),
('940', '4-1007', '2024', '5', '0.00', '0', '2026-03-10 11:58:30'),
('941', '4-1008', '2024', '5', '0.00', '0', '2026-03-10 11:58:30'),
('942', '4-1009', '2024', '5', '0.00', '0', '2026-03-10 11:58:30'),
('943', '4-1010', '2024', '5', '0.00', '0', '2026-03-10 11:58:30'),
('944', '4-1011', '2024', '5', '0.00', '0', '2026-03-10 11:58:30'),
('945', '4-1012', '2024', '5', '0.00', '0', '2026-03-10 11:58:30'),
('946', '4-2001', '2024', '5', '0.00', '0', '2026-03-10 11:58:30'),
('947', '4-2002', '2024', '5', '0.00', '0', '2026-03-10 11:58:30'),
('948', '4-2003', '2024', '5', '0.00', '0', '2026-03-10 11:58:30'),
('949', '4-2004', '2024', '5', '0.00', '0', '2026-03-10 11:58:30'),
('950', '4-2005', '2024', '5', '0.00', '0', '2026-03-10 11:58:30'),
('951', '4-2006', '2024', '5', '0.00', '0', '2026-03-10 11:58:30'),
('952', '5-1001', '2024', '5', '0.00', '0', '2026-03-10 11:58:30'),
('953', '5-1002', '2024', '5', '0.00', '0', '2026-03-10 11:58:30'),
('954', '5-1003', '2024', '5', '0.00', '0', '2026-03-10 11:58:30'),
('955', '5-2001', '2024', '5', '0.00', '0', '2026-03-10 11:58:30'),
('956', '5-20012', '2024', '5', '0.00', '0', '2026-03-10 11:58:30'),
('957', '5-2002', '2024', '5', '0.00', '0', '2026-03-10 11:58:30'),
('958', '5-2003', '2024', '5', '0.00', '0', '2026-03-10 11:58:30'),
('959', '5-2004', '2024', '5', '0.00', '0', '2026-03-10 11:58:30'),
('960', '5-2005', '2024', '5', '0.00', '0', '2026-03-10 11:58:30'),
('961', '5-2006', '2024', '5', '0.00', '0', '2026-03-10 11:58:30'),
('962', '5-2007', '2024', '5', '0.00', '0', '2026-03-10 11:58:30'),
('963', '5-2008', '2024', '5', '0.00', '0', '2026-03-10 11:58:30'),
('964', '5-2009', '2024', '5', '0.00', '0', '2026-03-10 11:58:30'),
('965', '5-2010', '2024', '5', '0.00', '0', '2026-03-10 11:58:30'),
('966', '5-2011', '2024', '5', '0.00', '0', '2026-03-10 11:58:30'),
('967', '5-3001', '2024', '5', '0.00', '0', '2026-03-10 11:58:30'),
('968', '51010', '2024', '5', '0.00', '0', '2026-03-10 11:58:30'),
('969', '51020', '2024', '5', '0.00', '0', '2026-03-10 11:58:30'),
('970', '51030', '2024', '5', '0.00', '0', '2026-03-10 11:58:30'),
('971', '5201', '2024', '5', '0.00', '0', '2026-03-10 11:58:30'),
('972', '5202', '2024', '5', '0.00', '0', '2026-03-10 11:58:30'),
('973', '5301', '2024', '5', '0.00', '0', '2026-03-10 11:58:30'),
('974', '5302', '2024', '5', '0.00', '0', '2026-03-10 11:58:30'),
('975', '5303', '2024', '5', '0.00', '0', '2026-03-10 11:58:30'),
('976', '5304', '2024', '5', '0.00', '0', '2026-03-10 11:58:30'),
('977', '5305', '2024', '5', '0.00', '0', '2026-03-10 11:58:30'),
('978', '5306', '2024', '5', '0.00', '0', '2026-03-10 11:58:30'),
('979', '5307', '2024', '5', '0.00', '0', '2026-03-10 11:58:30'),
('980', '54010', '2024', '5', '0.00', '0', '2026-03-10 11:58:30'),
('981', '54020', '2024', '5', '0.00', '0', '2026-03-10 11:58:30'),
('982', '54030', '2024', '5', '0.00', '0', '2026-03-10 11:58:30'),
('983', '55010', '2024', '5', '0.00', '0', '2026-03-10 11:58:30'),
('984', '55020', '2024', '5', '0.00', '0', '2026-03-10 11:58:30'),
('985', '56010', '2024', '5', '0.00', '0', '2026-03-10 11:58:30'),
('986', '56020', '2024', '5', '0.00', '0', '2026-03-10 11:58:30'),
('987', '56030', '2024', '5', '0.00', '0', '2026-03-10 11:58:30'),
('1033', '6-1002', '2026', '1', '10941666.67', '1', '2026-04-24 08:25:18'),
('1034', '6-1003', '2026', '1', '833333.33', '1', '2026-04-24 08:25:18'),
('1053', '1-1101', '2026', '2', '0.00', '0', '2026-03-10 11:54:00'),
('1054', '1-1102', '2026', '2', '-3254000.00', '0', '2026-03-10 11:54:00'),
('1055', '1-1103', '2026', '2', '-50000000.00', '0', '2026-03-10 11:54:00'),
('1056', '1-1104', '2026', '2', '0.00', '0', '2026-03-10 11:54:00'),
('1057', '1-1105', '2026', '2', '-2000000.00', '0', '2026-03-10 11:54:00'),
('1058', '1-1106', '2026', '2', '0.00', '0', '2026-03-10 11:54:00'),
('1059', '1-1107', '2026', '2', '0.00', '0', '2026-03-10 11:54:00'),
('1060', '1-1108', '2026', '2', '0.00', '0', '2026-03-10 11:54:00'),
('1061', '1-1109', '2026', '2', '0.00', '0', '2026-03-10 11:54:00'),
('1062', '1-1110', '2026', '2', '0.00', '0', '2026-03-10 11:54:00'),
('1063', '1-1111', '2026', '2', '0.00', '0', '2026-03-10 11:54:00'),
('1064', '1-1112', '2026', '2', '0.00', '0', '2026-03-10 11:54:00'),
('1065', '1-1113', '2026', '2', '0.00', '0', '2026-03-10 11:54:00'),
('1066', '1-1201', '2026', '2', '55000000.00', '0', '2026-03-10 11:54:00'),
('1067', '1-1202', '2026', '2', '30000000.00', '0', '2026-03-10 11:54:00'),
('1068', '1-1203', '2026', '2', '0.00', '0', '2026-03-10 11:54:00'),
('1069', '1-1204', '2026', '2', '20000000.00', '0', '2026-03-10 11:54:00'),
('1070', '1-2101', '2026', '2', '60000000.00', '0', '2026-03-10 11:54:00'),
('1071', '1-2102', '2026', '2', '-32700000.00', '0', '2026-03-10 11:54:00'),
('1072', '1-2201', '2026', '2', '0.00', '0', '2026-03-10 11:54:00'),
('1073', '1-2202', '2026', '2', '-2500000.00', '0', '2026-03-10 11:54:00'),
('1074', '2-1101', '2026', '2', '0.00', '0', '2026-03-10 11:54:00'),
('1075', '2-1102', '2026', '2', '-500000.00', '0', '2026-03-10 11:54:00'),
('1076', '2-1103', '2026', '2', '2135000.00', '0', '2026-03-10 11:54:00'),
('1077', '2-2001', '2026', '2', '1071000.00', '0', '2026-03-10 11:54:00'),
('1078', '2-2002', '2026', '2', '0.00', '0', '2026-03-10 11:54:00'),
('1079', '3-1001', '2026', '2', '0.00', '0', '2026-03-10 11:54:00'),
('1080', '3-2001', '2026', '2', '0.00', '0', '2026-03-10 11:54:00'),
('1081', '3101', '2026', '2', '0.00', '0', '2026-03-10 11:54:00'),
('1082', '4-1001', '2026', '2', '35000000.00', '0', '2026-03-10 11:54:00'),
('1083', '4-1002', '2026', '2', '0.00', '0', '2026-03-10 11:54:00'),
('1084', '4-1003', '2026', '2', '0.00', '0', '2026-03-10 11:54:00'),
('1085', '4-1004', '2026', '2', '0.00', '0', '2026-03-10 11:54:00'),
('1086', '4-1005', '2026', '2', '0.00', '0', '2026-03-10 11:54:00'),
('1087', '4-1006', '2026', '2', '0.00', '0', '2026-03-10 11:54:00'),
('1088', '4-1007', '2026', '2', '0.00', '0', '2026-03-10 11:54:00'),
('1089', '4-1008', '2026', '2', '0.00', '0', '2026-03-10 11:54:00'),
('1090', '4-1009', '2026', '2', '3000000.00', '0', '2026-03-10 11:54:00'),
('1091', '4-1010', '2026', '2', '0.00', '0', '2026-03-10 11:54:00'),
('1092', '4-1011', '2026', '2', '0.00', '0', '2026-03-10 11:54:00'),
('1093', '4-1012', '2026', '2', '0.00', '0', '2026-03-10 11:54:00'),
('1094', '4-2001', '2026', '2', '0.00', '0', '2026-03-10 11:54:00'),
('1095', '4-2002', '2026', '2', '0.00', '0', '2026-03-10 11:54:00'),
('1096', '4-2003', '2026', '2', '0.00', '0', '2026-03-10 11:54:00'),
('1097', '4-2004', '2026', '2', '0.00', '0', '2026-03-10 11:54:00'),
('1098', '4-2005', '2026', '2', '0.00', '0', '2026-03-10 11:54:00'),
('1099', '4-2006', '2026', '2', '0.00', '0', '2026-03-10 11:54:00'),
('1100', '5-1001', '2026', '2', '14460000.00', '0', '2026-03-10 11:54:00'),
('1101', '5-1002', '2026', '2', '0.00', '0', '2026-03-10 11:54:00'),
('1102', '5-1003', '2026', '2', '0.00', '0', '2026-03-10 11:54:00'),
('1103', '5-2001', '2026', '2', '0.00', '0', '2026-03-10 11:54:00'),
('1104', '5-20012', '2026', '2', '0.00', '0', '2026-03-10 11:54:00'),
('1105', '5-2002', '2026', '2', '2000000.00', '0', '2026-03-10 11:54:00'),
('1106', '5-2003', '2026', '2', '0.00', '0', '2026-03-10 11:54:00'),
('1107', '5-2004', '2026', '2', '0.00', '0', '2026-03-10 11:54:00'),
('1108', '5-2005', '2026', '2', '0.00', '0', '2026-03-10 11:54:00'),
('1109', '5-2006', '2026', '2', '0.00', '0', '2026-03-10 11:54:00'),
('1110', '5-2007', '2026', '2', '0.00', '0', '2026-03-10 11:54:00'),
('1111', '5-2008', '2026', '2', '0.00', '0', '2026-03-10 11:54:00'),
('1112', '5-2009', '2026', '2', '0.00', '0', '2026-03-10 11:54:00'),
('1113', '5-2010', '2026', '2', '0.00', '0', '2026-03-10 11:54:00'),
('1114', '5-2011', '2026', '2', '0.00', '0', '2026-03-10 11:54:00'),
('1115', '5-3001', '2026', '2', '0.00', '0', '2026-03-10 11:54:00'),
('1116', '51010', '2026', '2', '0.00', '0', '2026-03-10 11:54:00'),
('1117', '51020', '2026', '2', '0.00', '0', '2026-03-10 11:54:00'),
('1118', '51030', '2026', '2', '0.00', '0', '2026-03-10 11:54:00'),
('1119', '5201', '2026', '2', '0.00', '0', '2026-03-10 11:54:00'),
('1120', '5202', '2026', '2', '0.00', '0', '2026-03-10 11:54:00'),
('1121', '5301', '2026', '2', '0.00', '0', '2026-03-10 11:54:00'),
('1122', '5302', '2026', '2', '0.00', '0', '2026-03-10 11:54:00'),
('1123', '5303', '2026', '2', '0.00', '0', '2026-03-10 11:54:00'),
('1124', '5304', '2026', '2', '0.00', '0', '2026-03-10 11:54:00'),
('1125', '5305', '2026', '2', '0.00', '0', '2026-03-10 11:54:00'),
('1126', '5306', '2026', '2', '0.00', '0', '2026-03-10 11:54:00'),
('1127', '5307', '2026', '2', '0.00', '0', '2026-03-10 11:54:00'),
('1128', '54010', '2026', '2', '0.00', '0', '2026-03-10 11:54:00'),
('1129', '54020', '2026', '2', '0.00', '0', '2026-03-10 11:54:00'),
('1130', '54030', '2026', '2', '0.00', '0', '2026-03-10 11:54:00'),
('1131', '55010', '2026', '2', '0.00', '0', '2026-03-10 11:54:00'),
('1132', '55020', '2026', '2', '0.00', '0', '2026-03-10 11:54:00'),
('1133', '56010', '2026', '2', '0.00', '0', '2026-03-10 11:54:00'),
('1134', '56020', '2026', '2', '0.00', '0', '2026-03-10 11:54:00'),
('1135', '56030', '2026', '2', '0.00', '0', '2026-03-10 11:54:00'),
('1136', '6-1002', '2026', '2', '21883333.33', '0', '2026-03-10 11:54:00'),
('1137', '6-1003', '2026', '2', '1666666.67', '0', '2026-03-10 11:54:00'),
('1191', '6-1002', '2025', '12', '0.00', '1', '2026-04-24 08:25:17'),
('1192', '6-1003', '2025', '12', '0.00', '1', '2026-04-24 08:25:17'),
('1306', '1-1101', '2026', '3', '0.00', '0', '2026-03-10 11:54:00'),
('1307', '1-1102', '2026', '3', '-3254000.00', '0', '2026-03-10 11:54:00'),
('1308', '1-1103', '2026', '3', '-50000000.00', '0', '2026-03-10 11:54:00'),
('1309', '1-1104', '2026', '3', '0.00', '0', '2026-03-10 11:54:00'),
('1310', '1-1105', '2026', '3', '-2000000.00', '0', '2026-03-10 11:54:00'),
('1311', '1-1106', '2026', '3', '0.00', '0', '2026-03-10 11:54:00'),
('1312', '1-1107', '2026', '3', '0.00', '0', '2026-03-10 11:54:00'),
('1313', '1-1108', '2026', '3', '0.00', '0', '2026-03-10 11:54:00'),
('1314', '1-1109', '2026', '3', '0.00', '0', '2026-03-10 11:54:00'),
('1315', '1-1110', '2026', '3', '0.00', '0', '2026-03-10 11:54:00'),
('1316', '1-1111', '2026', '3', '0.00', '0', '2026-03-10 11:54:00'),
('1317', '1-1112', '2026', '3', '0.00', '0', '2026-03-10 11:54:00'),
('1318', '1-1113', '2026', '3', '0.00', '0', '2026-03-10 11:54:00'),
('1319', '1-1201', '2026', '3', '55000000.00', '0', '2026-03-10 11:54:00'),
('1320', '1-1202', '2026', '3', '30000000.00', '0', '2026-03-10 11:54:00'),
('1321', '1-1203', '2026', '3', '0.00', '0', '2026-03-10 11:54:00'),
('1322', '1-1204', '2026', '3', '20000000.00', '0', '2026-03-10 11:54:00'),
('1323', '1-2101', '2026', '3', '60000000.00', '0', '2026-03-10 11:54:00'),
('1324', '1-2102', '2026', '3', '-32700000.00', '0', '2026-03-10 11:54:00'),
('1325', '1-2201', '2026', '3', '0.00', '0', '2026-03-10 11:54:00'),
('1326', '1-2202', '2026', '3', '-2500000.00', '0', '2026-03-10 11:54:00'),
('1327', '2-1101', '2026', '3', '0.00', '0', '2026-03-10 11:54:00'),
('1328', '2-1102', '2026', '3', '-500000.00', '0', '2026-03-10 11:54:00'),
('1329', '2-1103', '2026', '3', '2135000.00', '0', '2026-03-10 11:54:00'),
('1330', '2-2001', '2026', '3', '1071000.00', '0', '2026-03-10 11:54:00'),
('1331', '2-2002', '2026', '3', '0.00', '0', '2026-03-10 11:54:00'),
('1332', '3-1001', '2026', '3', '0.00', '0', '2026-03-10 11:54:00'),
('1333', '3-2001', '2026', '3', '0.00', '0', '2026-03-10 11:54:00'),
('1334', '3101', '2026', '3', '0.00', '0', '2026-03-10 11:54:00'),
('1335', '4-1001', '2026', '3', '35000000.00', '0', '2026-03-10 11:54:00'),
('1336', '4-1002', '2026', '3', '0.00', '0', '2026-03-10 11:54:00'),
('1337', '4-1003', '2026', '3', '0.00', '0', '2026-03-10 11:54:00'),
('1338', '4-1004', '2026', '3', '0.00', '0', '2026-03-10 11:54:00'),
('1339', '4-1005', '2026', '3', '0.00', '0', '2026-03-10 11:54:00'),
('1340', '4-1006', '2026', '3', '0.00', '0', '2026-03-10 11:54:00'),
('1341', '4-1007', '2026', '3', '0.00', '0', '2026-03-10 11:54:00'),
('1342', '4-1008', '2026', '3', '0.00', '0', '2026-03-10 11:54:00'),
('1343', '4-1009', '2026', '3', '3000000.00', '0', '2026-03-10 11:54:00'),
('1344', '4-1010', '2026', '3', '0.00', '0', '2026-03-10 11:54:00'),
('1345', '4-1011', '2026', '3', '0.00', '0', '2026-03-10 11:54:00'),
('1346', '4-1012', '2026', '3', '0.00', '0', '2026-03-10 11:54:00'),
('1347', '4-2001', '2026', '3', '0.00', '0', '2026-03-10 11:54:00'),
('1348', '4-2002', '2026', '3', '0.00', '0', '2026-03-10 11:54:00'),
('1349', '4-2003', '2026', '3', '0.00', '0', '2026-03-10 11:54:00'),
('1350', '4-2004', '2026', '3', '0.00', '0', '2026-03-10 11:54:00'),
('1351', '4-2005', '2026', '3', '0.00', '0', '2026-03-10 11:54:00'),
('1352', '4-2006', '2026', '3', '0.00', '0', '2026-03-10 11:54:00'),
('1353', '5-1001', '2026', '3', '14460000.00', '0', '2026-03-10 11:54:00'),
('1354', '5-1002', '2026', '3', '0.00', '0', '2026-03-10 11:54:00'),
('1355', '5-1003', '2026', '3', '0.00', '0', '2026-03-10 11:54:00'),
('1356', '5-2001', '2026', '3', '0.00', '0', '2026-03-10 11:54:00'),
('1357', '5-20012', '2026', '3', '0.00', '0', '2026-03-10 11:54:00'),
('1358', '5-2002', '2026', '3', '2000000.00', '0', '2026-03-10 11:54:00'),
('1359', '5-2003', '2026', '3', '0.00', '0', '2026-03-10 11:54:00'),
('1360', '5-2004', '2026', '3', '0.00', '0', '2026-03-10 11:54:00'),
('1361', '5-2005', '2026', '3', '0.00', '0', '2026-03-10 11:54:00'),
('1362', '5-2006', '2026', '3', '0.00', '0', '2026-03-10 11:54:00'),
('1363', '5-2007', '2026', '3', '0.00', '0', '2026-03-10 11:54:00'),
('1364', '5-2008', '2026', '3', '0.00', '0', '2026-03-10 11:54:00'),
('1365', '5-2009', '2026', '3', '0.00', '0', '2026-03-10 11:54:00'),
('1366', '5-2010', '2026', '3', '0.00', '0', '2026-03-10 11:54:00'),
('1367', '5-2011', '2026', '3', '0.00', '0', '2026-03-10 11:54:00'),
('1368', '5-3001', '2026', '3', '0.00', '0', '2026-03-10 11:54:00'),
('1369', '51010', '2026', '3', '0.00', '0', '2026-03-10 11:54:00'),
('1370', '51020', '2026', '3', '0.00', '0', '2026-03-10 11:54:00'),
('1371', '51030', '2026', '3', '0.00', '0', '2026-03-10 11:54:00'),
('1372', '5201', '2026', '3', '0.00', '0', '2026-03-10 11:54:00'),
('1373', '5202', '2026', '3', '0.00', '0', '2026-03-10 11:54:00'),
('1374', '5301', '2026', '3', '0.00', '0', '2026-03-10 11:54:00'),
('1375', '5302', '2026', '3', '0.00', '0', '2026-03-10 11:54:00'),
('1376', '5303', '2026', '3', '0.00', '0', '2026-03-10 11:54:00'),
('1377', '5304', '2026', '3', '0.00', '0', '2026-03-10 11:54:00'),
('1378', '5305', '2026', '3', '0.00', '0', '2026-03-10 11:54:00'),
('1379', '5306', '2026', '3', '0.00', '0', '2026-03-10 11:54:00'),
('1380', '5307', '2026', '3', '0.00', '0', '2026-03-10 11:54:00'),
('1381', '54010', '2026', '3', '0.00', '0', '2026-03-10 11:54:00'),
('1382', '54020', '2026', '3', '0.00', '0', '2026-03-10 11:54:00'),
('1383', '54030', '2026', '3', '0.00', '0', '2026-03-10 11:54:00'),
('1384', '55010', '2026', '3', '0.00', '0', '2026-03-10 11:54:00'),
('1385', '55020', '2026', '3', '0.00', '0', '2026-03-10 11:54:00'),
('1386', '56010', '2026', '3', '0.00', '0', '2026-03-10 11:54:00'),
('1387', '56020', '2026', '3', '0.00', '0', '2026-03-10 11:54:00'),
('1388', '56030', '2026', '3', '0.00', '0', '2026-03-10 11:54:00'),
('1389', '6-1002', '2026', '3', '21883333.33', '0', '2026-03-10 11:54:00'),
('1390', '6-1003', '2026', '3', '1666666.67', '0', '2026-03-10 11:54:00'),
('1443', '6-1002', '2025', '11', '0.00', '1', '2026-04-24 08:25:17'),
('1444', '6-1003', '2025', '11', '0.00', '1', '2026-04-24 08:25:17');

DROP TABLE IF EXISTS `syifa_saldo_bulanan`;
CREATE TABLE `syifa_saldo_bulanan` (
  `id` bigint(20) NOT NULL AUTO_INCREMENT,
  `periode_id` int(11) NOT NULL,
  `kode_akun` varchar(20) NOT NULL,
  `saldo_awal` decimal(15,2) DEFAULT 0.00,
  `total_debit` decimal(15,2) DEFAULT 0.00,
  `total_kredit` decimal(15,2) DEFAULT 0.00,
  `saldo_akhir` decimal(15,2) DEFAULT 0.00,
  PRIMARY KEY (`id`),
  UNIQUE KEY `idx_periode_akun` (`periode_id`,`kode_akun`),
  KEY `fk_saldo_akun` (`kode_akun`),
  CONSTRAINT `fk_saldo_akun` FOREIGN KEY (`kode_akun`) REFERENCES `syifa_akun` (`kode_akun`),
  CONSTRAINT `fk_saldo_periode` FOREIGN KEY (`periode_id`) REFERENCES `syifa_periode` (`id`)
) ENGINE=InnoDB DEFAULT CHARSET=utf8mb4 COLLATE=utf8mb4_general_ci;

DROP TABLE IF EXISTS `syifa_setting_profile`;
CREATE TABLE `syifa_setting_profile` (
  `id` int(11) NOT NULL AUTO_INCREMENT,
  `nama_institusi` varchar(100) NOT NULL,
  `alamat` text NOT NULL,
  `email` varchar(50) DEFAULT NULL,
  `telepon` varchar(20) DEFAULT NULL,
  `logo_path` varchar(255) DEFAULT NULL,
  `thn_ajaran_aktif` varchar(10) DEFAULT NULL,
  `is_locked` tinyint(1) DEFAULT 0 COMMENT 'Kunci sistem saat maintenance',
  PRIMARY KEY (`id`)
) ENGINE=InnoDB AUTO_INCREMENT=2 DEFAULT CHARSET=utf8mb4 COLLATE=utf8mb4_general_ci;

INSERT INTO `syifa_setting_profile` VALUES 
('1', 'Universitas SYIFA', 'Jl. Pendidikan No. 1', NULL, NULL, NULL, '2024/2025', '0');

DROP TABLE IF EXISTS `syifa_tagihan`;
CREATE TABLE `syifa_tagihan` (
  `id` int(11) NOT NULL AUTO_INCREMENT,
  `mahasiswa_id` int(11) NOT NULL,
  `tarif_id` int(11) NOT NULL,
  `no_tagihan` varchar(50) NOT NULL,
  `periode_kode` varchar(10) NOT NULL,
  `nominal_tagihan` decimal(15,2) NOT NULL,
  `tgl_tagihan` date NOT NULL,
  `nominal` decimal(15,2) NOT NULL,
  `terbayar` decimal(15,2) DEFAULT 0.00,
  `status_bayar` enum('Belum Lunas','Sebagian','Lunas') DEFAULT 'Belum Lunas',
  `jurnal_header_id` bigint(20) DEFAULT NULL,
  `created_at` timestamp NOT NULL DEFAULT current_timestamp(),
  `status` enum('BELUM BAYAR','CICIL','LUNAS') DEFAULT 'BELUM BAYAR',
  PRIMARY KEY (`id`),
  KEY `fk_tagihan_mhs` (`mahasiswa_id`),
  CONSTRAINT `fk_tagihan_mhs` FOREIGN KEY (`mahasiswa_id`) REFERENCES `syifa_mahasiswa` (`id`)
) ENGINE=InnoDB DEFAULT CHARSET=utf8mb4 COLLATE=utf8mb4_general_ci;

DROP TABLE IF EXISTS `syifa_tagihan_detail`;
CREATE TABLE `syifa_tagihan_detail` (
  `id` int(11) NOT NULL AUTO_INCREMENT,
  `tagihan_id` int(11) DEFAULT NULL,
  `komponen_id` int(11) DEFAULT NULL,
  `nama_biaya` varchar(255) DEFAULT NULL,
  `jumlah` double DEFAULT 0,
  PRIMARY KEY (`id`)
) ENGINE=InnoDB DEFAULT CHARSET=utf8mb4 COLLATE=utf8mb4_general_ci;

DROP TABLE IF EXISTS `syifa_transaction_map`;
CREATE TABLE `syifa_transaction_map` (
  `id` int(11) NOT NULL AUTO_INCREMENT,
  `jenis_transaksi` varchar(100) DEFAULT NULL,
  `akun_lawan` varchar(20) DEFAULT NULL,
  `posisi` enum('debit','kredit') DEFAULT NULL,
  PRIMARY KEY (`id`)
) ENGINE=InnoDB AUTO_INCREMENT=4 DEFAULT CHARSET=utf8mb4 COLLATE=utf8mb4_general_ci;

INSERT INTO `syifa_transaction_map` VALUES 
('1', 'Penerimaan UKT', '4-1101', 'kredit'),
('2', 'Biaya ATK', '5-1102', 'debit'),
('3', 'Pembelian Aset', '1-3101', 'debit');

DROP TABLE IF EXISTS `syifa_transaksi`;
CREATE TABLE `syifa_transaksi` (
  `id` bigint(20) NOT NULL AUTO_INCREMENT,
  `no_referensi` varchar(50) NOT NULL,
  `tanggal` date NOT NULL,
  `tipe` enum('income','expense','transfer','general') NOT NULL COMMENT 'Income=BKM, Expense=BKK, Transfer=TRF, General=JU',
  `deskripsi` text NOT NULL,
  `total_nominal` decimal(15,2) DEFAULT 0.00,
  `mahasiswa_id` int(11) DEFAULT NULL,
  `tagihan_id` int(11) DEFAULT NULL,
  `aset_id` int(11) DEFAULT NULL,
  `created_by` int(11) DEFAULT NULL,
  `created_at` timestamp NOT NULL DEFAULT current_timestamp(),
  PRIMARY KEY (`id`),
  UNIQUE KEY `no_ref_uniq` (`no_referensi`)
) ENGINE=InnoDB DEFAULT CHARSET=utf8mb4 COLLATE=utf8mb4_general_ci;

DROP TABLE IF EXISTS `syifa_transaksi_mapping`;
CREATE TABLE `syifa_transaksi_mapping` (
  `id` int(11) NOT NULL AUTO_INCREMENT,
  `kode_transaksi` varchar(50) DEFAULT NULL,
  `nama_transaksi` varchar(100) DEFAULT NULL,
  `akun_lawan` varchar(20) DEFAULT NULL,
  `jenis` enum('MASUK','KELUAR') DEFAULT NULL,
  PRIMARY KEY (`id`),
  KEY `idx_mapping_kode` (`kode_transaksi`)
) ENGINE=InnoDB AUTO_INCREMENT=3 DEFAULT CHARSET=utf8mb4 COLLATE=utf8mb4_general_ci;

INSERT INTO `syifa_transaksi_mapping` VALUES 
('1', 'SPP', 'Pembayaran SPP', '4-1101', 'MASUK'),
('2', 'Gaji', 'Pembayaran Gaji', '5-1101', 'KELUAR');

DROP TABLE IF EXISTS `syifa_trial_balance_cache`;
CREATE TABLE `syifa_trial_balance_cache` (
  `kode_akun` varchar(20) NOT NULL,
  `tahun` int(4) NOT NULL,
  `bulan` int(2) NOT NULL,
  `saldo` decimal(18,2) NOT NULL DEFAULT 0.00,
  `version` int(11) NOT NULL DEFAULT 1,
  PRIMARY KEY (`kode_akun`,`tahun`,`bulan`,`version`)
) ENGINE=InnoDB DEFAULT CHARSET=utf8mb4 COLLATE=utf8mb4_general_ci;

INSERT INTO `syifa_trial_balance_cache` VALUES 
('1-1101', '2026', '1', '0.00', '1'),
('1-1101', '2026', '1', '0.00', '2'),
('1-1101', '2026', '1', '0.00', '3'),
('1-1101', '2026', '1', '0.00', '4'),
('1-1101', '2026', '1', '0.00', '5'),
('1-1101', '2026', '1', '0.00', '6'),
('1-1101', '2026', '1', '0.00', '7'),
('1-1101', '2026', '1', '0.00', '8'),
('1-1101', '2026', '1', '0.00', '9'),
('1-1101', '2026', '1', '0.00', '10'),
('1-1101', '2026', '1', '0.00', '11'),
('1-1101', '2026', '1', '0.00', '12'),
('1-1101', '2026', '1', '0.00', '13'),
('1-1101', '2026', '1', '0.00', '14'),
('1-1101', '2026', '2', '0.00', '1'),
('1-1101', '2026', '2', '0.00', '2'),
('1-1101', '2026', '2', '0.00', '3'),
('1-1101', '2026', '2', '0.00', '4'),
('1-1101', '2026', '2', '0.00', '5'),
('1-1101', '2026', '2', '0.00', '6'),
('1-1101', '2026', '2', '0.00', '7'),
('1-1101', '2026', '2', '0.00', '8'),
('1-1101', '2026', '2', '0.00', '9'),
('1-1101', '2026', '2', '0.00', '10'),
('1-1101', '2026', '2', '0.00', '11'),
('1-1101', '2026', '2', '0.00', '12'),
('1-1101', '2026', '2', '0.00', '13'),
('1-1101', '2026', '2', '0.00', '14'),
('1-1102', '2026', '1', '9000000.00', '1'),
('1-1102', '2026', '1', '9000000.00', '2'),
('1-1102', '2026', '1', '9000000.00', '3'),
('1-1102', '2026', '1', '9000000.00', '4'),
('1-1102', '2026', '1', '9000000.00', '5'),
('1-1102', '2026', '1', '9000000.00', '6'),
('1-1102', '2026', '1', '9000000.00', '7'),
('1-1102', '2026', '1', '9000000.00', '8'),
('1-1102', '2026', '1', '9000000.00', '9'),
('1-1102', '2026', '1', '9000000.00', '10'),
('1-1102', '2026', '1', '9000000.00', '11'),
('1-1102', '2026', '1', '9000000.00', '12'),
('1-1102', '2026', '1', '9000000.00', '13'),
('1-1102', '2026', '1', '9000000.00', '14'),
('1-1102', '2026', '2', '-3254000.00', '1'),
('1-1102', '2026', '2', '-3254000.00', '2'),
('1-1102', '2026', '2', '-3254000.00', '3'),
('1-1102', '2026', '2', '-3254000.00', '4'),
('1-1102', '2026', '2', '-3254000.00', '5'),
('1-1102', '2026', '2', '-3254000.00', '6'),
('1-1102', '2026', '2', '-3254000.00', '7'),
('1-1102', '2026', '2', '-3254000.00', '8'),
('1-1102', '2026', '2', '-3254000.00', '9'),
('1-1102', '2026', '2', '-3254000.00', '10'),
('1-1102', '2026', '2', '-3254000.00', '11'),
('1-1102', '2026', '2', '-3254000.00', '12'),
('1-1102', '2026', '2', '-3254000.00', '13'),
('1-1102', '2026', '2', '-3254000.00', '14'),
('1-1103', '2026', '1', '-50000000.00', '1'),
('1-1103', '2026', '1', '-50000000.00', '2'),
('1-1103', '2026', '1', '-50000000.00', '3'),
('1-1103', '2026', '1', '-50000000.00', '4'),
('1-1103', '2026', '1', '-50000000.00', '5'),
('1-1103', '2026', '1', '-50000000.00', '6'),
('1-1103', '2026', '1', '-50000000.00', '7'),
('1-1103', '2026', '1', '-50000000.00', '8'),
('1-1103', '2026', '1', '-50000000.00', '9'),
('1-1103', '2026', '1', '-50000000.00', '10'),
('1-1103', '2026', '1', '-50000000.00', '11'),
('1-1103', '2026', '1', '-50000000.00', '12'),
('1-1103', '2026', '1', '-50000000.00', '13'),
('1-1103', '2026', '1', '-50000000.00', '14'),
('1-1103', '2026', '2', '-50000000.00', '1'),
('1-1103', '2026', '2', '-50000000.00', '2'),
('1-1103', '2026', '2', '-50000000.00', '3'),
('1-1103', '2026', '2', '-50000000.00', '4'),
('1-1103', '2026', '2', '-50000000.00', '5'),
('1-1103', '2026', '2', '-50000000.00', '6'),
('1-1103', '2026', '2', '-50000000.00', '7'),
('1-1103', '2026', '2', '-50000000.00', '8'),
('1-1103', '2026', '2', '-50000000.00', '9'),
('1-1103', '2026', '2', '-50000000.00', '10'),
('1-1103', '2026', '2', '-50000000.00', '11'),
('1-1103', '2026', '2', '-50000000.00', '12'),
('1-1103', '2026', '2', '-50000000.00', '13'),
('1-1103', '2026', '2', '-50000000.00', '14'),
('1-1104', '2026', '1', '0.00', '1'),
('1-1104', '2026', '1', '0.00', '2'),
('1-1104', '2026', '1', '0.00', '3'),
('1-1104', '2026', '1', '0.00', '4'),
('1-1104', '2026', '1', '0.00', '5'),
('1-1104', '2026', '1', '0.00', '6'),
('1-1104', '2026', '1', '0.00', '7'),
('1-1104', '2026', '1', '0.00', '8'),
('1-1104', '2026', '1', '0.00', '9'),
('1-1104', '2026', '1', '0.00', '10'),
('1-1104', '2026', '1', '0.00', '11'),
('1-1104', '2026', '1', '0.00', '12'),
('1-1104', '2026', '1', '0.00', '13'),
('1-1104', '2026', '1', '0.00', '14'),
('1-1104', '2026', '2', '0.00', '1'),
('1-1104', '2026', '2', '0.00', '2'),
('1-1104', '2026', '2', '0.00', '3'),
('1-1104', '2026', '2', '0.00', '4'),
('1-1104', '2026', '2', '0.00', '5'),
('1-1104', '2026', '2', '0.00', '6'),
('1-1104', '2026', '2', '0.00', '7'),
('1-1104', '2026', '2', '0.00', '8'),
('1-1104', '2026', '2', '0.00', '9'),
('1-1104', '2026', '2', '0.00', '10'),
('1-1104', '2026', '2', '0.00', '11'),
('1-1104', '2026', '2', '0.00', '12'),
('1-1104', '2026', '2', '0.00', '13'),
('1-1104', '2026', '2', '0.00', '14'),
('1-1105', '2026', '1', '0.00', '1'),
('1-1105', '2026', '1', '0.00', '2'),
('1-1105', '2026', '1', '0.00', '3'),
('1-1105', '2026', '1', '0.00', '4'),
('1-1105', '2026', '1', '0.00', '5'),
('1-1105', '2026', '1', '0.00', '6'),
('1-1105', '2026', '1', '0.00', '7'),
('1-1105', '2026', '1', '0.00', '8'),
('1-1105', '2026', '1', '0.00', '9'),
('1-1105', '2026', '1', '0.00', '10'),
('1-1105', '2026', '1', '0.00', '11'),
('1-1105', '2026', '1', '0.00', '12'),
('1-1105', '2026', '1', '0.00', '13'),
('1-1105', '2026', '1', '0.00', '14'),
('1-1105', '2026', '2', '-2000000.00', '1'),
('1-1105', '2026', '2', '-2000000.00', '2'),
('1-1105', '2026', '2', '-2000000.00', '3'),
('1-1105', '2026', '2', '-2000000.00', '4'),
('1-1105', '2026', '2', '-2000000.00', '5'),
('1-1105', '2026', '2', '-2000000.00', '6'),
('1-1105', '2026', '2', '-2000000.00', '7'),
('1-1105', '2026', '2', '-2000000.00', '8'),
('1-1105', '2026', '2', '-2000000.00', '9'),
('1-1105', '2026', '2', '-2000000.00', '10'),
('1-1105', '2026', '2', '-2000000.00', '11'),
('1-1105', '2026', '2', '-2000000.00', '12'),
('1-1105', '2026', '2', '-2000000.00', '13'),
('1-1105', '2026', '2', '-2000000.00', '14'),
('1-1106', '2026', '1', '0.00', '1'),
('1-1106', '2026', '1', '0.00', '2'),
('1-1106', '2026', '1', '0.00', '3'),
('1-1106', '2026', '1', '0.00', '4'),
('1-1106', '2026', '1', '0.00', '5'),
('1-1106', '2026', '1', '0.00', '6'),
('1-1106', '2026', '1', '0.00', '7'),
('1-1106', '2026', '1', '0.00', '8'),
('1-1106', '2026', '1', '0.00', '9'),
('1-1106', '2026', '1', '0.00', '10'),
('1-1106', '2026', '1', '0.00', '11'),
('1-1106', '2026', '1', '0.00', '12'),
('1-1106', '2026', '1', '0.00', '13'),
('1-1106', '2026', '1', '0.00', '14'),
('1-1106', '2026', '2', '0.00', '1'),
('1-1106', '2026', '2', '0.00', '2'),
('1-1106', '2026', '2', '0.00', '3'),
('1-1106', '2026', '2', '0.00', '4'),
('1-1106', '2026', '2', '0.00', '5'),
('1-1106', '2026', '2', '0.00', '6'),
('1-1106', '2026', '2', '0.00', '7'),
('1-1106', '2026', '2', '0.00', '8'),
('1-1106', '2026', '2', '0.00', '9'),
('1-1106', '2026', '2', '0.00', '10'),
('1-1106', '2026', '2', '0.00', '11'),
('1-1106', '2026', '2', '0.00', '12'),
('1-1106', '2026', '2', '0.00', '13'),
('1-1106', '2026', '2', '0.00', '14'),
('1-1107', '2026', '1', '0.00', '1'),
('1-1107', '2026', '1', '0.00', '2'),
('1-1107', '2026', '1', '0.00', '3'),
('1-1107', '2026', '1', '0.00', '4'),
('1-1107', '2026', '1', '0.00', '5'),
('1-1107', '2026', '1', '0.00', '6'),
('1-1107', '2026', '1', '0.00', '7'),
('1-1107', '2026', '1', '0.00', '8'),
('1-1107', '2026', '1', '0.00', '9'),
('1-1107', '2026', '1', '0.00', '10'),
('1-1107', '2026', '1', '0.00', '11'),
('1-1107', '2026', '1', '0.00', '12'),
('1-1107', '2026', '1', '0.00', '13'),
('1-1107', '2026', '1', '0.00', '14'),
('1-1107', '2026', '2', '0.00', '1'),
('1-1107', '2026', '2', '0.00', '2'),
('1-1107', '2026', '2', '0.00', '3'),
('1-1107', '2026', '2', '0.00', '4'),
('1-1107', '2026', '2', '0.00', '5'),
('1-1107', '2026', '2', '0.00', '6'),
('1-1107', '2026', '2', '0.00', '7'),
('1-1107', '2026', '2', '0.00', '8'),
('1-1107', '2026', '2', '0.00', '9'),
('1-1107', '2026', '2', '0.00', '10'),
('1-1107', '2026', '2', '0.00', '11'),
('1-1107', '2026', '2', '0.00', '12'),
('1-1107', '2026', '2', '0.00', '13'),
('1-1107', '2026', '2', '0.00', '14'),
('1-1108', '2026', '1', '0.00', '1'),
('1-1108', '2026', '1', '0.00', '2'),
('1-1108', '2026', '1', '0.00', '3'),
('1-1108', '2026', '1', '0.00', '4'),
('1-1108', '2026', '1', '0.00', '5'),
('1-1108', '2026', '1', '0.00', '6'),
('1-1108', '2026', '1', '0.00', '7'),
('1-1108', '2026', '1', '0.00', '8'),
('1-1108', '2026', '1', '0.00', '9'),
('1-1108', '2026', '1', '0.00', '10'),
('1-1108', '2026', '1', '0.00', '11'),
('1-1108', '2026', '1', '0.00', '12'),
('1-1108', '2026', '1', '0.00', '13'),
('1-1108', '2026', '1', '0.00', '14'),
('1-1108', '2026', '2', '0.00', '1'),
('1-1108', '2026', '2', '0.00', '2'),
('1-1108', '2026', '2', '0.00', '3'),
('1-1108', '2026', '2', '0.00', '4'),
('1-1108', '2026', '2', '0.00', '5'),
('1-1108', '2026', '2', '0.00', '6'),
('1-1108', '2026', '2', '0.00', '7'),
('1-1108', '2026', '2', '0.00', '8'),
('1-1108', '2026', '2', '0.00', '9'),
('1-1108', '2026', '2', '0.00', '10'),
('1-1108', '2026', '2', '0.00', '11'),
('1-1108', '2026', '2', '0.00', '12'),
('1-1108', '2026', '2', '0.00', '13'),
('1-1108', '2026', '2', '0.00', '14'),
('1-1109', '2026', '1', '0.00', '1'),
('1-1109', '2026', '1', '0.00', '2'),
('1-1109', '2026', '1', '0.00', '3'),
('1-1109', '2026', '1', '0.00', '4'),
('1-1109', '2026', '1', '0.00', '5'),
('1-1109', '2026', '1', '0.00', '6'),
('1-1109', '2026', '1', '0.00', '7'),
('1-1109', '2026', '1', '0.00', '8'),
('1-1109', '2026', '1', '0.00', '9'),
('1-1109', '2026', '1', '0.00', '10'),
('1-1109', '2026', '1', '0.00', '11'),
('1-1109', '2026', '1', '0.00', '12'),
('1-1109', '2026', '1', '0.00', '13'),
('1-1109', '2026', '1', '0.00', '14'),
('1-1109', '2026', '2', '0.00', '1'),
('1-1109', '2026', '2', '0.00', '2'),
('1-1109', '2026', '2', '0.00', '3'),
('1-1109', '2026', '2', '0.00', '4'),
('1-1109', '2026', '2', '0.00', '5'),
('1-1109', '2026', '2', '0.00', '6'),
('1-1109', '2026', '2', '0.00', '7'),
('1-1109', '2026', '2', '0.00', '8'),
('1-1109', '2026', '2', '0.00', '9'),
('1-1109', '2026', '2', '0.00', '10'),
('1-1109', '2026', '2', '0.00', '11'),
('1-1109', '2026', '2', '0.00', '12'),
('1-1109', '2026', '2', '0.00', '13'),
('1-1109', '2026', '2', '0.00', '14'),
('1-1110', '2026', '1', '0.00', '1'),
('1-1110', '2026', '1', '0.00', '2'),
('1-1110', '2026', '1', '0.00', '3'),
('1-1110', '2026', '1', '0.00', '4'),
('1-1110', '2026', '1', '0.00', '5'),
('1-1110', '2026', '1', '0.00', '6'),
('1-1110', '2026', '1', '0.00', '7'),
('1-1110', '2026', '1', '0.00', '8'),
('1-1110', '2026', '1', '0.00', '9'),
('1-1110', '2026', '1', '0.00', '10'),
('1-1110', '2026', '1', '0.00', '11'),
('1-1110', '2026', '1', '0.00', '12'),
('1-1110', '2026', '1', '0.00', '13'),
('1-1110', '2026', '1', '0.00', '14'),
('1-1110', '2026', '2', '0.00', '1'),
('1-1110', '2026', '2', '0.00', '2'),
('1-1110', '2026', '2', '0.00', '3'),
('1-1110', '2026', '2', '0.00', '4'),
('1-1110', '2026', '2', '0.00', '5'),
('1-1110', '2026', '2', '0.00', '6'),
('1-1110', '2026', '2', '0.00', '7'),
('1-1110', '2026', '2', '0.00', '8'),
('1-1110', '2026', '2', '0.00', '9'),
('1-1110', '2026', '2', '0.00', '10'),
('1-1110', '2026', '2', '0.00', '11'),
('1-1110', '2026', '2', '0.00', '12'),
('1-1110', '2026', '2', '0.00', '13'),
('1-1110', '2026', '2', '0.00', '14'),
('1-1111', '2026', '1', '0.00', '1'),
('1-1111', '2026', '1', '0.00', '2'),
('1-1111', '2026', '1', '0.00', '3'),
('1-1111', '2026', '1', '0.00', '4'),
('1-1111', '2026', '1', '0.00', '5'),
('1-1111', '2026', '1', '0.00', '6'),
('1-1111', '2026', '1', '0.00', '7'),
('1-1111', '2026', '1', '0.00', '8'),
('1-1111', '2026', '1', '0.00', '9'),
('1-1111', '2026', '1', '0.00', '10'),
('1-1111', '2026', '1', '0.00', '11'),
('1-1111', '2026', '1', '0.00', '12'),
('1-1111', '2026', '1', '0.00', '13'),
('1-1111', '2026', '1', '0.00', '14'),
('1-1111', '2026', '2', '0.00', '1'),
('1-1111', '2026', '2', '0.00', '2'),
('1-1111', '2026', '2', '0.00', '3'),
('1-1111', '2026', '2', '0.00', '4'),
('1-1111', '2026', '2', '0.00', '5'),
('1-1111', '2026', '2', '0.00', '6'),
('1-1111', '2026', '2', '0.00', '7'),
('1-1111', '2026', '2', '0.00', '8'),
('1-1111', '2026', '2', '0.00', '9'),
('1-1111', '2026', '2', '0.00', '10'),
('1-1111', '2026', '2', '0.00', '11'),
('1-1111', '2026', '2', '0.00', '12'),
('1-1111', '2026', '2', '0.00', '13'),
('1-1111', '2026', '2', '0.00', '14'),
('1-1112', '2026', '1', '0.00', '1'),
('1-1112', '2026', '1', '0.00', '2'),
('1-1112', '2026', '1', '0.00', '3'),
('1-1112', '2026', '1', '0.00', '4'),
('1-1112', '2026', '1', '0.00', '5'),
('1-1112', '2026', '1', '0.00', '6'),
('1-1112', '2026', '1', '0.00', '7'),
('1-1112', '2026', '1', '0.00', '8'),
('1-1112', '2026', '1', '0.00', '9'),
('1-1112', '2026', '1', '0.00', '10'),
('1-1112', '2026', '1', '0.00', '11'),
('1-1112', '2026', '1', '0.00', '12'),
('1-1112', '2026', '1', '0.00', '13'),
('1-1112', '2026', '1', '0.00', '14'),
('1-1112', '2026', '2', '0.00', '1'),
('1-1112', '2026', '2', '0.00', '2'),
('1-1112', '2026', '2', '0.00', '3'),
('1-1112', '2026', '2', '0.00', '4'),
('1-1112', '2026', '2', '0.00', '5'),
('1-1112', '2026', '2', '0.00', '6'),
('1-1112', '2026', '2', '0.00', '7'),
('1-1112', '2026', '2', '0.00', '8'),
('1-1112', '2026', '2', '0.00', '9'),
('1-1112', '2026', '2', '0.00', '10'),
('1-1112', '2026', '2', '0.00', '11'),
('1-1112', '2026', '2', '0.00', '12'),
('1-1112', '2026', '2', '0.00', '13'),
('1-1112', '2026', '2', '0.00', '14'),
('1-1113', '2026', '1', '0.00', '1'),
('1-1113', '2026', '1', '0.00', '2'),
('1-1113', '2026', '1', '0.00', '3'),
('1-1113', '2026', '1', '0.00', '4'),
('1-1113', '2026', '1', '0.00', '5'),
('1-1113', '2026', '1', '0.00', '6'),
('1-1113', '2026', '1', '0.00', '7'),
('1-1113', '2026', '1', '0.00', '8'),
('1-1113', '2026', '1', '0.00', '9'),
('1-1113', '2026', '1', '0.00', '10'),
('1-1113', '2026', '1', '0.00', '11'),
('1-1113', '2026', '1', '0.00', '12'),
('1-1113', '2026', '1', '0.00', '13'),
('1-1113', '2026', '1', '0.00', '14'),
('1-1113', '2026', '2', '0.00', '1'),
('1-1113', '2026', '2', '0.00', '2'),
('1-1113', '2026', '2', '0.00', '3'),
('1-1113', '2026', '2', '0.00', '4'),
('1-1113', '2026', '2', '0.00', '5'),
('1-1113', '2026', '2', '0.00', '6'),
('1-1113', '2026', '2', '0.00', '7'),
('1-1113', '2026', '2', '0.00', '8'),
('1-1113', '2026', '2', '0.00', '9'),
('1-1113', '2026', '2', '0.00', '10'),
('1-1113', '2026', '2', '0.00', '11'),
('1-1113', '2026', '2', '0.00', '12'),
('1-1113', '2026', '2', '0.00', '13'),
('1-1113', '2026', '2', '0.00', '14'),
('1-1201', '2026', '1', '31750000.00', '1'),
('1-1201', '2026', '1', '31750000.00', '2'),
('1-1201', '2026', '1', '31750000.00', '3'),
('1-1201', '2026', '1', '31750000.00', '4'),
('1-1201', '2026', '1', '31750000.00', '5'),
('1-1201', '2026', '1', '31750000.00', '6'),
('1-1201', '2026', '1', '31750000.00', '7'),
('1-1201', '2026', '1', '31750000.00', '8'),
('1-1201', '2026', '1', '31750000.00', '9'),
('1-1201', '2026', '1', '31750000.00', '10'),
('1-1201', '2026', '1', '31750000.00', '11'),
('1-1201', '2026', '1', '31750000.00', '12'),
('1-1201', '2026', '1', '31750000.00', '13'),
('1-1201', '2026', '1', '31750000.00', '14'),
('1-1201', '2026', '2', '55000000.00', '1'),
('1-1201', '2026', '2', '55000000.00', '2'),
('1-1201', '2026', '2', '55000000.00', '3'),
('1-1201', '2026', '2', '55000000.00', '4'),
('1-1201', '2026', '2', '55000000.00', '5'),
('1-1201', '2026', '2', '55000000.00', '6'),
('1-1201', '2026', '2', '55000000.00', '7'),
('1-1201', '2026', '2', '55000000.00', '8'),
('1-1201', '2026', '2', '55000000.00', '9'),
('1-1201', '2026', '2', '55000000.00', '10'),
('1-1201', '2026', '2', '55000000.00', '11'),
('1-1201', '2026', '2', '55000000.00', '12'),
('1-1201', '2026', '2', '55000000.00', '13'),
('1-1201', '2026', '2', '55000000.00', '14'),
('1-1202', '2026', '1', '30000000.00', '1'),
('1-1202', '2026', '1', '30000000.00', '2'),
('1-1202', '2026', '1', '30000000.00', '3'),
('1-1202', '2026', '1', '30000000.00', '4'),
('1-1202', '2026', '1', '30000000.00', '5'),
('1-1202', '2026', '1', '30000000.00', '6'),
('1-1202', '2026', '1', '30000000.00', '7'),
('1-1202', '2026', '1', '30000000.00', '8'),
('1-1202', '2026', '1', '30000000.00', '9'),
('1-1202', '2026', '1', '30000000.00', '10'),
('1-1202', '2026', '1', '30000000.00', '11'),
('1-1202', '2026', '1', '30000000.00', '12'),
('1-1202', '2026', '1', '30000000.00', '13'),
('1-1202', '2026', '1', '30000000.00', '14'),
('1-1202', '2026', '2', '30000000.00', '1'),
('1-1202', '2026', '2', '30000000.00', '2'),
('1-1202', '2026', '2', '30000000.00', '3'),
('1-1202', '2026', '2', '30000000.00', '4'),
('1-1202', '2026', '2', '30000000.00', '5'),
('1-1202', '2026', '2', '30000000.00', '6'),
('1-1202', '2026', '2', '30000000.00', '7'),
('1-1202', '2026', '2', '30000000.00', '8'),
('1-1202', '2026', '2', '30000000.00', '9'),
('1-1202', '2026', '2', '30000000.00', '10'),
('1-1202', '2026', '2', '30000000.00', '11'),
('1-1202', '2026', '2', '30000000.00', '12'),
('1-1202', '2026', '2', '30000000.00', '13'),
('1-1202', '2026', '2', '30000000.00', '14'),
('1-1203', '2026', '1', '0.00', '1'),
('1-1203', '2026', '1', '0.00', '2'),
('1-1203', '2026', '1', '0.00', '3'),
('1-1203', '2026', '1', '0.00', '4'),
('1-1203', '2026', '1', '0.00', '5'),
('1-1203', '2026', '1', '0.00', '6'),
('1-1203', '2026', '1', '0.00', '7'),
('1-1203', '2026', '1', '0.00', '8'),
('1-1203', '2026', '1', '0.00', '9'),
('1-1203', '2026', '1', '0.00', '10'),
('1-1203', '2026', '1', '0.00', '11'),
('1-1203', '2026', '1', '0.00', '12'),
('1-1203', '2026', '1', '0.00', '13'),
('1-1203', '2026', '1', '0.00', '14'),
('1-1203', '2026', '2', '0.00', '1'),
('1-1203', '2026', '2', '0.00', '2'),
('1-1203', '2026', '2', '0.00', '3'),
('1-1203', '2026', '2', '0.00', '4'),
('1-1203', '2026', '2', '0.00', '5'),
('1-1203', '2026', '2', '0.00', '6'),
('1-1203', '2026', '2', '0.00', '7'),
('1-1203', '2026', '2', '0.00', '8'),
('1-1203', '2026', '2', '0.00', '9'),
('1-1203', '2026', '2', '0.00', '10'),
('1-1203', '2026', '2', '0.00', '11'),
('1-1203', '2026', '2', '0.00', '12'),
('1-1203', '2026', '2', '0.00', '13'),
('1-1203', '2026', '2', '0.00', '14'),
('1-1204', '2026', '1', '20000000.00', '1'),
('1-1204', '2026', '1', '20000000.00', '2'),
('1-1204', '2026', '1', '20000000.00', '3'),
('1-1204', '2026', '1', '20000000.00', '4'),
('1-1204', '2026', '1', '20000000.00', '5'),
('1-1204', '2026', '1', '20000000.00', '6'),
('1-1204', '2026', '1', '20000000.00', '7'),
('1-1204', '2026', '1', '20000000.00', '8'),
('1-1204', '2026', '1', '20000000.00', '9'),
('1-1204', '2026', '1', '20000000.00', '10'),
('1-1204', '2026', '1', '20000000.00', '11'),
('1-1204', '2026', '1', '20000000.00', '12'),
('1-1204', '2026', '1', '20000000.00', '13'),
('1-1204', '2026', '1', '20000000.00', '14'),
('1-1204', '2026', '2', '20000000.00', '1'),
('1-1204', '2026', '2', '20000000.00', '2'),
('1-1204', '2026', '2', '20000000.00', '3'),
('1-1204', '2026', '2', '20000000.00', '4'),
('1-1204', '2026', '2', '20000000.00', '5'),
('1-1204', '2026', '2', '20000000.00', '6'),
('1-1204', '2026', '2', '20000000.00', '7'),
('1-1204', '2026', '2', '20000000.00', '8'),
('1-1204', '2026', '2', '20000000.00', '9'),
('1-1204', '2026', '2', '20000000.00', '10'),
('1-1204', '2026', '2', '20000000.00', '11'),
('1-1204', '2026', '2', '20000000.00', '12'),
('1-1204', '2026', '2', '20000000.00', '13'),
('1-1204', '2026', '2', '20000000.00', '14'),
('1-2101', '2026', '1', '60000000.00', '1'),
('1-2101', '2026', '1', '60000000.00', '2'),
('1-2101', '2026', '1', '60000000.00', '3'),
('1-2101', '2026', '1', '60000000.00', '4'),
('1-2101', '2026', '1', '60000000.00', '5'),
('1-2101', '2026', '1', '60000000.00', '6'),
('1-2101', '2026', '1', '60000000.00', '7'),
('1-2101', '2026', '1', '60000000.00', '8'),
('1-2101', '2026', '1', '60000000.00', '9'),
('1-2101', '2026', '1', '60000000.00', '10'),
('1-2101', '2026', '1', '60000000.00', '11'),
('1-2101', '2026', '1', '60000000.00', '12'),
('1-2101', '2026', '1', '60000000.00', '13'),
('1-2101', '2026', '1', '60000000.00', '14'),
('1-2101', '2026', '2', '60000000.00', '1'),
('1-2101', '2026', '2', '60000000.00', '2'),
('1-2101', '2026', '2', '60000000.00', '3'),
('1-2101', '2026', '2', '60000000.00', '4'),
('1-2101', '2026', '2', '60000000.00', '5'),
('1-2101', '2026', '2', '60000000.00', '6'),
('1-2101', '2026', '2', '60000000.00', '7'),
('1-2101', '2026', '2', '60000000.00', '8'),
('1-2101', '2026', '2', '60000000.00', '9'),
('1-2101', '2026', '2', '60000000.00', '10'),
('1-2101', '2026', '2', '60000000.00', '11'),
('1-2101', '2026', '2', '60000000.00', '12'),
('1-2101', '2026', '2', '60000000.00', '13'),
('1-2101', '2026', '2', '60000000.00', '14'),
('1-2102', '2026', '1', '-21758333.33', '1'),
('1-2102', '2026', '1', '-21758333.33', '2'),
('1-2102', '2026', '1', '-21758333.33', '3'),
('1-2102', '2026', '1', '-21758333.33', '4'),
('1-2102', '2026', '1', '-21758333.33', '5'),
('1-2102', '2026', '1', '-21758333.33', '6'),
('1-2102', '2026', '1', '-21758333.33', '7'),
('1-2102', '2026', '1', '-21758333.33', '8'),
('1-2102', '2026', '1', '-21758333.33', '9'),
('1-2102', '2026', '1', '-21758333.33', '10'),
('1-2102', '2026', '1', '-21758333.33', '11'),
('1-2102', '2026', '1', '-21758333.33', '12'),
('1-2102', '2026', '1', '-21758333.33', '13'),
('1-2102', '2026', '1', '-21758333.33', '14'),
('1-2102', '2026', '2', '-32700000.00', '1'),
('1-2102', '2026', '2', '-32700000.00', '2'),
('1-2102', '2026', '2', '-32700000.00', '3'),
('1-2102', '2026', '2', '-32700000.00', '4'),
('1-2102', '2026', '2', '-32700000.00', '5'),
('1-2102', '2026', '2', '-32700000.00', '6'),
('1-2102', '2026', '2', '-32700000.00', '7'),
('1-2102', '2026', '2', '-32700000.00', '8'),
('1-2102', '2026', '2', '-32700000.00', '9'),
('1-2102', '2026', '2', '-32700000.00', '10'),
('1-2102', '2026', '2', '-32700000.00', '11'),
('1-2102', '2026', '2', '-32700000.00', '12'),
('1-2102', '2026', '2', '-32700000.00', '13'),
('1-2102', '2026', '2', '-32700000.00', '14'),
('1-2201', '2026', '1', '0.00', '1'),
('1-2201', '2026', '1', '0.00', '2'),
('1-2201', '2026', '1', '0.00', '3'),
('1-2201', '2026', '1', '0.00', '4'),
('1-2201', '2026', '1', '0.00', '5'),
('1-2201', '2026', '1', '0.00', '6'),
('1-2201', '2026', '1', '0.00', '7'),
('1-2201', '2026', '1', '0.00', '8'),
('1-2201', '2026', '1', '0.00', '9'),
('1-2201', '2026', '1', '0.00', '10'),
('1-2201', '2026', '1', '0.00', '11'),
('1-2201', '2026', '1', '0.00', '12'),
('1-2201', '2026', '1', '0.00', '13'),
('1-2201', '2026', '1', '0.00', '14'),
('1-2201', '2026', '2', '0.00', '1'),
('1-2201', '2026', '2', '0.00', '2'),
('1-2201', '2026', '2', '0.00', '3'),
('1-2201', '2026', '2', '0.00', '4'),
('1-2201', '2026', '2', '0.00', '5'),
('1-2201', '2026', '2', '0.00', '6'),
('1-2201', '2026', '2', '0.00', '7'),
('1-2201', '2026', '2', '0.00', '8'),
('1-2201', '2026', '2', '0.00', '9'),
('1-2201', '2026', '2', '0.00', '10'),
('1-2201', '2026', '2', '0.00', '11'),
('1-2201', '2026', '2', '0.00', '12'),
('1-2201', '2026', '2', '0.00', '13'),
('1-2201', '2026', '2', '0.00', '14'),
('1-2202', '2026', '1', '-1666666.67', '1'),
('1-2202', '2026', '1', '-1666666.67', '2'),
('1-2202', '2026', '1', '-1666666.67', '3'),
('1-2202', '2026', '1', '-1666666.67', '4'),
('1-2202', '2026', '1', '-1666666.67', '5'),
('1-2202', '2026', '1', '-1666666.67', '6'),
('1-2202', '2026', '1', '-1666666.67', '7'),
('1-2202', '2026', '1', '-1666666.67', '8'),
('1-2202', '2026', '1', '-1666666.67', '9'),
('1-2202', '2026', '1', '-1666666.67', '10'),
('1-2202', '2026', '1', '-1666666.67', '11'),
('1-2202', '2026', '1', '-1666666.67', '12'),
('1-2202', '2026', '1', '-1666666.67', '13'),
('1-2202', '2026', '1', '-1666666.67', '14'),
('1-2202', '2026', '2', '-2500000.00', '1'),
('1-2202', '2026', '2', '-2500000.00', '2'),
('1-2202', '2026', '2', '-2500000.00', '3'),
('1-2202', '2026', '2', '-2500000.00', '4'),
('1-2202', '2026', '2', '-2500000.00', '5'),
('1-2202', '2026', '2', '-2500000.00', '6'),
('1-2202', '2026', '2', '-2500000.00', '7'),
('1-2202', '2026', '2', '-2500000.00', '8'),
('1-2202', '2026', '2', '-2500000.00', '9'),
('1-2202', '2026', '2', '-2500000.00', '10'),
('1-2202', '2026', '2', '-2500000.00', '11'),
('1-2202', '2026', '2', '-2500000.00', '12'),
('1-2202', '2026', '2', '-2500000.00', '13'),
('1-2202', '2026', '2', '-2500000.00', '14'),
('2-1101', '2026', '1', '0.00', '1'),
('2-1101', '2026', '1', '0.00', '2'),
('2-1101', '2026', '1', '0.00', '3'),
('2-1101', '2026', '1', '0.00', '4'),
('2-1101', '2026', '1', '0.00', '5'),
('2-1101', '2026', '1', '0.00', '6'),
('2-1101', '2026', '1', '0.00', '7'),
('2-1101', '2026', '1', '0.00', '8'),
('2-1101', '2026', '1', '0.00', '9'),
('2-1101', '2026', '1', '0.00', '10'),
('2-1101', '2026', '1', '0.00', '11'),
('2-1101', '2026', '1', '0.00', '12'),
('2-1101', '2026', '1', '0.00', '13'),
('2-1101', '2026', '1', '0.00', '14'),
('2-1101', '2026', '2', '0.00', '1'),
('2-1101', '2026', '2', '0.00', '2'),
('2-1101', '2026', '2', '0.00', '3'),
('2-1101', '2026', '2', '0.00', '4'),
('2-1101', '2026', '2', '0.00', '5'),
('2-1101', '2026', '2', '0.00', '6'),
('2-1101', '2026', '2', '0.00', '7'),
('2-1101', '2026', '2', '0.00', '8'),
('2-1101', '2026', '2', '0.00', '9'),
('2-1101', '2026', '2', '0.00', '10'),
('2-1101', '2026', '2', '0.00', '11'),
('2-1101', '2026', '2', '0.00', '12'),
('2-1101', '2026', '2', '0.00', '13'),
('2-1101', '2026', '2', '0.00', '14'),
('2-1102', '2026', '1', '500000.00', '1'),
('2-1102', '2026', '1', '500000.00', '2'),
('2-1102', '2026', '1', '500000.00', '3'),
('2-1102', '2026', '1', '500000.00', '4'),
('2-1102', '2026', '1', '500000.00', '5'),
('2-1102', '2026', '1', '500000.00', '6'),
('2-1102', '2026', '1', '500000.00', '7'),
('2-1102', '2026', '1', '500000.00', '8'),
('2-1102', '2026', '1', '500000.00', '9'),
('2-1102', '2026', '1', '500000.00', '10'),
('2-1102', '2026', '1', '500000.00', '11'),
('2-1102', '2026', '1', '500000.00', '12'),
('2-1102', '2026', '1', '500000.00', '13'),
('2-1102', '2026', '1', '500000.00', '14'),
('2-1102', '2026', '2', '-500000.00', '1'),
('2-1102', '2026', '2', '-500000.00', '2'),
('2-1102', '2026', '2', '-500000.00', '3'),
('2-1102', '2026', '2', '-500000.00', '4'),
('2-1102', '2026', '2', '-500000.00', '5'),
('2-1102', '2026', '2', '-500000.00', '6'),
('2-1102', '2026', '2', '-500000.00', '7'),
('2-1102', '2026', '2', '-500000.00', '8'),
('2-1102', '2026', '2', '-500000.00', '9'),
('2-1102', '2026', '2', '-500000.00', '10'),
('2-1102', '2026', '2', '-500000.00', '11'),
('2-1102', '2026', '2', '-500000.00', '12'),
('2-1102', '2026', '2', '-500000.00', '13'),
('2-1102', '2026', '2', '-500000.00', '14'),
('2-1103', '2026', '1', '2000000.00', '1'),
('2-1103', '2026', '1', '2000000.00', '2'),
('2-1103', '2026', '1', '2000000.00', '3'),
('2-1103', '2026', '1', '2000000.00', '4'),
('2-1103', '2026', '1', '2000000.00', '5'),
('2-1103', '2026', '1', '2000000.00', '6'),
('2-1103', '2026', '1', '2000000.00', '7'),
('2-1103', '2026', '1', '2000000.00', '8'),
('2-1103', '2026', '1', '2000000.00', '9'),
('2-1103', '2026', '1', '2000000.00', '10'),
('2-1103', '2026', '1', '2000000.00', '11'),
('2-1103', '2026', '1', '2000000.00', '12'),
('2-1103', '2026', '1', '2000000.00', '13'),
('2-1103', '2026', '1', '2000000.00', '14'),
('2-1103', '2026', '2', '2135000.00', '1'),
('2-1103', '2026', '2', '2135000.00', '2'),
('2-1103', '2026', '2', '2135000.00', '3'),
('2-1103', '2026', '2', '2135000.00', '4'),
('2-1103', '2026', '2', '2135000.00', '5'),
('2-1103', '2026', '2', '2135000.00', '6'),
('2-1103', '2026', '2', '2135000.00', '7'),
('2-1103', '2026', '2', '2135000.00', '8'),
('2-1103', '2026', '2', '2135000.00', '9'),
('2-1103', '2026', '2', '2135000.00', '10'),
('2-1103', '2026', '2', '2135000.00', '11'),
('2-1103', '2026', '2', '2135000.00', '12'),
('2-1103', '2026', '2', '2135000.00', '13'),
('2-1103', '2026', '2', '2135000.00', '14'),
('2-2001', '2026', '1', '1000000.00', '1'),
('2-2001', '2026', '1', '1000000.00', '2'),
('2-2001', '2026', '1', '1000000.00', '3'),
('2-2001', '2026', '1', '1000000.00', '4'),
('2-2001', '2026', '1', '1000000.00', '5'),
('2-2001', '2026', '1', '1000000.00', '6'),
('2-2001', '2026', '1', '1000000.00', '7'),
('2-2001', '2026', '1', '1000000.00', '8'),
('2-2001', '2026', '1', '1000000.00', '9'),
('2-2001', '2026', '1', '1000000.00', '10'),
('2-2001', '2026', '1', '1000000.00', '11'),
('2-2001', '2026', '1', '1000000.00', '12'),
('2-2001', '2026', '1', '1000000.00', '13'),
('2-2001', '2026', '1', '1000000.00', '14'),
('2-2001', '2026', '2', '1071000.00', '1'),
('2-2001', '2026', '2', '1071000.00', '2'),
('2-2001', '2026', '2', '1071000.00', '3'),
('2-2001', '2026', '2', '1071000.00', '4'),
('2-2001', '2026', '2', '1071000.00', '5'),
('2-2001', '2026', '2', '1071000.00', '6'),
('2-2001', '2026', '2', '1071000.00', '7'),
('2-2001', '2026', '2', '1071000.00', '8'),
('2-2001', '2026', '2', '1071000.00', '9'),
('2-2001', '2026', '2', '1071000.00', '10'),
('2-2001', '2026', '2', '1071000.00', '11'),
('2-2001', '2026', '2', '1071000.00', '12'),
('2-2001', '2026', '2', '1071000.00', '13'),
('2-2001', '2026', '2', '1071000.00', '14'),
('2-2002', '2026', '1', '0.00', '1'),
('2-2002', '2026', '1', '0.00', '2'),
('2-2002', '2026', '1', '0.00', '3'),
('2-2002', '2026', '1', '0.00', '4'),
('2-2002', '2026', '1', '0.00', '5'),
('2-2002', '2026', '1', '0.00', '6'),
('2-2002', '2026', '1', '0.00', '7'),
('2-2002', '2026', '1', '0.00', '8'),
('2-2002', '2026', '1', '0.00', '9'),
('2-2002', '2026', '1', '0.00', '10'),
('2-2002', '2026', '1', '0.00', '11'),
('2-2002', '2026', '1', '0.00', '12'),
('2-2002', '2026', '1', '0.00', '13'),
('2-2002', '2026', '1', '0.00', '14'),
('2-2002', '2026', '2', '0.00', '1'),
('2-2002', '2026', '2', '0.00', '2'),
('2-2002', '2026', '2', '0.00', '3'),
('2-2002', '2026', '2', '0.00', '4'),
('2-2002', '2026', '2', '0.00', '5'),
('2-2002', '2026', '2', '0.00', '6'),
('2-2002', '2026', '2', '0.00', '7'),
('2-2002', '2026', '2', '0.00', '8'),
('2-2002', '2026', '2', '0.00', '9'),
('2-2002', '2026', '2', '0.00', '10'),
('2-2002', '2026', '2', '0.00', '11'),
('2-2002', '2026', '2', '0.00', '12'),
('2-2002', '2026', '2', '0.00', '13'),
('2-2002', '2026', '2', '0.00', '14'),
('3-1001', '2026', '1', '0.00', '1'),
('3-1001', '2026', '1', '0.00', '2'),
('3-1001', '2026', '1', '0.00', '3'),
('3-1001', '2026', '1', '0.00', '4'),
('3-1001', '2026', '1', '0.00', '5'),
('3-1001', '2026', '1', '0.00', '6'),
('3-1001', '2026', '1', '0.00', '7'),
('3-1001', '2026', '1', '0.00', '8'),
('3-1001', '2026', '1', '0.00', '9'),
('3-1001', '2026', '1', '0.00', '10'),
('3-1001', '2026', '1', '0.00', '11'),
('3-1001', '2026', '1', '0.00', '12'),
('3-1001', '2026', '1', '0.00', '13'),
('3-1001', '2026', '1', '0.00', '14'),
('3-1001', '2026', '2', '0.00', '1'),
('3-1001', '2026', '2', '0.00', '2'),
('3-1001', '2026', '2', '0.00', '3'),
('3-1001', '2026', '2', '0.00', '4'),
('3-1001', '2026', '2', '0.00', '5'),
('3-1001', '2026', '2', '0.00', '6'),
('3-1001', '2026', '2', '0.00', '7'),
('3-1001', '2026', '2', '0.00', '8'),
('3-1001', '2026', '2', '0.00', '9'),
('3-1001', '2026', '2', '0.00', '10'),
('3-1001', '2026', '2', '0.00', '11'),
('3-1001', '2026', '2', '0.00', '12'),
('3-1001', '2026', '2', '0.00', '13'),
('3-1001', '2026', '2', '0.00', '14'),
('3-2001', '2026', '1', '0.00', '1'),
('3-2001', '2026', '1', '0.00', '2'),
('3-2001', '2026', '1', '0.00', '3'),
('3-2001', '2026', '1', '0.00', '4'),
('3-2001', '2026', '1', '0.00', '5'),
('3-2001', '2026', '1', '0.00', '6'),
('3-2001', '2026', '1', '0.00', '7'),
('3-2001', '2026', '1', '0.00', '8'),
('3-2001', '2026', '1', '0.00', '9'),
('3-2001', '2026', '1', '0.00', '10'),
('3-2001', '2026', '1', '0.00', '11'),
('3-2001', '2026', '1', '0.00', '12'),
('3-2001', '2026', '1', '0.00', '13'),
('3-2001', '2026', '1', '0.00', '14'),
('3-2001', '2026', '2', '0.00', '1'),
('3-2001', '2026', '2', '0.00', '2'),
('3-2001', '2026', '2', '0.00', '3'),
('3-2001', '2026', '2', '0.00', '4'),
('3-2001', '2026', '2', '0.00', '5'),
('3-2001', '2026', '2', '0.00', '6'),
('3-2001', '2026', '2', '0.00', '7'),
('3-2001', '2026', '2', '0.00', '8'),
('3-2001', '2026', '2', '0.00', '9'),
('3-2001', '2026', '2', '0.00', '10'),
('3-2001', '2026', '2', '0.00', '11'),
('3-2001', '2026', '2', '0.00', '12'),
('3-2001', '2026', '2', '0.00', '13'),
('3-2001', '2026', '2', '0.00', '14'),
('3101', '2026', '1', '0.00', '1'),
('3101', '2026', '1', '0.00', '2'),
('3101', '2026', '1', '0.00', '3'),
('3101', '2026', '1', '0.00', '4'),
('3101', '2026', '1', '0.00', '5'),
('3101', '2026', '1', '0.00', '6'),
('3101', '2026', '1', '0.00', '7'),
('3101', '2026', '1', '0.00', '8'),
('3101', '2026', '1', '0.00', '9'),
('3101', '2026', '1', '0.00', '10'),
('3101', '2026', '1', '0.00', '11'),
('3101', '2026', '1', '0.00', '12'),
('3101', '2026', '1', '0.00', '13'),
('3101', '2026', '1', '0.00', '14'),
('3101', '2026', '2', '0.00', '1'),
('3101', '2026', '2', '0.00', '2'),
('3101', '2026', '2', '0.00', '3'),
('3101', '2026', '2', '0.00', '4'),
('3101', '2026', '2', '0.00', '5'),
('3101', '2026', '2', '0.00', '6'),
('3101', '2026', '2', '0.00', '7'),
('3101', '2026', '2', '0.00', '8'),
('3101', '2026', '2', '0.00', '9'),
('3101', '2026', '2', '0.00', '10'),
('3101', '2026', '2', '0.00', '11'),
('3101', '2026', '2', '0.00', '12'),
('3101', '2026', '2', '0.00', '13'),
('3101', '2026', '2', '0.00', '14'),
('4-1001', '2026', '1', '8750000.00', '1'),
('4-1001', '2026', '1', '8750000.00', '2'),
('4-1001', '2026', '1', '8750000.00', '3'),
('4-1001', '2026', '1', '8750000.00', '4'),
('4-1001', '2026', '1', '8750000.00', '5'),
('4-1001', '2026', '1', '8750000.00', '6'),
('4-1001', '2026', '1', '8750000.00', '7'),
('4-1001', '2026', '1', '8750000.00', '8'),
('4-1001', '2026', '1', '8750000.00', '9'),
('4-1001', '2026', '1', '8750000.00', '10'),
('4-1001', '2026', '1', '8750000.00', '11'),
('4-1001', '2026', '1', '8750000.00', '12'),
('4-1001', '2026', '1', '8750000.00', '13'),
('4-1001', '2026', '1', '8750000.00', '14'),
('4-1001', '2026', '2', '35000000.00', '1'),
('4-1001', '2026', '2', '35000000.00', '2'),
('4-1001', '2026', '2', '35000000.00', '3'),
('4-1001', '2026', '2', '35000000.00', '4'),
('4-1001', '2026', '2', '35000000.00', '5'),
('4-1001', '2026', '2', '35000000.00', '6'),
('4-1001', '2026', '2', '35000000.00', '7'),
('4-1001', '2026', '2', '35000000.00', '8'),
('4-1001', '2026', '2', '35000000.00', '9'),
('4-1001', '2026', '2', '35000000.00', '10'),
('4-1001', '2026', '2', '35000000.00', '11'),
('4-1001', '2026', '2', '35000000.00', '12'),
('4-1001', '2026', '2', '35000000.00', '13'),
('4-1001', '2026', '2', '35000000.00', '14'),
('4-1002', '2026', '1', '0.00', '1'),
('4-1002', '2026', '1', '0.00', '2'),
('4-1002', '2026', '1', '0.00', '3'),
('4-1002', '2026', '1', '0.00', '4'),
('4-1002', '2026', '1', '0.00', '5'),
('4-1002', '2026', '1', '0.00', '6'),
('4-1002', '2026', '1', '0.00', '7'),
('4-1002', '2026', '1', '0.00', '8'),
('4-1002', '2026', '1', '0.00', '9'),
('4-1002', '2026', '1', '0.00', '10'),
('4-1002', '2026', '1', '0.00', '11'),
('4-1002', '2026', '1', '0.00', '12'),
('4-1002', '2026', '1', '0.00', '13'),
('4-1002', '2026', '1', '0.00', '14'),
('4-1002', '2026', '2', '0.00', '1'),
('4-1002', '2026', '2', '0.00', '2'),
('4-1002', '2026', '2', '0.00', '3'),
('4-1002', '2026', '2', '0.00', '4'),
('4-1002', '2026', '2', '0.00', '5'),
('4-1002', '2026', '2', '0.00', '6'),
('4-1002', '2026', '2', '0.00', '7'),
('4-1002', '2026', '2', '0.00', '8'),
('4-1002', '2026', '2', '0.00', '9'),
('4-1002', '2026', '2', '0.00', '10'),
('4-1002', '2026', '2', '0.00', '11'),
('4-1002', '2026', '2', '0.00', '12'),
('4-1002', '2026', '2', '0.00', '13'),
('4-1002', '2026', '2', '0.00', '14'),
('4-1003', '2026', '1', '0.00', '1'),
('4-1003', '2026', '1', '0.00', '2'),
('4-1003', '2026', '1', '0.00', '3'),
('4-1003', '2026', '1', '0.00', '4'),
('4-1003', '2026', '1', '0.00', '5'),
('4-1003', '2026', '1', '0.00', '6'),
('4-1003', '2026', '1', '0.00', '7'),
('4-1003', '2026', '1', '0.00', '8'),
('4-1003', '2026', '1', '0.00', '9'),
('4-1003', '2026', '1', '0.00', '10'),
('4-1003', '2026', '1', '0.00', '11'),
('4-1003', '2026', '1', '0.00', '12'),
('4-1003', '2026', '1', '0.00', '13'),
('4-1003', '2026', '1', '0.00', '14'),
('4-1003', '2026', '2', '0.00', '1'),
('4-1003', '2026', '2', '0.00', '2'),
('4-1003', '2026', '2', '0.00', '3'),
('4-1003', '2026', '2', '0.00', '4'),
('4-1003', '2026', '2', '0.00', '5'),
('4-1003', '2026', '2', '0.00', '6'),
('4-1003', '2026', '2', '0.00', '7'),
('4-1003', '2026', '2', '0.00', '8'),
('4-1003', '2026', '2', '0.00', '9'),
('4-1003', '2026', '2', '0.00', '10'),
('4-1003', '2026', '2', '0.00', '11'),
('4-1003', '2026', '2', '0.00', '12'),
('4-1003', '2026', '2', '0.00', '13'),
('4-1003', '2026', '2', '0.00', '14'),
('4-1004', '2026', '1', '0.00', '1'),
('4-1004', '2026', '1', '0.00', '2'),
('4-1004', '2026', '1', '0.00', '3'),
('4-1004', '2026', '1', '0.00', '4'),
('4-1004', '2026', '1', '0.00', '5'),
('4-1004', '2026', '1', '0.00', '6'),
('4-1004', '2026', '1', '0.00', '7'),
('4-1004', '2026', '1', '0.00', '8'),
('4-1004', '2026', '1', '0.00', '9'),
('4-1004', '2026', '1', '0.00', '10'),
('4-1004', '2026', '1', '0.00', '11'),
('4-1004', '2026', '1', '0.00', '12'),
('4-1004', '2026', '1', '0.00', '13'),
('4-1004', '2026', '1', '0.00', '14'),
('4-1004', '2026', '2', '0.00', '1'),
('4-1004', '2026', '2', '0.00', '2'),
('4-1004', '2026', '2', '0.00', '3'),
('4-1004', '2026', '2', '0.00', '4'),
('4-1004', '2026', '2', '0.00', '5'),
('4-1004', '2026', '2', '0.00', '6'),
('4-1004', '2026', '2', '0.00', '7'),
('4-1004', '2026', '2', '0.00', '8'),
('4-1004', '2026', '2', '0.00', '9'),
('4-1004', '2026', '2', '0.00', '10'),
('4-1004', '2026', '2', '0.00', '11'),
('4-1004', '2026', '2', '0.00', '12'),
('4-1004', '2026', '2', '0.00', '13'),
('4-1004', '2026', '2', '0.00', '14'),
('4-1005', '2026', '1', '0.00', '1'),
('4-1005', '2026', '1', '0.00', '2'),
('4-1005', '2026', '1', '0.00', '3'),
('4-1005', '2026', '1', '0.00', '4'),
('4-1005', '2026', '1', '0.00', '5'),
('4-1005', '2026', '1', '0.00', '6'),
('4-1005', '2026', '1', '0.00', '7'),
('4-1005', '2026', '1', '0.00', '8'),
('4-1005', '2026', '1', '0.00', '9'),
('4-1005', '2026', '1', '0.00', '10'),
('4-1005', '2026', '1', '0.00', '11'),
('4-1005', '2026', '1', '0.00', '12'),
('4-1005', '2026', '1', '0.00', '13'),
('4-1005', '2026', '1', '0.00', '14'),
('4-1005', '2026', '2', '0.00', '1'),
('4-1005', '2026', '2', '0.00', '2'),
('4-1005', '2026', '2', '0.00', '3'),
('4-1005', '2026', '2', '0.00', '4'),
('4-1005', '2026', '2', '0.00', '5'),
('4-1005', '2026', '2', '0.00', '6'),
('4-1005', '2026', '2', '0.00', '7'),
('4-1005', '2026', '2', '0.00', '8'),
('4-1005', '2026', '2', '0.00', '9'),
('4-1005', '2026', '2', '0.00', '10'),
('4-1005', '2026', '2', '0.00', '11'),
('4-1005', '2026', '2', '0.00', '12'),
('4-1005', '2026', '2', '0.00', '13'),
('4-1005', '2026', '2', '0.00', '14'),
('4-1006', '2026', '1', '0.00', '1'),
('4-1006', '2026', '1', '0.00', '2'),
('4-1006', '2026', '1', '0.00', '3'),
('4-1006', '2026', '1', '0.00', '4'),
('4-1006', '2026', '1', '0.00', '5'),
('4-1006', '2026', '1', '0.00', '6'),
('4-1006', '2026', '1', '0.00', '7'),
('4-1006', '2026', '1', '0.00', '8'),
('4-1006', '2026', '1', '0.00', '9'),
('4-1006', '2026', '1', '0.00', '10'),
('4-1006', '2026', '1', '0.00', '11'),
('4-1006', '2026', '1', '0.00', '12'),
('4-1006', '2026', '1', '0.00', '13'),
('4-1006', '2026', '1', '0.00', '14'),
('4-1006', '2026', '2', '0.00', '1'),
('4-1006', '2026', '2', '0.00', '2'),
('4-1006', '2026', '2', '0.00', '3'),
('4-1006', '2026', '2', '0.00', '4'),
('4-1006', '2026', '2', '0.00', '5'),
('4-1006', '2026', '2', '0.00', '6'),
('4-1006', '2026', '2', '0.00', '7'),
('4-1006', '2026', '2', '0.00', '8'),
('4-1006', '2026', '2', '0.00', '9'),
('4-1006', '2026', '2', '0.00', '10'),
('4-1006', '2026', '2', '0.00', '11'),
('4-1006', '2026', '2', '0.00', '12'),
('4-1006', '2026', '2', '0.00', '13'),
('4-1006', '2026', '2', '0.00', '14'),
('4-1007', '2026', '1', '0.00', '1'),
('4-1007', '2026', '1', '0.00', '2'),
('4-1007', '2026', '1', '0.00', '3'),
('4-1007', '2026', '1', '0.00', '4'),
('4-1007', '2026', '1', '0.00', '5'),
('4-1007', '2026', '1', '0.00', '6'),
('4-1007', '2026', '1', '0.00', '7'),
('4-1007', '2026', '1', '0.00', '8'),
('4-1007', '2026', '1', '0.00', '9'),
('4-1007', '2026', '1', '0.00', '10'),
('4-1007', '2026', '1', '0.00', '11'),
('4-1007', '2026', '1', '0.00', '12'),
('4-1007', '2026', '1', '0.00', '13'),
('4-1007', '2026', '1', '0.00', '14'),
('4-1007', '2026', '2', '0.00', '1'),
('4-1007', '2026', '2', '0.00', '2'),
('4-1007', '2026', '2', '0.00', '3'),
('4-1007', '2026', '2', '0.00', '4'),
('4-1007', '2026', '2', '0.00', '5'),
('4-1007', '2026', '2', '0.00', '6'),
('4-1007', '2026', '2', '0.00', '7'),
('4-1007', '2026', '2', '0.00', '8'),
('4-1007', '2026', '2', '0.00', '9'),
('4-1007', '2026', '2', '0.00', '10'),
('4-1007', '2026', '2', '0.00', '11'),
('4-1007', '2026', '2', '0.00', '12'),
('4-1007', '2026', '2', '0.00', '13'),
('4-1007', '2026', '2', '0.00', '14'),
('4-1008', '2026', '1', '0.00', '1'),
('4-1008', '2026', '1', '0.00', '2'),
('4-1008', '2026', '1', '0.00', '3'),
('4-1008', '2026', '1', '0.00', '4'),
('4-1008', '2026', '1', '0.00', '5'),
('4-1008', '2026', '1', '0.00', '6'),
('4-1008', '2026', '1', '0.00', '7'),
('4-1008', '2026', '1', '0.00', '8'),
('4-1008', '2026', '1', '0.00', '9'),
('4-1008', '2026', '1', '0.00', '10'),
('4-1008', '2026', '1', '0.00', '11'),
('4-1008', '2026', '1', '0.00', '12'),
('4-1008', '2026', '1', '0.00', '13'),
('4-1008', '2026', '1', '0.00', '14'),
('4-1008', '2026', '2', '0.00', '1'),
('4-1008', '2026', '2', '0.00', '2'),
('4-1008', '2026', '2', '0.00', '3'),
('4-1008', '2026', '2', '0.00', '4'),
('4-1008', '2026', '2', '0.00', '5'),
('4-1008', '2026', '2', '0.00', '6'),
('4-1008', '2026', '2', '0.00', '7'),
('4-1008', '2026', '2', '0.00', '8'),
('4-1008', '2026', '2', '0.00', '9'),
('4-1008', '2026', '2', '0.00', '10'),
('4-1008', '2026', '2', '0.00', '11'),
('4-1008', '2026', '2', '0.00', '12'),
('4-1008', '2026', '2', '0.00', '13'),
('4-1008', '2026', '2', '0.00', '14'),
('4-1009', '2026', '1', '3000000.00', '1'),
('4-1009', '2026', '1', '3000000.00', '2'),
('4-1009', '2026', '1', '3000000.00', '3'),
('4-1009', '2026', '1', '3000000.00', '4'),
('4-1009', '2026', '1', '3000000.00', '5'),
('4-1009', '2026', '1', '3000000.00', '6'),
('4-1009', '2026', '1', '3000000.00', '7'),
('4-1009', '2026', '1', '3000000.00', '8'),
('4-1009', '2026', '1', '3000000.00', '9'),
('4-1009', '2026', '1', '3000000.00', '10'),
('4-1009', '2026', '1', '3000000.00', '11'),
('4-1009', '2026', '1', '3000000.00', '12'),
('4-1009', '2026', '1', '3000000.00', '13'),
('4-1009', '2026', '1', '3000000.00', '14'),
('4-1009', '2026', '2', '3000000.00', '1'),
('4-1009', '2026', '2', '3000000.00', '2'),
('4-1009', '2026', '2', '3000000.00', '3'),
('4-1009', '2026', '2', '3000000.00', '4'),
('4-1009', '2026', '2', '3000000.00', '5'),
('4-1009', '2026', '2', '3000000.00', '6'),
('4-1009', '2026', '2', '3000000.00', '7'),
('4-1009', '2026', '2', '3000000.00', '8'),
('4-1009', '2026', '2', '3000000.00', '9'),
('4-1009', '2026', '2', '3000000.00', '10'),
('4-1009', '2026', '2', '3000000.00', '11'),
('4-1009', '2026', '2', '3000000.00', '12'),
('4-1009', '2026', '2', '3000000.00', '13'),
('4-1009', '2026', '2', '3000000.00', '14'),
('4-1010', '2026', '1', '0.00', '1'),
('4-1010', '2026', '1', '0.00', '2'),
('4-1010', '2026', '1', '0.00', '3'),
('4-1010', '2026', '1', '0.00', '4'),
('4-1010', '2026', '1', '0.00', '5'),
('4-1010', '2026', '1', '0.00', '6'),
('4-1010', '2026', '1', '0.00', '7'),
('4-1010', '2026', '1', '0.00', '8'),
('4-1010', '2026', '1', '0.00', '9'),
('4-1010', '2026', '1', '0.00', '10'),
('4-1010', '2026', '1', '0.00', '11'),
('4-1010', '2026', '1', '0.00', '12'),
('4-1010', '2026', '1', '0.00', '13'),
('4-1010', '2026', '1', '0.00', '14'),
('4-1010', '2026', '2', '0.00', '1'),
('4-1010', '2026', '2', '0.00', '2'),
('4-1010', '2026', '2', '0.00', '3'),
('4-1010', '2026', '2', '0.00', '4'),
('4-1010', '2026', '2', '0.00', '5'),
('4-1010', '2026', '2', '0.00', '6'),
('4-1010', '2026', '2', '0.00', '7'),
('4-1010', '2026', '2', '0.00', '8'),
('4-1010', '2026', '2', '0.00', '9'),
('4-1010', '2026', '2', '0.00', '10'),
('4-1010', '2026', '2', '0.00', '11'),
('4-1010', '2026', '2', '0.00', '12'),
('4-1010', '2026', '2', '0.00', '13'),
('4-1010', '2026', '2', '0.00', '14'),
('4-1011', '2026', '1', '0.00', '1'),
('4-1011', '2026', '1', '0.00', '2'),
('4-1011', '2026', '1', '0.00', '3'),
('4-1011', '2026', '1', '0.00', '4'),
('4-1011', '2026', '1', '0.00', '5'),
('4-1011', '2026', '1', '0.00', '6'),
('4-1011', '2026', '1', '0.00', '7'),
('4-1011', '2026', '1', '0.00', '8'),
('4-1011', '2026', '1', '0.00', '9'),
('4-1011', '2026', '1', '0.00', '10'),
('4-1011', '2026', '1', '0.00', '11'),
('4-1011', '2026', '1', '0.00', '12'),
('4-1011', '2026', '1', '0.00', '13'),
('4-1011', '2026', '1', '0.00', '14'),
('4-1011', '2026', '2', '0.00', '1'),
('4-1011', '2026', '2', '0.00', '2'),
('4-1011', '2026', '2', '0.00', '3'),
('4-1011', '2026', '2', '0.00', '4'),
('4-1011', '2026', '2', '0.00', '5'),
('4-1011', '2026', '2', '0.00', '6'),
('4-1011', '2026', '2', '0.00', '7'),
('4-1011', '2026', '2', '0.00', '8'),
('4-1011', '2026', '2', '0.00', '9'),
('4-1011', '2026', '2', '0.00', '10'),
('4-1011', '2026', '2', '0.00', '11'),
('4-1011', '2026', '2', '0.00', '12'),
('4-1011', '2026', '2', '0.00', '13'),
('4-1011', '2026', '2', '0.00', '14'),
('4-1012', '2026', '1', '0.00', '1'),
('4-1012', '2026', '1', '0.00', '2'),
('4-1012', '2026', '1', '0.00', '3'),
('4-1012', '2026', '1', '0.00', '4'),
('4-1012', '2026', '1', '0.00', '5'),
('4-1012', '2026', '1', '0.00', '6'),
('4-1012', '2026', '1', '0.00', '7'),
('4-1012', '2026', '1', '0.00', '8'),
('4-1012', '2026', '1', '0.00', '9'),
('4-1012', '2026', '1', '0.00', '10'),
('4-1012', '2026', '1', '0.00', '11'),
('4-1012', '2026', '1', '0.00', '12'),
('4-1012', '2026', '1', '0.00', '13'),
('4-1012', '2026', '1', '0.00', '14'),
('4-1012', '2026', '2', '0.00', '1'),
('4-1012', '2026', '2', '0.00', '2'),
('4-1012', '2026', '2', '0.00', '3'),
('4-1012', '2026', '2', '0.00', '4'),
('4-1012', '2026', '2', '0.00', '5'),
('4-1012', '2026', '2', '0.00', '6'),
('4-1012', '2026', '2', '0.00', '7'),
('4-1012', '2026', '2', '0.00', '8'),
('4-1012', '2026', '2', '0.00', '9'),
('4-1012', '2026', '2', '0.00', '10'),
('4-1012', '2026', '2', '0.00', '11'),
('4-1012', '2026', '2', '0.00', '12'),
('4-1012', '2026', '2', '0.00', '13'),
('4-1012', '2026', '2', '0.00', '14'),
('4-2001', '2026', '1', '0.00', '1'),
('4-2001', '2026', '1', '0.00', '2'),
('4-2001', '2026', '1', '0.00', '3'),
('4-2001', '2026', '1', '0.00', '4'),
('4-2001', '2026', '1', '0.00', '5'),
('4-2001', '2026', '1', '0.00', '6'),
('4-2001', '2026', '1', '0.00', '7'),
('4-2001', '2026', '1', '0.00', '8'),
('4-2001', '2026', '1', '0.00', '9'),
('4-2001', '2026', '1', '0.00', '10'),
('4-2001', '2026', '1', '0.00', '11'),
('4-2001', '2026', '1', '0.00', '12'),
('4-2001', '2026', '1', '0.00', '13'),
('4-2001', '2026', '1', '0.00', '14'),
('4-2001', '2026', '2', '0.00', '1'),
('4-2001', '2026', '2', '0.00', '2'),
('4-2001', '2026', '2', '0.00', '3'),
('4-2001', '2026', '2', '0.00', '4'),
('4-2001', '2026', '2', '0.00', '5'),
('4-2001', '2026', '2', '0.00', '6'),
('4-2001', '2026', '2', '0.00', '7'),
('4-2001', '2026', '2', '0.00', '8'),
('4-2001', '2026', '2', '0.00', '9'),
('4-2001', '2026', '2', '0.00', '10'),
('4-2001', '2026', '2', '0.00', '11'),
('4-2001', '2026', '2', '0.00', '12'),
('4-2001', '2026', '2', '0.00', '13'),
('4-2001', '2026', '2', '0.00', '14'),
('4-2002', '2026', '1', '0.00', '1'),
('4-2002', '2026', '1', '0.00', '2'),
('4-2002', '2026', '1', '0.00', '3'),
('4-2002', '2026', '1', '0.00', '4'),
('4-2002', '2026', '1', '0.00', '5'),
('4-2002', '2026', '1', '0.00', '6'),
('4-2002', '2026', '1', '0.00', '7'),
('4-2002', '2026', '1', '0.00', '8'),
('4-2002', '2026', '1', '0.00', '9'),
('4-2002', '2026', '1', '0.00', '10'),
('4-2002', '2026', '1', '0.00', '11'),
('4-2002', '2026', '1', '0.00', '12'),
('4-2002', '2026', '1', '0.00', '13'),
('4-2002', '2026', '1', '0.00', '14'),
('4-2002', '2026', '2', '0.00', '1'),
('4-2002', '2026', '2', '0.00', '2'),
('4-2002', '2026', '2', '0.00', '3'),
('4-2002', '2026', '2', '0.00', '4'),
('4-2002', '2026', '2', '0.00', '5'),
('4-2002', '2026', '2', '0.00', '6'),
('4-2002', '2026', '2', '0.00', '7'),
('4-2002', '2026', '2', '0.00', '8'),
('4-2002', '2026', '2', '0.00', '9'),
('4-2002', '2026', '2', '0.00', '10'),
('4-2002', '2026', '2', '0.00', '11'),
('4-2002', '2026', '2', '0.00', '12'),
('4-2002', '2026', '2', '0.00', '13'),
('4-2002', '2026', '2', '0.00', '14'),
('4-2003', '2026', '1', '0.00', '1'),
('4-2003', '2026', '1', '0.00', '2'),
('4-2003', '2026', '1', '0.00', '3'),
('4-2003', '2026', '1', '0.00', '4'),
('4-2003', '2026', '1', '0.00', '5'),
('4-2003', '2026', '1', '0.00', '6'),
('4-2003', '2026', '1', '0.00', '7'),
('4-2003', '2026', '1', '0.00', '8'),
('4-2003', '2026', '1', '0.00', '9'),
('4-2003', '2026', '1', '0.00', '10'),
('4-2003', '2026', '1', '0.00', '11'),
('4-2003', '2026', '1', '0.00', '12'),
('4-2003', '2026', '1', '0.00', '13'),
('4-2003', '2026', '1', '0.00', '14'),
('4-2003', '2026', '2', '0.00', '1'),
('4-2003', '2026', '2', '0.00', '2'),
('4-2003', '2026', '2', '0.00', '3'),
('4-2003', '2026', '2', '0.00', '4'),
('4-2003', '2026', '2', '0.00', '5'),
('4-2003', '2026', '2', '0.00', '6'),
('4-2003', '2026', '2', '0.00', '7'),
('4-2003', '2026', '2', '0.00', '8'),
('4-2003', '2026', '2', '0.00', '9'),
('4-2003', '2026', '2', '0.00', '10'),
('4-2003', '2026', '2', '0.00', '11'),
('4-2003', '2026', '2', '0.00', '12'),
('4-2003', '2026', '2', '0.00', '13'),
('4-2003', '2026', '2', '0.00', '14'),
('4-2004', '2026', '1', '0.00', '1'),
('4-2004', '2026', '1', '0.00', '2'),
('4-2004', '2026', '1', '0.00', '3'),
('4-2004', '2026', '1', '0.00', '4'),
('4-2004', '2026', '1', '0.00', '5'),
('4-2004', '2026', '1', '0.00', '6'),
('4-2004', '2026', '1', '0.00', '7'),
('4-2004', '2026', '1', '0.00', '8'),
('4-2004', '2026', '1', '0.00', '9'),
('4-2004', '2026', '1', '0.00', '10'),
('4-2004', '2026', '1', '0.00', '11'),
('4-2004', '2026', '1', '0.00', '12'),
('4-2004', '2026', '1', '0.00', '13'),
('4-2004', '2026', '1', '0.00', '14'),
('4-2004', '2026', '2', '0.00', '1'),
('4-2004', '2026', '2', '0.00', '2'),
('4-2004', '2026', '2', '0.00', '3'),
('4-2004', '2026', '2', '0.00', '4'),
('4-2004', '2026', '2', '0.00', '5'),
('4-2004', '2026', '2', '0.00', '6'),
('4-2004', '2026', '2', '0.00', '7'),
('4-2004', '2026', '2', '0.00', '8'),
('4-2004', '2026', '2', '0.00', '9'),
('4-2004', '2026', '2', '0.00', '10'),
('4-2004', '2026', '2', '0.00', '11'),
('4-2004', '2026', '2', '0.00', '12'),
('4-2004', '2026', '2', '0.00', '13'),
('4-2004', '2026', '2', '0.00', '14'),
('4-2005', '2026', '1', '0.00', '1'),
('4-2005', '2026', '1', '0.00', '2'),
('4-2005', '2026', '1', '0.00', '3'),
('4-2005', '2026', '1', '0.00', '4'),
('4-2005', '2026', '1', '0.00', '5'),
('4-2005', '2026', '1', '0.00', '6'),
('4-2005', '2026', '1', '0.00', '7'),
('4-2005', '2026', '1', '0.00', '8'),
('4-2005', '2026', '1', '0.00', '9'),
('4-2005', '2026', '1', '0.00', '10'),
('4-2005', '2026', '1', '0.00', '11'),
('4-2005', '2026', '1', '0.00', '12'),
('4-2005', '2026', '1', '0.00', '13'),
('4-2005', '2026', '1', '0.00', '14'),
('4-2005', '2026', '2', '0.00', '1'),
('4-2005', '2026', '2', '0.00', '2'),
('4-2005', '2026', '2', '0.00', '3'),
('4-2005', '2026', '2', '0.00', '4'),
('4-2005', '2026', '2', '0.00', '5'),
('4-2005', '2026', '2', '0.00', '6'),
('4-2005', '2026', '2', '0.00', '7'),
('4-2005', '2026', '2', '0.00', '8'),
('4-2005', '2026', '2', '0.00', '9'),
('4-2005', '2026', '2', '0.00', '10'),
('4-2005', '2026', '2', '0.00', '11'),
('4-2005', '2026', '2', '0.00', '12'),
('4-2005', '2026', '2', '0.00', '13'),
('4-2005', '2026', '2', '0.00', '14'),
('4-2006', '2026', '1', '0.00', '1'),
('4-2006', '2026', '1', '0.00', '2'),
('4-2006', '2026', '1', '0.00', '3'),
('4-2006', '2026', '1', '0.00', '4'),
('4-2006', '2026', '1', '0.00', '5'),
('4-2006', '2026', '1', '0.00', '6'),
('4-2006', '2026', '1', '0.00', '7'),
('4-2006', '2026', '1', '0.00', '8'),
('4-2006', '2026', '1', '0.00', '9'),
('4-2006', '2026', '1', '0.00', '10'),
('4-2006', '2026', '1', '0.00', '11'),
('4-2006', '2026', '1', '0.00', '12'),
('4-2006', '2026', '1', '0.00', '13'),
('4-2006', '2026', '1', '0.00', '14'),
('4-2006', '2026', '2', '0.00', '1'),
('4-2006', '2026', '2', '0.00', '2'),
('4-2006', '2026', '2', '0.00', '3'),
('4-2006', '2026', '2', '0.00', '4'),
('4-2006', '2026', '2', '0.00', '5'),
('4-2006', '2026', '2', '0.00', '6'),
('4-2006', '2026', '2', '0.00', '7'),
('4-2006', '2026', '2', '0.00', '8'),
('4-2006', '2026', '2', '0.00', '9'),
('4-2006', '2026', '2', '0.00', '10'),
('4-2006', '2026', '2', '0.00', '11'),
('4-2006', '2026', '2', '0.00', '12'),
('4-2006', '2026', '2', '0.00', '13'),
('4-2006', '2026', '2', '0.00', '14'),
('5-1001', '2026', '1', '0.00', '1'),
('5-1001', '2026', '1', '0.00', '2'),
('5-1001', '2026', '1', '0.00', '3'),
('5-1001', '2026', '1', '0.00', '4'),
('5-1001', '2026', '1', '0.00', '5'),
('5-1001', '2026', '1', '0.00', '6'),
('5-1001', '2026', '1', '0.00', '7'),
('5-1001', '2026', '1', '0.00', '8'),
('5-1001', '2026', '1', '0.00', '9'),
('5-1001', '2026', '1', '0.00', '10'),
('5-1001', '2026', '1', '0.00', '11'),
('5-1001', '2026', '1', '0.00', '12'),
('5-1001', '2026', '1', '0.00', '13'),
('5-1001', '2026', '1', '0.00', '14'),
('5-1001', '2026', '2', '14460000.00', '1'),
('5-1001', '2026', '2', '14460000.00', '2'),
('5-1001', '2026', '2', '14460000.00', '3'),
('5-1001', '2026', '2', '14460000.00', '4'),
('5-1001', '2026', '2', '14460000.00', '5'),
('5-1001', '2026', '2', '14460000.00', '6'),
('5-1001', '2026', '2', '14460000.00', '7'),
('5-1001', '2026', '2', '14460000.00', '8'),
('5-1001', '2026', '2', '14460000.00', '9'),
('5-1001', '2026', '2', '14460000.00', '10'),
('5-1001', '2026', '2', '14460000.00', '11'),
('5-1001', '2026', '2', '14460000.00', '12'),
('5-1001', '2026', '2', '14460000.00', '13'),
('5-1001', '2026', '2', '14460000.00', '14'),
('5-1002', '2026', '1', '0.00', '1'),
('5-1002', '2026', '1', '0.00', '2'),
('5-1002', '2026', '1', '0.00', '3'),
('5-1002', '2026', '1', '0.00', '4'),
('5-1002', '2026', '1', '0.00', '5'),
('5-1002', '2026', '1', '0.00', '6'),
('5-1002', '2026', '1', '0.00', '7'),
('5-1002', '2026', '1', '0.00', '8'),
('5-1002', '2026', '1', '0.00', '9'),
('5-1002', '2026', '1', '0.00', '10'),
('5-1002', '2026', '1', '0.00', '11'),
('5-1002', '2026', '1', '0.00', '12'),
('5-1002', '2026', '1', '0.00', '13'),
('5-1002', '2026', '1', '0.00', '14'),
('5-1002', '2026', '2', '0.00', '1'),
('5-1002', '2026', '2', '0.00', '2'),
('5-1002', '2026', '2', '0.00', '3'),
('5-1002', '2026', '2', '0.00', '4'),
('5-1002', '2026', '2', '0.00', '5'),
('5-1002', '2026', '2', '0.00', '6'),
('5-1002', '2026', '2', '0.00', '7'),
('5-1002', '2026', '2', '0.00', '8'),
('5-1002', '2026', '2', '0.00', '9'),
('5-1002', '2026', '2', '0.00', '10'),
('5-1002', '2026', '2', '0.00', '11'),
('5-1002', '2026', '2', '0.00', '12'),
('5-1002', '2026', '2', '0.00', '13'),
('5-1002', '2026', '2', '0.00', '14'),
('5-1003', '2026', '1', '0.00', '1'),
('5-1003', '2026', '1', '0.00', '2'),
('5-1003', '2026', '1', '0.00', '3'),
('5-1003', '2026', '1', '0.00', '4'),
('5-1003', '2026', '1', '0.00', '5'),
('5-1003', '2026', '1', '0.00', '6'),
('5-1003', '2026', '1', '0.00', '7'),
('5-1003', '2026', '1', '0.00', '8'),
('5-1003', '2026', '1', '0.00', '9'),
('5-1003', '2026', '1', '0.00', '10'),
('5-1003', '2026', '1', '0.00', '11'),
('5-1003', '2026', '1', '0.00', '12'),
('5-1003', '2026', '1', '0.00', '13'),
('5-1003', '2026', '1', '0.00', '14'),
('5-1003', '2026', '2', '0.00', '1'),
('5-1003', '2026', '2', '0.00', '2'),
('5-1003', '2026', '2', '0.00', '3'),
('5-1003', '2026', '2', '0.00', '4'),
('5-1003', '2026', '2', '0.00', '5'),
('5-1003', '2026', '2', '0.00', '6'),
('5-1003', '2026', '2', '0.00', '7'),
('5-1003', '2026', '2', '0.00', '8'),
('5-1003', '2026', '2', '0.00', '9'),
('5-1003', '2026', '2', '0.00', '10'),
('5-1003', '2026', '2', '0.00', '11'),
('5-1003', '2026', '2', '0.00', '12'),
('5-1003', '2026', '2', '0.00', '13'),
('5-1003', '2026', '2', '0.00', '14'),
('5-2001', '2026', '1', '0.00', '1'),
('5-2001', '2026', '1', '0.00', '2'),
('5-2001', '2026', '1', '0.00', '3'),
('5-2001', '2026', '1', '0.00', '4'),
('5-2001', '2026', '1', '0.00', '5'),
('5-2001', '2026', '1', '0.00', '6'),
('5-2001', '2026', '1', '0.00', '7'),
('5-2001', '2026', '1', '0.00', '8'),
('5-2001', '2026', '1', '0.00', '9'),
('5-2001', '2026', '1', '0.00', '10'),
('5-2001', '2026', '1', '0.00', '11'),
('5-2001', '2026', '1', '0.00', '12'),
('5-2001', '2026', '1', '0.00', '13'),
('5-2001', '2026', '1', '0.00', '14'),
('5-2001', '2026', '2', '0.00', '1'),
('5-2001', '2026', '2', '0.00', '2'),
('5-2001', '2026', '2', '0.00', '3'),
('5-2001', '2026', '2', '0.00', '4'),
('5-2001', '2026', '2', '0.00', '5'),
('5-2001', '2026', '2', '0.00', '6'),
('5-2001', '2026', '2', '0.00', '7'),
('5-2001', '2026', '2', '0.00', '8'),
('5-2001', '2026', '2', '0.00', '9'),
('5-2001', '2026', '2', '0.00', '10'),
('5-2001', '2026', '2', '0.00', '11'),
('5-2001', '2026', '2', '0.00', '12'),
('5-2001', '2026', '2', '0.00', '13'),
('5-2001', '2026', '2', '0.00', '14'),
('5-20012', '2026', '1', '0.00', '1'),
('5-20012', '2026', '1', '0.00', '2'),
('5-20012', '2026', '1', '0.00', '3'),
('5-20012', '2026', '1', '0.00', '4'),
('5-20012', '2026', '1', '0.00', '5'),
('5-20012', '2026', '1', '0.00', '6'),
('5-20012', '2026', '1', '0.00', '7'),
('5-20012', '2026', '1', '0.00', '8'),
('5-20012', '2026', '1', '0.00', '9'),
('5-20012', '2026', '1', '0.00', '10'),
('5-20012', '2026', '1', '0.00', '11'),
('5-20012', '2026', '1', '0.00', '12'),
('5-20012', '2026', '1', '0.00', '13'),
('5-20012', '2026', '1', '0.00', '14'),
('5-20012', '2026', '2', '0.00', '1'),
('5-20012', '2026', '2', '0.00', '2'),
('5-20012', '2026', '2', '0.00', '3'),
('5-20012', '2026', '2', '0.00', '4'),
('5-20012', '2026', '2', '0.00', '5'),
('5-20012', '2026', '2', '0.00', '6'),
('5-20012', '2026', '2', '0.00', '7'),
('5-20012', '2026', '2', '0.00', '8'),
('5-20012', '2026', '2', '0.00', '9'),
('5-20012', '2026', '2', '0.00', '10'),
('5-20012', '2026', '2', '0.00', '11'),
('5-20012', '2026', '2', '0.00', '12'),
('5-20012', '2026', '2', '0.00', '13'),
('5-20012', '2026', '2', '0.00', '14'),
('5-2002', '2026', '1', '0.00', '1'),
('5-2002', '2026', '1', '0.00', '2'),
('5-2002', '2026', '1', '0.00', '3'),
('5-2002', '2026', '1', '0.00', '4'),
('5-2002', '2026', '1', '0.00', '5'),
('5-2002', '2026', '1', '0.00', '6'),
('5-2002', '2026', '1', '0.00', '7'),
('5-2002', '2026', '1', '0.00', '8'),
('5-2002', '2026', '1', '0.00', '9'),
('5-2002', '2026', '1', '0.00', '10'),
('5-2002', '2026', '1', '0.00', '11'),
('5-2002', '2026', '1', '0.00', '12'),
('5-2002', '2026', '1', '0.00', '13'),
('5-2002', '2026', '1', '0.00', '14'),
('5-2002', '2026', '2', '2000000.00', '1'),
('5-2002', '2026', '2', '2000000.00', '2'),
('5-2002', '2026', '2', '2000000.00', '3'),
('5-2002', '2026', '2', '2000000.00', '4'),
('5-2002', '2026', '2', '2000000.00', '5'),
('5-2002', '2026', '2', '2000000.00', '6'),
('5-2002', '2026', '2', '2000000.00', '7'),
('5-2002', '2026', '2', '2000000.00', '8'),
('5-2002', '2026', '2', '2000000.00', '9'),
('5-2002', '2026', '2', '2000000.00', '10'),
('5-2002', '2026', '2', '2000000.00', '11'),
('5-2002', '2026', '2', '2000000.00', '12'),
('5-2002', '2026', '2', '2000000.00', '13'),
('5-2002', '2026', '2', '2000000.00', '14'),
('5-2003', '2026', '1', '0.00', '1'),
('5-2003', '2026', '1', '0.00', '2'),
('5-2003', '2026', '1', '0.00', '3'),
('5-2003', '2026', '1', '0.00', '4'),
('5-2003', '2026', '1', '0.00', '5'),
('5-2003', '2026', '1', '0.00', '6'),
('5-2003', '2026', '1', '0.00', '7'),
('5-2003', '2026', '1', '0.00', '8'),
('5-2003', '2026', '1', '0.00', '9'),
('5-2003', '2026', '1', '0.00', '10'),
('5-2003', '2026', '1', '0.00', '11'),
('5-2003', '2026', '1', '0.00', '12'),
('5-2003', '2026', '1', '0.00', '13'),
('5-2003', '2026', '1', '0.00', '14'),
('5-2003', '2026', '2', '0.00', '1'),
('5-2003', '2026', '2', '0.00', '2'),
('5-2003', '2026', '2', '0.00', '3'),
('5-2003', '2026', '2', '0.00', '4'),
('5-2003', '2026', '2', '0.00', '5'),
('5-2003', '2026', '2', '0.00', '6'),
('5-2003', '2026', '2', '0.00', '7'),
('5-2003', '2026', '2', '0.00', '8'),
('5-2003', '2026', '2', '0.00', '9'),
('5-2003', '2026', '2', '0.00', '10'),
('5-2003', '2026', '2', '0.00', '11'),
('5-2003', '2026', '2', '0.00', '12'),
('5-2003', '2026', '2', '0.00', '13'),
('5-2003', '2026', '2', '0.00', '14'),
('5-2004', '2026', '1', '0.00', '1'),
('5-2004', '2026', '1', '0.00', '2'),
('5-2004', '2026', '1', '0.00', '3'),
('5-2004', '2026', '1', '0.00', '4'),
('5-2004', '2026', '1', '0.00', '5'),
('5-2004', '2026', '1', '0.00', '6'),
('5-2004', '2026', '1', '0.00', '7'),
('5-2004', '2026', '1', '0.00', '8'),
('5-2004', '2026', '1', '0.00', '9'),
('5-2004', '2026', '1', '0.00', '10'),
('5-2004', '2026', '1', '0.00', '11'),
('5-2004', '2026', '1', '0.00', '12'),
('5-2004', '2026', '1', '0.00', '13'),
('5-2004', '2026', '1', '0.00', '14'),
('5-2004', '2026', '2', '0.00', '1'),
('5-2004', '2026', '2', '0.00', '2'),
('5-2004', '2026', '2', '0.00', '3'),
('5-2004', '2026', '2', '0.00', '4'),
('5-2004', '2026', '2', '0.00', '5'),
('5-2004', '2026', '2', '0.00', '6'),
('5-2004', '2026', '2', '0.00', '7'),
('5-2004', '2026', '2', '0.00', '8'),
('5-2004', '2026', '2', '0.00', '9'),
('5-2004', '2026', '2', '0.00', '10'),
('5-2004', '2026', '2', '0.00', '11'),
('5-2004', '2026', '2', '0.00', '12'),
('5-2004', '2026', '2', '0.00', '13'),
('5-2004', '2026', '2', '0.00', '14'),
('5-2005', '2026', '1', '0.00', '1'),
('5-2005', '2026', '1', '0.00', '2'),
('5-2005', '2026', '1', '0.00', '3'),
('5-2005', '2026', '1', '0.00', '4'),
('5-2005', '2026', '1', '0.00', '5'),
('5-2005', '2026', '1', '0.00', '6'),
('5-2005', '2026', '1', '0.00', '7'),
('5-2005', '2026', '1', '0.00', '8'),
('5-2005', '2026', '1', '0.00', '9'),
('5-2005', '2026', '1', '0.00', '10'),
('5-2005', '2026', '1', '0.00', '11'),
('5-2005', '2026', '1', '0.00', '12'),
('5-2005', '2026', '1', '0.00', '13'),
('5-2005', '2026', '1', '0.00', '14'),
('5-2005', '2026', '2', '0.00', '1'),
('5-2005', '2026', '2', '0.00', '2'),
('5-2005', '2026', '2', '0.00', '3'),
('5-2005', '2026', '2', '0.00', '4'),
('5-2005', '2026', '2', '0.00', '5'),
('5-2005', '2026', '2', '0.00', '6'),
('5-2005', '2026', '2', '0.00', '7'),
('5-2005', '2026', '2', '0.00', '8'),
('5-2005', '2026', '2', '0.00', '9'),
('5-2005', '2026', '2', '0.00', '10'),
('5-2005', '2026', '2', '0.00', '11'),
('5-2005', '2026', '2', '0.00', '12'),
('5-2005', '2026', '2', '0.00', '13'),
('5-2005', '2026', '2', '0.00', '14'),
('5-2006', '2026', '1', '0.00', '1'),
('5-2006', '2026', '1', '0.00', '2'),
('5-2006', '2026', '1', '0.00', '3'),
('5-2006', '2026', '1', '0.00', '4'),
('5-2006', '2026', '1', '0.00', '5'),
('5-2006', '2026', '1', '0.00', '6'),
('5-2006', '2026', '1', '0.00', '7'),
('5-2006', '2026', '1', '0.00', '8'),
('5-2006', '2026', '1', '0.00', '9'),
('5-2006', '2026', '1', '0.00', '10'),
('5-2006', '2026', '1', '0.00', '11'),
('5-2006', '2026', '1', '0.00', '12'),
('5-2006', '2026', '1', '0.00', '13'),
('5-2006', '2026', '1', '0.00', '14'),
('5-2006', '2026', '2', '0.00', '1'),
('5-2006', '2026', '2', '0.00', '2'),
('5-2006', '2026', '2', '0.00', '3'),
('5-2006', '2026', '2', '0.00', '4'),
('5-2006', '2026', '2', '0.00', '5'),
('5-2006', '2026', '2', '0.00', '6'),
('5-2006', '2026', '2', '0.00', '7'),
('5-2006', '2026', '2', '0.00', '8'),
('5-2006', '2026', '2', '0.00', '9'),
('5-2006', '2026', '2', '0.00', '10'),
('5-2006', '2026', '2', '0.00', '11'),
('5-2006', '2026', '2', '0.00', '12'),
('5-2006', '2026', '2', '0.00', '13'),
('5-2006', '2026', '2', '0.00', '14'),
('5-2007', '2026', '1', '0.00', '1'),
('5-2007', '2026', '1', '0.00', '2'),
('5-2007', '2026', '1', '0.00', '3'),
('5-2007', '2026', '1', '0.00', '4'),
('5-2007', '2026', '1', '0.00', '5'),
('5-2007', '2026', '1', '0.00', '6'),
('5-2007', '2026', '1', '0.00', '7'),
('5-2007', '2026', '1', '0.00', '8'),
('5-2007', '2026', '1', '0.00', '9'),
('5-2007', '2026', '1', '0.00', '10'),
('5-2007', '2026', '1', '0.00', '11'),
('5-2007', '2026', '1', '0.00', '12'),
('5-2007', '2026', '1', '0.00', '13'),
('5-2007', '2026', '1', '0.00', '14'),
('5-2007', '2026', '2', '0.00', '1'),
('5-2007', '2026', '2', '0.00', '2'),
('5-2007', '2026', '2', '0.00', '3'),
('5-2007', '2026', '2', '0.00', '4'),
('5-2007', '2026', '2', '0.00', '5'),
('5-2007', '2026', '2', '0.00', '6'),
('5-2007', '2026', '2', '0.00', '7'),
('5-2007', '2026', '2', '0.00', '8'),
('5-2007', '2026', '2', '0.00', '9'),
('5-2007', '2026', '2', '0.00', '10'),
('5-2007', '2026', '2', '0.00', '11'),
('5-2007', '2026', '2', '0.00', '12'),
('5-2007', '2026', '2', '0.00', '13'),
('5-2007', '2026', '2', '0.00', '14'),
('5-2008', '2026', '1', '0.00', '1'),
('5-2008', '2026', '1', '0.00', '2'),
('5-2008', '2026', '1', '0.00', '3'),
('5-2008', '2026', '1', '0.00', '4'),
('5-2008', '2026', '1', '0.00', '5'),
('5-2008', '2026', '1', '0.00', '6'),
('5-2008', '2026', '1', '0.00', '7'),
('5-2008', '2026', '1', '0.00', '8'),
('5-2008', '2026', '1', '0.00', '9'),
('5-2008', '2026', '1', '0.00', '10'),
('5-2008', '2026', '1', '0.00', '11'),
('5-2008', '2026', '1', '0.00', '12'),
('5-2008', '2026', '1', '0.00', '13'),
('5-2008', '2026', '1', '0.00', '14'),
('5-2008', '2026', '2', '0.00', '1'),
('5-2008', '2026', '2', '0.00', '2'),
('5-2008', '2026', '2', '0.00', '3'),
('5-2008', '2026', '2', '0.00', '4'),
('5-2008', '2026', '2', '0.00', '5'),
('5-2008', '2026', '2', '0.00', '6'),
('5-2008', '2026', '2', '0.00', '7'),
('5-2008', '2026', '2', '0.00', '8'),
('5-2008', '2026', '2', '0.00', '9'),
('5-2008', '2026', '2', '0.00', '10'),
('5-2008', '2026', '2', '0.00', '11'),
('5-2008', '2026', '2', '0.00', '12'),
('5-2008', '2026', '2', '0.00', '13'),
('5-2008', '2026', '2', '0.00', '14'),
('5-2009', '2026', '1', '0.00', '1'),
('5-2009', '2026', '1', '0.00', '2'),
('5-2009', '2026', '1', '0.00', '3'),
('5-2009', '2026', '1', '0.00', '4'),
('5-2009', '2026', '1', '0.00', '5'),
('5-2009', '2026', '1', '0.00', '6'),
('5-2009', '2026', '1', '0.00', '7'),
('5-2009', '2026', '1', '0.00', '8'),
('5-2009', '2026', '1', '0.00', '9'),
('5-2009', '2026', '1', '0.00', '10'),
('5-2009', '2026', '1', '0.00', '11'),
('5-2009', '2026', '1', '0.00', '12'),
('5-2009', '2026', '1', '0.00', '13'),
('5-2009', '2026', '1', '0.00', '14'),
('5-2009', '2026', '2', '0.00', '1'),
('5-2009', '2026', '2', '0.00', '2'),
('5-2009', '2026', '2', '0.00', '3'),
('5-2009', '2026', '2', '0.00', '4'),
('5-2009', '2026', '2', '0.00', '5'),
('5-2009', '2026', '2', '0.00', '6'),
('5-2009', '2026', '2', '0.00', '7'),
('5-2009', '2026', '2', '0.00', '8'),
('5-2009', '2026', '2', '0.00', '9'),
('5-2009', '2026', '2', '0.00', '10'),
('5-2009', '2026', '2', '0.00', '11'),
('5-2009', '2026', '2', '0.00', '12'),
('5-2009', '2026', '2', '0.00', '13'),
('5-2009', '2026', '2', '0.00', '14'),
('5-2010', '2026', '1', '0.00', '1'),
('5-2010', '2026', '1', '0.00', '2'),
('5-2010', '2026', '1', '0.00', '3'),
('5-2010', '2026', '1', '0.00', '4'),
('5-2010', '2026', '1', '0.00', '5'),
('5-2010', '2026', '1', '0.00', '6'),
('5-2010', '2026', '1', '0.00', '7'),
('5-2010', '2026', '1', '0.00', '8'),
('5-2010', '2026', '1', '0.00', '9'),
('5-2010', '2026', '1', '0.00', '10'),
('5-2010', '2026', '1', '0.00', '11'),
('5-2010', '2026', '1', '0.00', '12'),
('5-2010', '2026', '1', '0.00', '13'),
('5-2010', '2026', '1', '0.00', '14'),
('5-2010', '2026', '2', '0.00', '1'),
('5-2010', '2026', '2', '0.00', '2'),
('5-2010', '2026', '2', '0.00', '3'),
('5-2010', '2026', '2', '0.00', '4'),
('5-2010', '2026', '2', '0.00', '5'),
('5-2010', '2026', '2', '0.00', '6'),
('5-2010', '2026', '2', '0.00', '7'),
('5-2010', '2026', '2', '0.00', '8'),
('5-2010', '2026', '2', '0.00', '9'),
('5-2010', '2026', '2', '0.00', '10'),
('5-2010', '2026', '2', '0.00', '11'),
('5-2010', '2026', '2', '0.00', '12'),
('5-2010', '2026', '2', '0.00', '13'),
('5-2010', '2026', '2', '0.00', '14'),
('5-2011', '2026', '1', '0.00', '1'),
('5-2011', '2026', '1', '0.00', '2'),
('5-2011', '2026', '1', '0.00', '3'),
('5-2011', '2026', '1', '0.00', '4'),
('5-2011', '2026', '1', '0.00', '5'),
('5-2011', '2026', '1', '0.00', '6'),
('5-2011', '2026', '1', '0.00', '7'),
('5-2011', '2026', '1', '0.00', '8'),
('5-2011', '2026', '1', '0.00', '9'),
('5-2011', '2026', '1', '0.00', '10'),
('5-2011', '2026', '1', '0.00', '11'),
('5-2011', '2026', '1', '0.00', '12'),
('5-2011', '2026', '1', '0.00', '13'),
('5-2011', '2026', '1', '0.00', '14'),
('5-2011', '2026', '2', '0.00', '1'),
('5-2011', '2026', '2', '0.00', '2'),
('5-2011', '2026', '2', '0.00', '3'),
('5-2011', '2026', '2', '0.00', '4'),
('5-2011', '2026', '2', '0.00', '5'),
('5-2011', '2026', '2', '0.00', '6'),
('5-2011', '2026', '2', '0.00', '7'),
('5-2011', '2026', '2', '0.00', '8'),
('5-2011', '2026', '2', '0.00', '9'),
('5-2011', '2026', '2', '0.00', '10'),
('5-2011', '2026', '2', '0.00', '11'),
('5-2011', '2026', '2', '0.00', '12'),
('5-2011', '2026', '2', '0.00', '13'),
('5-2011', '2026', '2', '0.00', '14'),
('5-3001', '2026', '1', '0.00', '1'),
('5-3001', '2026', '1', '0.00', '2'),
('5-3001', '2026', '1', '0.00', '3'),
('5-3001', '2026', '1', '0.00', '4'),
('5-3001', '2026', '1', '0.00', '5'),
('5-3001', '2026', '1', '0.00', '6'),
('5-3001', '2026', '1', '0.00', '7'),
('5-3001', '2026', '1', '0.00', '8'),
('5-3001', '2026', '1', '0.00', '9'),
('5-3001', '2026', '1', '0.00', '10'),
('5-3001', '2026', '1', '0.00', '11'),
('5-3001', '2026', '1', '0.00', '12'),
('5-3001', '2026', '1', '0.00', '13'),
('5-3001', '2026', '1', '0.00', '14'),
('5-3001', '2026', '2', '0.00', '1'),
('5-3001', '2026', '2', '0.00', '2'),
('5-3001', '2026', '2', '0.00', '3'),
('5-3001', '2026', '2', '0.00', '4'),
('5-3001', '2026', '2', '0.00', '5'),
('5-3001', '2026', '2', '0.00', '6'),
('5-3001', '2026', '2', '0.00', '7'),
('5-3001', '2026', '2', '0.00', '8'),
('5-3001', '2026', '2', '0.00', '9'),
('5-3001', '2026', '2', '0.00', '10'),
('5-3001', '2026', '2', '0.00', '11'),
('5-3001', '2026', '2', '0.00', '12'),
('5-3001', '2026', '2', '0.00', '13'),
('5-3001', '2026', '2', '0.00', '14'),
('51010', '2026', '1', '0.00', '1'),
('51010', '2026', '1', '0.00', '2'),
('51010', '2026', '1', '0.00', '3'),
('51010', '2026', '1', '0.00', '4'),
('51010', '2026', '1', '0.00', '5'),
('51010', '2026', '1', '0.00', '6'),
('51010', '2026', '1', '0.00', '7'),
('51010', '2026', '1', '0.00', '8'),
('51010', '2026', '1', '0.00', '9'),
('51010', '2026', '1', '0.00', '10'),
('51010', '2026', '1', '0.00', '11'),
('51010', '2026', '1', '0.00', '12'),
('51010', '2026', '1', '0.00', '13'),
('51010', '2026', '1', '0.00', '14'),
('51010', '2026', '2', '0.00', '1'),
('51010', '2026', '2', '0.00', '2'),
('51010', '2026', '2', '0.00', '3'),
('51010', '2026', '2', '0.00', '4'),
('51010', '2026', '2', '0.00', '5'),
('51010', '2026', '2', '0.00', '6'),
('51010', '2026', '2', '0.00', '7'),
('51010', '2026', '2', '0.00', '8'),
('51010', '2026', '2', '0.00', '9'),
('51010', '2026', '2', '0.00', '10'),
('51010', '2026', '2', '0.00', '11'),
('51010', '2026', '2', '0.00', '12'),
('51010', '2026', '2', '0.00', '13'),
('51010', '2026', '2', '0.00', '14'),
('51020', '2026', '1', '0.00', '1'),
('51020', '2026', '1', '0.00', '2'),
('51020', '2026', '1', '0.00', '3'),
('51020', '2026', '1', '0.00', '4'),
('51020', '2026', '1', '0.00', '5'),
('51020', '2026', '1', '0.00', '6'),
('51020', '2026', '1', '0.00', '7'),
('51020', '2026', '1', '0.00', '8'),
('51020', '2026', '1', '0.00', '9'),
('51020', '2026', '1', '0.00', '10'),
('51020', '2026', '1', '0.00', '11'),
('51020', '2026', '1', '0.00', '12'),
('51020', '2026', '1', '0.00', '13'),
('51020', '2026', '1', '0.00', '14'),
('51020', '2026', '2', '0.00', '1'),
('51020', '2026', '2', '0.00', '2'),
('51020', '2026', '2', '0.00', '3'),
('51020', '2026', '2', '0.00', '4'),
('51020', '2026', '2', '0.00', '5'),
('51020', '2026', '2', '0.00', '6'),
('51020', '2026', '2', '0.00', '7'),
('51020', '2026', '2', '0.00', '8'),
('51020', '2026', '2', '0.00', '9'),
('51020', '2026', '2', '0.00', '10'),
('51020', '2026', '2', '0.00', '11'),
('51020', '2026', '2', '0.00', '12'),
('51020', '2026', '2', '0.00', '13'),
('51020', '2026', '2', '0.00', '14'),
('51030', '2026', '1', '0.00', '1'),
('51030', '2026', '1', '0.00', '2'),
('51030', '2026', '1', '0.00', '3'),
('51030', '2026', '1', '0.00', '4'),
('51030', '2026', '1', '0.00', '5'),
('51030', '2026', '1', '0.00', '6'),
('51030', '2026', '1', '0.00', '7'),
('51030', '2026', '1', '0.00', '8'),
('51030', '2026', '1', '0.00', '9'),
('51030', '2026', '1', '0.00', '10'),
('51030', '2026', '1', '0.00', '11'),
('51030', '2026', '1', '0.00', '12'),
('51030', '2026', '1', '0.00', '13'),
('51030', '2026', '1', '0.00', '14'),
('51030', '2026', '2', '0.00', '1'),
('51030', '2026', '2', '0.00', '2'),
('51030', '2026', '2', '0.00', '3'),
('51030', '2026', '2', '0.00', '4'),
('51030', '2026', '2', '0.00', '5'),
('51030', '2026', '2', '0.00', '6'),
('51030', '2026', '2', '0.00', '7'),
('51030', '2026', '2', '0.00', '8'),
('51030', '2026', '2', '0.00', '9'),
('51030', '2026', '2', '0.00', '10'),
('51030', '2026', '2', '0.00', '11'),
('51030', '2026', '2', '0.00', '12'),
('51030', '2026', '2', '0.00', '13'),
('51030', '2026', '2', '0.00', '14'),
('5201', '2026', '1', '0.00', '1'),
('5201', '2026', '1', '0.00', '2'),
('5201', '2026', '1', '0.00', '3'),
('5201', '2026', '1', '0.00', '4'),
('5201', '2026', '1', '0.00', '5'),
('5201', '2026', '1', '0.00', '6'),
('5201', '2026', '1', '0.00', '7'),
('5201', '2026', '1', '0.00', '8'),
('5201', '2026', '1', '0.00', '9'),
('5201', '2026', '1', '0.00', '10'),
('5201', '2026', '1', '0.00', '11'),
('5201', '2026', '1', '0.00', '12'),
('5201', '2026', '1', '0.00', '13'),
('5201', '2026', '1', '0.00', '14'),
('5201', '2026', '2', '0.00', '1'),
('5201', '2026', '2', '0.00', '2'),
('5201', '2026', '2', '0.00', '3'),
('5201', '2026', '2', '0.00', '4'),
('5201', '2026', '2', '0.00', '5'),
('5201', '2026', '2', '0.00', '6'),
('5201', '2026', '2', '0.00', '7'),
('5201', '2026', '2', '0.00', '8'),
('5201', '2026', '2', '0.00', '9'),
('5201', '2026', '2', '0.00', '10'),
('5201', '2026', '2', '0.00', '11'),
('5201', '2026', '2', '0.00', '12'),
('5201', '2026', '2', '0.00', '13'),
('5201', '2026', '2', '0.00', '14'),
('5202', '2026', '1', '0.00', '1'),
('5202', '2026', '1', '0.00', '2'),
('5202', '2026', '1', '0.00', '3'),
('5202', '2026', '1', '0.00', '4'),
('5202', '2026', '1', '0.00', '5'),
('5202', '2026', '1', '0.00', '6'),
('5202', '2026', '1', '0.00', '7'),
('5202', '2026', '1', '0.00', '8'),
('5202', '2026', '1', '0.00', '9'),
('5202', '2026', '1', '0.00', '10'),
('5202', '2026', '1', '0.00', '11'),
('5202', '2026', '1', '0.00', '12'),
('5202', '2026', '1', '0.00', '13'),
('5202', '2026', '1', '0.00', '14'),
('5202', '2026', '2', '0.00', '1'),
('5202', '2026', '2', '0.00', '2'),
('5202', '2026', '2', '0.00', '3'),
('5202', '2026', '2', '0.00', '4'),
('5202', '2026', '2', '0.00', '5'),
('5202', '2026', '2', '0.00', '6'),
('5202', '2026', '2', '0.00', '7'),
('5202', '2026', '2', '0.00', '8'),
('5202', '2026', '2', '0.00', '9'),
('5202', '2026', '2', '0.00', '10'),
('5202', '2026', '2', '0.00', '11'),
('5202', '2026', '2', '0.00', '12'),
('5202', '2026', '2', '0.00', '13'),
('5202', '2026', '2', '0.00', '14'),
('5301', '2026', '1', '0.00', '1'),
('5301', '2026', '1', '0.00', '2'),
('5301', '2026', '1', '0.00', '3'),
('5301', '2026', '1', '0.00', '4'),
('5301', '2026', '1', '0.00', '5'),
('5301', '2026', '1', '0.00', '6'),
('5301', '2026', '1', '0.00', '7'),
('5301', '2026', '1', '0.00', '8'),
('5301', '2026', '1', '0.00', '9'),
('5301', '2026', '1', '0.00', '10'),
('5301', '2026', '1', '0.00', '11'),
('5301', '2026', '1', '0.00', '12'),
('5301', '2026', '1', '0.00', '13'),
('5301', '2026', '1', '0.00', '14'),
('5301', '2026', '2', '0.00', '1'),
('5301', '2026', '2', '0.00', '2'),
('5301', '2026', '2', '0.00', '3'),
('5301', '2026', '2', '0.00', '4'),
('5301', '2026', '2', '0.00', '5'),
('5301', '2026', '2', '0.00', '6'),
('5301', '2026', '2', '0.00', '7'),
('5301', '2026', '2', '0.00', '8'),
('5301', '2026', '2', '0.00', '9'),
('5301', '2026', '2', '0.00', '10'),
('5301', '2026', '2', '0.00', '11'),
('5301', '2026', '2', '0.00', '12'),
('5301', '2026', '2', '0.00', '13'),
('5301', '2026', '2', '0.00', '14'),
('5302', '2026', '1', '0.00', '1'),
('5302', '2026', '1', '0.00', '2'),
('5302', '2026', '1', '0.00', '3'),
('5302', '2026', '1', '0.00', '4'),
('5302', '2026', '1', '0.00', '5'),
('5302', '2026', '1', '0.00', '6'),
('5302', '2026', '1', '0.00', '7'),
('5302', '2026', '1', '0.00', '8'),
('5302', '2026', '1', '0.00', '9'),
('5302', '2026', '1', '0.00', '10'),
('5302', '2026', '1', '0.00', '11'),
('5302', '2026', '1', '0.00', '12'),
('5302', '2026', '1', '0.00', '13'),
('5302', '2026', '1', '0.00', '14'),
('5302', '2026', '2', '0.00', '1'),
('5302', '2026', '2', '0.00', '2'),
('5302', '2026', '2', '0.00', '3'),
('5302', '2026', '2', '0.00', '4'),
('5302', '2026', '2', '0.00', '5'),
('5302', '2026', '2', '0.00', '6'),
('5302', '2026', '2', '0.00', '7'),
('5302', '2026', '2', '0.00', '8'),
('5302', '2026', '2', '0.00', '9'),
('5302', '2026', '2', '0.00', '10'),
('5302', '2026', '2', '0.00', '11'),
('5302', '2026', '2', '0.00', '12'),
('5302', '2026', '2', '0.00', '13'),
('5302', '2026', '2', '0.00', '14'),
('5303', '2026', '1', '0.00', '1'),
('5303', '2026', '1', '0.00', '2'),
('5303', '2026', '1', '0.00', '3'),
('5303', '2026', '1', '0.00', '4'),
('5303', '2026', '1', '0.00', '5'),
('5303', '2026', '1', '0.00', '6'),
('5303', '2026', '1', '0.00', '7'),
('5303', '2026', '1', '0.00', '8'),
('5303', '2026', '1', '0.00', '9'),
('5303', '2026', '1', '0.00', '10'),
('5303', '2026', '1', '0.00', '11'),
('5303', '2026', '1', '0.00', '12'),
('5303', '2026', '1', '0.00', '13'),
('5303', '2026', '1', '0.00', '14'),
('5303', '2026', '2', '0.00', '1'),
('5303', '2026', '2', '0.00', '2'),
('5303', '2026', '2', '0.00', '3'),
('5303', '2026', '2', '0.00', '4'),
('5303', '2026', '2', '0.00', '5'),
('5303', '2026', '2', '0.00', '6'),
('5303', '2026', '2', '0.00', '7'),
('5303', '2026', '2', '0.00', '8'),
('5303', '2026', '2', '0.00', '9'),
('5303', '2026', '2', '0.00', '10'),
('5303', '2026', '2', '0.00', '11'),
('5303', '2026', '2', '0.00', '12'),
('5303', '2026', '2', '0.00', '13'),
('5303', '2026', '2', '0.00', '14'),
('5304', '2026', '1', '0.00', '1'),
('5304', '2026', '1', '0.00', '2'),
('5304', '2026', '1', '0.00', '3'),
('5304', '2026', '1', '0.00', '4'),
('5304', '2026', '1', '0.00', '5'),
('5304', '2026', '1', '0.00', '6'),
('5304', '2026', '1', '0.00', '7'),
('5304', '2026', '1', '0.00', '8'),
('5304', '2026', '1', '0.00', '9'),
('5304', '2026', '1', '0.00', '10'),
('5304', '2026', '1', '0.00', '11'),
('5304', '2026', '1', '0.00', '12'),
('5304', '2026', '1', '0.00', '13'),
('5304', '2026', '1', '0.00', '14'),
('5304', '2026', '2', '0.00', '1'),
('5304', '2026', '2', '0.00', '2'),
('5304', '2026', '2', '0.00', '3'),
('5304', '2026', '2', '0.00', '4'),
('5304', '2026', '2', '0.00', '5'),
('5304', '2026', '2', '0.00', '6'),
('5304', '2026', '2', '0.00', '7'),
('5304', '2026', '2', '0.00', '8'),
('5304', '2026', '2', '0.00', '9'),
('5304', '2026', '2', '0.00', '10'),
('5304', '2026', '2', '0.00', '11'),
('5304', '2026', '2', '0.00', '12'),
('5304', '2026', '2', '0.00', '13'),
('5304', '2026', '2', '0.00', '14'),
('5305', '2026', '1', '0.00', '1'),
('5305', '2026', '1', '0.00', '2'),
('5305', '2026', '1', '0.00', '3'),
('5305', '2026', '1', '0.00', '4'),
('5305', '2026', '1', '0.00', '5'),
('5305', '2026', '1', '0.00', '6'),
('5305', '2026', '1', '0.00', '7'),
('5305', '2026', '1', '0.00', '8'),
('5305', '2026', '1', '0.00', '9'),
('5305', '2026', '1', '0.00', '10'),
('5305', '2026', '1', '0.00', '11'),
('5305', '2026', '1', '0.00', '12'),
('5305', '2026', '1', '0.00', '13'),
('5305', '2026', '1', '0.00', '14'),
('5305', '2026', '2', '0.00', '1'),
('5305', '2026', '2', '0.00', '2'),
('5305', '2026', '2', '0.00', '3'),
('5305', '2026', '2', '0.00', '4'),
('5305', '2026', '2', '0.00', '5'),
('5305', '2026', '2', '0.00', '6'),
('5305', '2026', '2', '0.00', '7'),
('5305', '2026', '2', '0.00', '8'),
('5305', '2026', '2', '0.00', '9'),
('5305', '2026', '2', '0.00', '10'),
('5305', '2026', '2', '0.00', '11'),
('5305', '2026', '2', '0.00', '12'),
('5305', '2026', '2', '0.00', '13'),
('5305', '2026', '2', '0.00', '14'),
('5306', '2026', '1', '0.00', '1'),
('5306', '2026', '1', '0.00', '2'),
('5306', '2026', '1', '0.00', '3'),
('5306', '2026', '1', '0.00', '4'),
('5306', '2026', '1', '0.00', '5'),
('5306', '2026', '1', '0.00', '6'),
('5306', '2026', '1', '0.00', '7'),
('5306', '2026', '1', '0.00', '8'),
('5306', '2026', '1', '0.00', '9'),
('5306', '2026', '1', '0.00', '10'),
('5306', '2026', '1', '0.00', '11'),
('5306', '2026', '1', '0.00', '12'),
('5306', '2026', '1', '0.00', '13'),
('5306', '2026', '1', '0.00', '14'),
('5306', '2026', '2', '0.00', '1'),
('5306', '2026', '2', '0.00', '2'),
('5306', '2026', '2', '0.00', '3'),
('5306', '2026', '2', '0.00', '4'),
('5306', '2026', '2', '0.00', '5'),
('5306', '2026', '2', '0.00', '6'),
('5306', '2026', '2', '0.00', '7'),
('5306', '2026', '2', '0.00', '8'),
('5306', '2026', '2', '0.00', '9'),
('5306', '2026', '2', '0.00', '10'),
('5306', '2026', '2', '0.00', '11'),
('5306', '2026', '2', '0.00', '12'),
('5306', '2026', '2', '0.00', '13'),
('5306', '2026', '2', '0.00', '14'),
('5307', '2026', '1', '0.00', '1'),
('5307', '2026', '1', '0.00', '2'),
('5307', '2026', '1', '0.00', '3'),
('5307', '2026', '1', '0.00', '4'),
('5307', '2026', '1', '0.00', '5'),
('5307', '2026', '1', '0.00', '6'),
('5307', '2026', '1', '0.00', '7'),
('5307', '2026', '1', '0.00', '8'),
('5307', '2026', '1', '0.00', '9'),
('5307', '2026', '1', '0.00', '10'),
('5307', '2026', '1', '0.00', '11'),
('5307', '2026', '1', '0.00', '12'),
('5307', '2026', '1', '0.00', '13'),
('5307', '2026', '1', '0.00', '14'),
('5307', '2026', '2', '0.00', '1'),
('5307', '2026', '2', '0.00', '2'),
('5307', '2026', '2', '0.00', '3'),
('5307', '2026', '2', '0.00', '4'),
('5307', '2026', '2', '0.00', '5'),
('5307', '2026', '2', '0.00', '6'),
('5307', '2026', '2', '0.00', '7'),
('5307', '2026', '2', '0.00', '8'),
('5307', '2026', '2', '0.00', '9'),
('5307', '2026', '2', '0.00', '10'),
('5307', '2026', '2', '0.00', '11'),
('5307', '2026', '2', '0.00', '12'),
('5307', '2026', '2', '0.00', '13'),
('5307', '2026', '2', '0.00', '14'),
('54010', '2026', '1', '0.00', '1'),
('54010', '2026', '1', '0.00', '2'),
('54010', '2026', '1', '0.00', '3'),
('54010', '2026', '1', '0.00', '4'),
('54010', '2026', '1', '0.00', '5'),
('54010', '2026', '1', '0.00', '6'),
('54010', '2026', '1', '0.00', '7'),
('54010', '2026', '1', '0.00', '8'),
('54010', '2026', '1', '0.00', '9'),
('54010', '2026', '1', '0.00', '10'),
('54010', '2026', '1', '0.00', '11'),
('54010', '2026', '1', '0.00', '12'),
('54010', '2026', '1', '0.00', '13'),
('54010', '2026', '1', '0.00', '14'),
('54010', '2026', '2', '0.00', '1'),
('54010', '2026', '2', '0.00', '2'),
('54010', '2026', '2', '0.00', '3'),
('54010', '2026', '2', '0.00', '4'),
('54010', '2026', '2', '0.00', '5'),
('54010', '2026', '2', '0.00', '6'),
('54010', '2026', '2', '0.00', '7'),
('54010', '2026', '2', '0.00', '8'),
('54010', '2026', '2', '0.00', '9'),
('54010', '2026', '2', '0.00', '10'),
('54010', '2026', '2', '0.00', '11'),
('54010', '2026', '2', '0.00', '12'),
('54010', '2026', '2', '0.00', '13'),
('54010', '2026', '2', '0.00', '14'),
('54020', '2026', '1', '0.00', '1'),
('54020', '2026', '1', '0.00', '2'),
('54020', '2026', '1', '0.00', '3'),
('54020', '2026', '1', '0.00', '4'),
('54020', '2026', '1', '0.00', '5'),
('54020', '2026', '1', '0.00', '6'),
('54020', '2026', '1', '0.00', '7'),
('54020', '2026', '1', '0.00', '8'),
('54020', '2026', '1', '0.00', '9'),
('54020', '2026', '1', '0.00', '10'),
('54020', '2026', '1', '0.00', '11'),
('54020', '2026', '1', '0.00', '12'),
('54020', '2026', '1', '0.00', '13'),
('54020', '2026', '1', '0.00', '14'),
('54020', '2026', '2', '0.00', '1'),
('54020', '2026', '2', '0.00', '2'),
('54020', '2026', '2', '0.00', '3'),
('54020', '2026', '2', '0.00', '4'),
('54020', '2026', '2', '0.00', '5'),
('54020', '2026', '2', '0.00', '6'),
('54020', '2026', '2', '0.00', '7'),
('54020', '2026', '2', '0.00', '8'),
('54020', '2026', '2', '0.00', '9'),
('54020', '2026', '2', '0.00', '10'),
('54020', '2026', '2', '0.00', '11'),
('54020', '2026', '2', '0.00', '12'),
('54020', '2026', '2', '0.00', '13'),
('54020', '2026', '2', '0.00', '14'),
('54030', '2026', '1', '0.00', '1'),
('54030', '2026', '1', '0.00', '2'),
('54030', '2026', '1', '0.00', '3'),
('54030', '2026', '1', '0.00', '4'),
('54030', '2026', '1', '0.00', '5'),
('54030', '2026', '1', '0.00', '6'),
('54030', '2026', '1', '0.00', '7'),
('54030', '2026', '1', '0.00', '8'),
('54030', '2026', '1', '0.00', '9'),
('54030', '2026', '1', '0.00', '10'),
('54030', '2026', '1', '0.00', '11'),
('54030', '2026', '1', '0.00', '12'),
('54030', '2026', '1', '0.00', '13'),
('54030', '2026', '1', '0.00', '14'),
('54030', '2026', '2', '0.00', '1'),
('54030', '2026', '2', '0.00', '2'),
('54030', '2026', '2', '0.00', '3'),
('54030', '2026', '2', '0.00', '4'),
('54030', '2026', '2', '0.00', '5'),
('54030', '2026', '2', '0.00', '6'),
('54030', '2026', '2', '0.00', '7'),
('54030', '2026', '2', '0.00', '8'),
('54030', '2026', '2', '0.00', '9'),
('54030', '2026', '2', '0.00', '10'),
('54030', '2026', '2', '0.00', '11'),
('54030', '2026', '2', '0.00', '12'),
('54030', '2026', '2', '0.00', '13'),
('54030', '2026', '2', '0.00', '14'),
('55010', '2026', '1', '0.00', '1'),
('55010', '2026', '1', '0.00', '2'),
('55010', '2026', '1', '0.00', '3'),
('55010', '2026', '1', '0.00', '4'),
('55010', '2026', '1', '0.00', '5'),
('55010', '2026', '1', '0.00', '6'),
('55010', '2026', '1', '0.00', '7'),
('55010', '2026', '1', '0.00', '8'),
('55010', '2026', '1', '0.00', '9'),
('55010', '2026', '1', '0.00', '10'),
('55010', '2026', '1', '0.00', '11'),
('55010', '2026', '1', '0.00', '12'),
('55010', '2026', '1', '0.00', '13'),
('55010', '2026', '1', '0.00', '14'),
('55010', '2026', '2', '0.00', '1'),
('55010', '2026', '2', '0.00', '2'),
('55010', '2026', '2', '0.00', '3'),
('55010', '2026', '2', '0.00', '4'),
('55010', '2026', '2', '0.00', '5'),
('55010', '2026', '2', '0.00', '6'),
('55010', '2026', '2', '0.00', '7'),
('55010', '2026', '2', '0.00', '8'),
('55010', '2026', '2', '0.00', '9'),
('55010', '2026', '2', '0.00', '10'),
('55010', '2026', '2', '0.00', '11'),
('55010', '2026', '2', '0.00', '12'),
('55010', '2026', '2', '0.00', '13'),
('55010', '2026', '2', '0.00', '14'),
('55020', '2026', '1', '0.00', '1'),
('55020', '2026', '1', '0.00', '2'),
('55020', '2026', '1', '0.00', '3'),
('55020', '2026', '1', '0.00', '4'),
('55020', '2026', '1', '0.00', '5'),
('55020', '2026', '1', '0.00', '6'),
('55020', '2026', '1', '0.00', '7'),
('55020', '2026', '1', '0.00', '8'),
('55020', '2026', '1', '0.00', '9'),
('55020', '2026', '1', '0.00', '10'),
('55020', '2026', '1', '0.00', '11'),
('55020', '2026', '1', '0.00', '12'),
('55020', '2026', '1', '0.00', '13'),
('55020', '2026', '1', '0.00', '14'),
('55020', '2026', '2', '0.00', '1'),
('55020', '2026', '2', '0.00', '2'),
('55020', '2026', '2', '0.00', '3'),
('55020', '2026', '2', '0.00', '4'),
('55020', '2026', '2', '0.00', '5'),
('55020', '2026', '2', '0.00', '6'),
('55020', '2026', '2', '0.00', '7'),
('55020', '2026', '2', '0.00', '8'),
('55020', '2026', '2', '0.00', '9'),
('55020', '2026', '2', '0.00', '10'),
('55020', '2026', '2', '0.00', '11'),
('55020', '2026', '2', '0.00', '12'),
('55020', '2026', '2', '0.00', '13'),
('55020', '2026', '2', '0.00', '14'),
('56010', '2026', '1', '0.00', '1'),
('56010', '2026', '1', '0.00', '2'),
('56010', '2026', '1', '0.00', '3'),
('56010', '2026', '1', '0.00', '4'),
('56010', '2026', '1', '0.00', '5'),
('56010', '2026', '1', '0.00', '6'),
('56010', '2026', '1', '0.00', '7'),
('56010', '2026', '1', '0.00', '8'),
('56010', '2026', '1', '0.00', '9'),
('56010', '2026', '1', '0.00', '10'),
('56010', '2026', '1', '0.00', '11'),
('56010', '2026', '1', '0.00', '12'),
('56010', '2026', '1', '0.00', '13'),
('56010', '2026', '1', '0.00', '14'),
('56010', '2026', '2', '0.00', '1'),
('56010', '2026', '2', '0.00', '2'),
('56010', '2026', '2', '0.00', '3'),
('56010', '2026', '2', '0.00', '4'),
('56010', '2026', '2', '0.00', '5'),
('56010', '2026', '2', '0.00', '6'),
('56010', '2026', '2', '0.00', '7'),
('56010', '2026', '2', '0.00', '8'),
('56010', '2026', '2', '0.00', '9'),
('56010', '2026', '2', '0.00', '10'),
('56010', '2026', '2', '0.00', '11'),
('56010', '2026', '2', '0.00', '12'),
('56010', '2026', '2', '0.00', '13'),
('56010', '2026', '2', '0.00', '14'),
('56020', '2026', '1', '0.00', '1'),
('56020', '2026', '1', '0.00', '2'),
('56020', '2026', '1', '0.00', '3'),
('56020', '2026', '1', '0.00', '4'),
('56020', '2026', '1', '0.00', '5'),
('56020', '2026', '1', '0.00', '6'),
('56020', '2026', '1', '0.00', '7'),
('56020', '2026', '1', '0.00', '8'),
('56020', '2026', '1', '0.00', '9'),
('56020', '2026', '1', '0.00', '10'),
('56020', '2026', '1', '0.00', '11'),
('56020', '2026', '1', '0.00', '12'),
('56020', '2026', '1', '0.00', '13'),
('56020', '2026', '1', '0.00', '14'),
('56020', '2026', '2', '0.00', '1'),
('56020', '2026', '2', '0.00', '2'),
('56020', '2026', '2', '0.00', '3'),
('56020', '2026', '2', '0.00', '4'),
('56020', '2026', '2', '0.00', '5'),
('56020', '2026', '2', '0.00', '6'),
('56020', '2026', '2', '0.00', '7'),
('56020', '2026', '2', '0.00', '8'),
('56020', '2026', '2', '0.00', '9'),
('56020', '2026', '2', '0.00', '10'),
('56020', '2026', '2', '0.00', '11'),
('56020', '2026', '2', '0.00', '12'),
('56020', '2026', '2', '0.00', '13'),
('56020', '2026', '2', '0.00', '14'),
('56030', '2026', '1', '0.00', '1'),
('56030', '2026', '1', '0.00', '2'),
('56030', '2026', '1', '0.00', '3'),
('56030', '2026', '1', '0.00', '4'),
('56030', '2026', '1', '0.00', '5'),
('56030', '2026', '1', '0.00', '6'),
('56030', '2026', '1', '0.00', '7'),
('56030', '2026', '1', '0.00', '8'),
('56030', '2026', '1', '0.00', '9'),
('56030', '2026', '1', '0.00', '10'),
('56030', '2026', '1', '0.00', '11'),
('56030', '2026', '1', '0.00', '12'),
('56030', '2026', '1', '0.00', '13'),
('56030', '2026', '1', '0.00', '14'),
('56030', '2026', '2', '0.00', '1'),
('56030', '2026', '2', '0.00', '2'),
('56030', '2026', '2', '0.00', '3'),
('56030', '2026', '2', '0.00', '4'),
('56030', '2026', '2', '0.00', '5'),
('56030', '2026', '2', '0.00', '6'),
('56030', '2026', '2', '0.00', '7'),
('56030', '2026', '2', '0.00', '8'),
('56030', '2026', '2', '0.00', '9'),
('56030', '2026', '2', '0.00', '10'),
('56030', '2026', '2', '0.00', '11'),
('56030', '2026', '2', '0.00', '12'),
('56030', '2026', '2', '0.00', '13'),
('56030', '2026', '2', '0.00', '14'),
('6-1002', '2026', '1', '10941666.67', '1'),
('6-1002', '2026', '1', '10941666.67', '2'),
('6-1002', '2026', '1', '10941666.67', '3'),
('6-1002', '2026', '1', '10941666.67', '4'),
('6-1002', '2026', '1', '10941666.67', '5'),
('6-1002', '2026', '1', '10941666.67', '6'),
('6-1002', '2026', '1', '10941666.67', '7'),
('6-1002', '2026', '1', '10941666.67', '8'),
('6-1002', '2026', '1', '10941666.67', '9'),
('6-1002', '2026', '1', '10941666.67', '10'),
('6-1002', '2026', '1', '10941666.67', '11'),
('6-1002', '2026', '1', '10941666.67', '12'),
('6-1002', '2026', '1', '10941666.67', '13'),
('6-1002', '2026', '1', '10941666.67', '14'),
('6-1002', '2026', '2', '21883333.33', '1'),
('6-1002', '2026', '2', '21883333.33', '2'),
('6-1002', '2026', '2', '21883333.33', '3'),
('6-1002', '2026', '2', '21883333.33', '4'),
('6-1002', '2026', '2', '21883333.33', '5'),
('6-1002', '2026', '2', '21883333.33', '6'),
('6-1002', '2026', '2', '21883333.33', '7'),
('6-1002', '2026', '2', '21883333.33', '8'),
('6-1002', '2026', '2', '21883333.33', '9'),
('6-1002', '2026', '2', '21883333.33', '10'),
('6-1002', '2026', '2', '21883333.33', '11'),
('6-1002', '2026', '2', '21883333.33', '12'),
('6-1002', '2026', '2', '21883333.33', '13'),
('6-1002', '2026', '2', '21883333.33', '14'),
('6-1003', '2026', '1', '833333.33', '1'),
('6-1003', '2026', '1', '833333.33', '2'),
('6-1003', '2026', '1', '833333.33', '3'),
('6-1003', '2026', '1', '833333.33', '4'),
('6-1003', '2026', '1', '833333.33', '5'),
('6-1003', '2026', '1', '833333.33', '6'),
('6-1003', '2026', '1', '833333.33', '7'),
('6-1003', '2026', '1', '833333.33', '8'),
('6-1003', '2026', '1', '833333.33', '9'),
('6-1003', '2026', '1', '833333.33', '10'),
('6-1003', '2026', '1', '833333.33', '11'),
('6-1003', '2026', '1', '833333.33', '12'),
('6-1003', '2026', '1', '833333.33', '13'),
('6-1003', '2026', '1', '833333.33', '14'),
('6-1003', '2026', '2', '1666666.67', '1'),
('6-1003', '2026', '2', '1666666.67', '2'),
('6-1003', '2026', '2', '1666666.67', '3'),
('6-1003', '2026', '2', '1666666.67', '4'),
('6-1003', '2026', '2', '1666666.67', '5'),
('6-1003', '2026', '2', '1666666.67', '6'),
('6-1003', '2026', '2', '1666666.67', '7'),
('6-1003', '2026', '2', '1666666.67', '8'),
('6-1003', '2026', '2', '1666666.67', '9'),
('6-1003', '2026', '2', '1666666.67', '10'),
('6-1003', '2026', '2', '1666666.67', '11'),
('6-1003', '2026', '2', '1666666.67', '12'),
('6-1003', '2026', '2', '1666666.67', '13'),
('6-1003', '2026', '2', '1666666.67', '14');

DROP TABLE IF EXISTS `sys_activity_log`;
CREATE TABLE `sys_activity_log` (
  `id` int(11) NOT NULL AUTO_INCREMENT,
  `user_id` int(11) NOT NULL,
  `action_type` varchar(20) NOT NULL,
  `module` varchar(100) NOT NULL,
  `target_table` varchar(100) NOT NULL,
  `record_id` int(11) NOT NULL,
  `description` text DEFAULT NULL,
  `old_data` longtext DEFAULT NULL,
  `new_data` longtext DEFAULT NULL,
  `is_reverted` tinyint(1) DEFAULT 0,
  `created_at` datetime DEFAULT current_timestamp(),
  PRIMARY KEY (`id`)
) ENGINE=MyISAM AUTO_INCREMENT=9 DEFAULT CHARSET=latin1 COLLATE=latin1_swedish_ci;

INSERT INTO `sys_activity_log` VALUES 
('1', '2', 'Buat', 'Kas & Bank', 'syifa_jurnal', '421', 'Penerimaan - ', NULL, '{\"header\":{\"id\":\"421\",\"no_jurnal\":\"BKM\\/2026\\/05\\/0045\",\"tgl_jurnal\":\"2026-05-09\",\"keterangan\":\"\",\"diterima_dari\":null,\"total_debet\":\"300000\",\"total_kredit\":\"300000\",\"jenis_jurnal\":\"umum\",\"created_by\":\"2\",\"is_deleted\":\"0\",\"jenis_transaksi\":\"kas_masuk\",\"created_at\":\"2026-05-09 11:41:07\",\"dibayar_oleh_tipe\":\"umum\",\"dibayar_oleh_id\":null,\"dibayar_oleh_nama\":null,\"pihak_tipe\":\"umum\",\"pihak_id\":null,\"pihak_nama\":\"\",\"akun_utama_kode\":\"1-1101\",\"akun_tujuan_kode\":null,\"source\":\"MANUAL\",\"source_ref\":null,\"source_module\":null,\"trx_fingerprint\":null,\"trx_source_hash\":null,\"is_locked\":\"0\",\"posted_at\":null,\"module_source\":null,\"source_id\":null,\"is_migration\":\"0\"},\"details\":[{\"id\":\"1281\",\"jurnal_id\":\"421\",\"kode_akun\":\"1-1101\",\"debit\":\"300000\",\"kredit\":\"0\",\"mahasiswa_id\":null,\"pegawai_id\":null,\"aset_id\":null,\"tagihan_id_ref\":null,\"keterangan\":\"\"},{\"id\":\"1282\",\"jurnal_id\":\"421\",\"kode_akun\":\"4-1008\",\"debit\":\"0\",\"kredit\":\"300000\",\"mahasiswa_id\":null,\"pegawai_id\":null,\"aset_id\":null,\"tagihan_id_ref\":null,\"keterangan\":\"formulir\"}]}', '1', '2026-05-09 11:41:07'),
('2', '2', 'Perbarui', 'Kas & Bank', 'syifa_jurnal', '421', 'Pembaruan Jurnal: BKM/2026/05/0045 - Formulir', '{\"header\":{\"id\":\"421\",\"no_jurnal\":\"BKM\\/2026\\/05\\/0045\",\"tgl_jurnal\":\"2026-05-09\",\"keterangan\":\"\",\"diterima_dari\":null,\"total_debet\":\"300000\",\"total_kredit\":\"300000\",\"jenis_jurnal\":\"umum\",\"created_by\":\"2\",\"is_deleted\":\"0\",\"jenis_transaksi\":\"kas_masuk\",\"created_at\":\"2026-05-09 11:41:07\",\"dibayar_oleh_tipe\":\"umum\",\"dibayar_oleh_id\":null,\"dibayar_oleh_nama\":null,\"pihak_tipe\":\"umum\",\"pihak_id\":null,\"pihak_nama\":\"\",\"akun_utama_kode\":\"1-1101\",\"akun_tujuan_kode\":null,\"source\":\"MANUAL\",\"source_ref\":null,\"source_module\":null,\"trx_fingerprint\":null,\"trx_source_hash\":null,\"is_locked\":\"0\",\"posted_at\":null,\"module_source\":null,\"source_id\":null,\"is_migration\":\"0\"},\"details\":[{\"id\":\"1281\",\"jurnal_id\":\"421\",\"kode_akun\":\"1-1101\",\"debit\":\"300000\",\"kredit\":\"0\",\"mahasiswa_id\":null,\"pegawai_id\":null,\"aset_id\":null,\"tagihan_id_ref\":null,\"keterangan\":\"\"},{\"id\":\"1282\",\"jurnal_id\":\"421\",\"kode_akun\":\"4-1008\",\"debit\":\"0\",\"kredit\":\"300000\",\"mahasiswa_id\":null,\"pegawai_id\":null,\"aset_id\":null,\"tagihan_id_ref\":null,\"keterangan\":\"formulir\"}]}', '{\"header\":{\"id\":\"421\",\"no_jurnal\":\"BKM\\/2026\\/05\\/0045\",\"tgl_jurnal\":\"2026-05-09\",\"keterangan\":\"Formulir\",\"diterima_dari\":null,\"total_debet\":\"300000\",\"total_kredit\":\"300000\",\"jenis_jurnal\":\"umum\",\"created_by\":\"2\",\"is_deleted\":\"0\",\"jenis_transaksi\":\"kas_masuk\",\"created_at\":\"2026-05-09 11:41:07\",\"dibayar_oleh_tipe\":\"umum\",\"dibayar_oleh_id\":null,\"dibayar_oleh_nama\":null,\"pihak_tipe\":\"umum\",\"pihak_id\":null,\"pihak_nama\":\"\",\"akun_utama_kode\":\"1-1101\",\"akun_tujuan_kode\":null,\"source\":\"MANUAL\",\"source_ref\":null,\"source_module\":null,\"trx_fingerprint\":null,\"trx_source_hash\":null,\"is_locked\":\"0\",\"posted_at\":null,\"module_source\":null,\"source_id\":null,\"is_migration\":\"0\"},\"details\":[{\"id\":\"1283\",\"jurnal_id\":\"421\",\"kode_akun\":\"1-1101\",\"debit\":\"300000\",\"kredit\":\"0\",\"mahasiswa_id\":null,\"pegawai_id\":null,\"aset_id\":null,\"tagihan_id_ref\":null,\"keterangan\":\"Formulir\"},{\"id\":\"1284\",\"jurnal_id\":\"421\",\"kode_akun\":\"4-1008\",\"debit\":\"0\",\"kredit\":\"300000\",\"mahasiswa_id\":null,\"pegawai_id\":null,\"aset_id\":null,\"tagihan_id_ref\":null,\"keterangan\":\"formulir\"}]}', '1', '2026-05-09 20:41:38'),
('3', '2', 'Hapus', 'Kas & Bank', 'syifa_jurnal', '421', 'Hapus Jurnal: BKM/2026/05/0045 - Formulir', '{\"header\":{\"id\":\"421\",\"no_jurnal\":\"BKM\\/2026\\/05\\/0045\",\"tgl_jurnal\":\"2026-05-09\",\"keterangan\":\"Formulir\",\"diterima_dari\":null,\"total_debet\":\"300000\",\"total_kredit\":\"300000\",\"jenis_jurnal\":\"umum\",\"created_by\":\"2\",\"is_deleted\":\"0\",\"jenis_transaksi\":\"kas_masuk\",\"created_at\":\"2026-05-09 11:41:07\",\"dibayar_oleh_tipe\":\"umum\",\"dibayar_oleh_id\":null,\"dibayar_oleh_nama\":null,\"pihak_tipe\":\"umum\",\"pihak_id\":null,\"pihak_nama\":\"\",\"akun_utama_kode\":\"1-1101\",\"akun_tujuan_kode\":null,\"source\":\"MANUAL\",\"source_ref\":null,\"source_module\":null,\"trx_fingerprint\":null,\"trx_source_hash\":null,\"is_locked\":\"0\",\"posted_at\":null,\"module_source\":null,\"source_id\":null,\"is_migration\":\"0\"},\"details\":[{\"id\":\"1283\",\"jurnal_id\":\"421\",\"kode_akun\":\"1-1101\",\"debit\":\"300000\",\"kredit\":\"0\",\"mahasiswa_id\":null,\"pegawai_id\":null,\"aset_id\":null,\"tagihan_id_ref\":null,\"keterangan\":\"Formulir\"},{\"id\":\"1284\",\"jurnal_id\":\"421\",\"kode_akun\":\"4-1008\",\"debit\":\"0\",\"kredit\":\"300000\",\"mahasiswa_id\":null,\"pegawai_id\":null,\"aset_id\":null,\"tagihan_id_ref\":null,\"keterangan\":\"formulir\"}]}', NULL, '1', '2026-05-09 20:41:56'),
('4', '2', 'Dibatalkan', 'Kas & Bank', 'syifa_jurnal', '421', 'Membatalkan tindakan: Pembaruan Jurnal: BKM/2026/05/0045 - Formulir', '{\"header\":{\"id\":\"421\",\"no_jurnal\":\"BKM\\/2026\\/05\\/0045\",\"tgl_jurnal\":\"2026-05-09\",\"keterangan\":\"Formulir\",\"diterima_dari\":null,\"total_debet\":\"300000\",\"total_kredit\":\"300000\",\"jenis_jurnal\":\"umum\",\"created_by\":\"2\",\"is_deleted\":\"0\",\"jenis_transaksi\":\"kas_masuk\",\"created_at\":\"2026-05-09 11:41:07\",\"dibayar_oleh_tipe\":\"umum\",\"dibayar_oleh_id\":null,\"dibayar_oleh_nama\":null,\"pihak_tipe\":\"umum\",\"pihak_id\":null,\"pihak_nama\":\"\",\"akun_utama_kode\":\"1-1101\",\"akun_tujuan_kode\":null,\"source\":\"MANUAL\",\"source_ref\":null,\"source_module\":null,\"trx_fingerprint\":null,\"trx_source_hash\":null,\"is_locked\":\"0\",\"posted_at\":null,\"module_source\":null,\"source_id\":null,\"is_migration\":\"0\"},\"details\":[{\"id\":\"1283\",\"jurnal_id\":\"421\",\"kode_akun\":\"1-1101\",\"debit\":\"300000\",\"kredit\":\"0\",\"mahasiswa_id\":null,\"pegawai_id\":null,\"aset_id\":null,\"tagihan_id_ref\":null,\"keterangan\":\"Formulir\"},{\"id\":\"1284\",\"jurnal_id\":\"421\",\"kode_akun\":\"4-1008\",\"debit\":\"0\",\"kredit\":\"300000\",\"mahasiswa_id\":null,\"pegawai_id\":null,\"aset_id\":null,\"tagihan_id_ref\":null,\"keterangan\":\"formulir\"}]}', '{\"header\":{\"id\":\"421\",\"no_jurnal\":\"BKM\\/2026\\/05\\/0045\",\"tgl_jurnal\":\"2026-05-09\",\"keterangan\":\"Formulir\",\"diterima_dari\":null,\"total_debet\":\"300000\",\"total_kredit\":\"300000\",\"jenis_jurnal\":\"umum\",\"created_by\":\"2\",\"is_deleted\":\"0\",\"jenis_transaksi\":\"kas_masuk\",\"created_at\":\"2026-05-09 11:41:07\",\"dibayar_oleh_tipe\":\"umum\",\"dibayar_oleh_id\":null,\"dibayar_oleh_nama\":null,\"pihak_tipe\":\"umum\",\"pihak_id\":null,\"pihak_nama\":\"\",\"akun_utama_kode\":\"1-1101\",\"akun_tujuan_kode\":null,\"source\":\"MANUAL\",\"source_ref\":null,\"source_module\":null,\"trx_fingerprint\":null,\"trx_source_hash\":null,\"is_locked\":\"0\",\"posted_at\":null,\"module_source\":null,\"source_id\":null,\"is_migration\":\"0\"},\"details\":[{\"id\":\"1283\",\"jurnal_id\":\"421\",\"kode_akun\":\"1-1101\",\"debit\":\"300000\",\"kredit\":\"0\",\"mahasiswa_id\":null,\"pegawai_id\":null,\"aset_id\":null,\"tagihan_id_ref\":null,\"keterangan\":\"Formulir\"},{\"id\":\"1284\",\"jurnal_id\":\"421\",\"kode_akun\":\"4-1008\",\"debit\":\"0\",\"kredit\":\"300000\",\"mahasiswa_id\":null,\"pegawai_id\":null,\"aset_id\":null,\"tagihan_id_ref\":null,\"keterangan\":\"formulir\"}]}', '1', '2026-05-09 21:25:21'),
('5', '2', 'Perbarui', 'Kas & Bank', 'syifa_jurnal', '421', 'Pembaruan Jurnal: BKM/2026/05/0045 - ', '{\"header\":{\"id\":\"421\",\"no_jurnal\":\"BKM\\/2026\\/05\\/0045\",\"tgl_jurnal\":\"2026-05-09\",\"keterangan\":\"\",\"diterima_dari\":null,\"total_debet\":\"300000\",\"total_kredit\":\"300000\",\"jenis_jurnal\":\"umum\",\"created_by\":\"2\",\"is_deleted\":\"0\",\"jenis_transaksi\":\"kas_masuk\",\"created_at\":\"2026-05-09 21:25:21\",\"dibayar_oleh_tipe\":\"umum\",\"dibayar_oleh_id\":null,\"dibayar_oleh_nama\":null,\"pihak_tipe\":\"umum\",\"pihak_id\":null,\"pihak_nama\":\"\",\"akun_utama_kode\":\"1-1101\",\"akun_tujuan_kode\":null,\"source\":\"MANUAL\",\"source_ref\":null,\"source_module\":null,\"trx_fingerprint\":null,\"trx_source_hash\":null,\"is_locked\":\"0\",\"posted_at\":null,\"module_source\":null,\"source_id\":null,\"is_migration\":\"0\"},\"details\":[{\"id\":\"1281\",\"jurnal_id\":\"421\",\"kode_akun\":\"1-1101\",\"debit\":\"300000\",\"kredit\":\"0\",\"mahasiswa_id\":null,\"pegawai_id\":null,\"aset_id\":null,\"tagihan_id_ref\":null,\"keterangan\":\"\"},{\"id\":\"1282\",\"jurnal_id\":\"421\",\"kode_akun\":\"4-1008\",\"debit\":\"0\",\"kredit\":\"300000\",\"mahasiswa_id\":null,\"pegawai_id\":null,\"aset_id\":null,\"tagihan_id_ref\":null,\"keterangan\":\"formulir\"}]}', '{\"header\":{\"id\":\"421\",\"no_jurnal\":\"BKM\\/2026\\/05\\/0045\",\"tgl_jurnal\":\"2026-05-09\",\"keterangan\":\"\",\"diterima_dari\":null,\"total_debet\":\"300000\",\"total_kredit\":\"300000\",\"jenis_jurnal\":\"umum\",\"created_by\":\"2\",\"is_deleted\":\"0\",\"jenis_transaksi\":\"kas_masuk\",\"created_at\":\"2026-05-09 21:25:21\",\"dibayar_oleh_tipe\":\"umum\",\"dibayar_oleh_id\":null,\"dibayar_oleh_nama\":null,\"pihak_tipe\":\"umum\",\"pihak_id\":null,\"pihak_nama\":\"\",\"akun_utama_kode\":\"1-1101\",\"akun_tujuan_kode\":null,\"source\":\"MANUAL\",\"source_ref\":null,\"source_module\":null,\"trx_fingerprint\":null,\"trx_source_hash\":null,\"is_locked\":\"0\",\"posted_at\":null,\"module_source\":null,\"source_id\":null,\"is_migration\":\"0\"},\"details\":[{\"id\":\"1285\",\"jurnal_id\":\"421\",\"kode_akun\":\"1-1101\",\"debit\":\"300000\",\"kredit\":\"0\",\"mahasiswa_id\":null,\"pegawai_id\":null,\"aset_id\":null,\"tagihan_id_ref\":null,\"keterangan\":\"\"},{\"id\":\"1286\",\"jurnal_id\":\"421\",\"kode_akun\":\"4-1008\",\"debit\":\"0\",\"kredit\":\"300000\",\"mahasiswa_id\":null,\"pegawai_id\":null,\"aset_id\":null,\"tagihan_id_ref\":null,\"keterangan\":\"formulir\"}]}', '0', '2026-05-09 21:36:14'),
('6', '2', 'Perbarui', 'Kas & Bank', 'syifa_jurnal', '421', 'Pembaruan Jurnal: BKM/2026/05/0045 - formulir', '{\"header\":{\"id\":\"421\",\"no_jurnal\":\"BKM\\/2026\\/05\\/0045\",\"tgl_jurnal\":\"2026-05-09\",\"keterangan\":\"\",\"diterima_dari\":null,\"total_debet\":\"300000\",\"total_kredit\":\"300000\",\"jenis_jurnal\":\"umum\",\"created_by\":\"2\",\"is_deleted\":\"0\",\"jenis_transaksi\":\"kas_masuk\",\"created_at\":\"2026-05-09 21:25:21\",\"dibayar_oleh_tipe\":\"umum\",\"dibayar_oleh_id\":null,\"dibayar_oleh_nama\":null,\"pihak_tipe\":\"umum\",\"pihak_id\":null,\"pihak_nama\":\"\",\"akun_utama_kode\":\"1-1101\",\"akun_tujuan_kode\":null,\"source\":\"MANUAL\",\"source_ref\":null,\"source_module\":null,\"trx_fingerprint\":null,\"trx_source_hash\":null,\"is_locked\":\"0\",\"posted_at\":null,\"module_source\":null,\"source_id\":null,\"is_migration\":\"0\"},\"details\":[{\"id\":\"1285\",\"jurnal_id\":\"421\",\"kode_akun\":\"1-1101\",\"debit\":\"300000\",\"kredit\":\"0\",\"mahasiswa_id\":null,\"pegawai_id\":null,\"aset_id\":null,\"tagihan_id_ref\":null,\"keterangan\":\"\"},{\"id\":\"1286\",\"jurnal_id\":\"421\",\"kode_akun\":\"4-1008\",\"debit\":\"0\",\"kredit\":\"300000\",\"mahasiswa_id\":null,\"pegawai_id\":null,\"aset_id\":null,\"tagihan_id_ref\":null,\"keterangan\":\"formulir\"}]}', '{\"header\":{\"id\":\"421\",\"no_jurnal\":\"BKM\\/2026\\/05\\/0045\",\"tgl_jurnal\":\"2026-05-09\",\"keterangan\":\"formulir\",\"diterima_dari\":null,\"total_debet\":\"300000\",\"total_kredit\":\"300000\",\"jenis_jurnal\":\"umum\",\"created_by\":\"2\",\"is_deleted\":\"0\",\"jenis_transaksi\":\"kas_masuk\",\"created_at\":\"2026-05-09 21:25:21\",\"dibayar_oleh_tipe\":\"umum\",\"dibayar_oleh_id\":null,\"dibayar_oleh_nama\":null,\"pihak_tipe\":\"umum\",\"pihak_id\":null,\"pihak_nama\":\"\",\"akun_utama_kode\":\"1-1101\",\"akun_tujuan_kode\":null,\"source\":\"MANUAL\",\"source_ref\":null,\"source_module\":null,\"trx_fingerprint\":null,\"trx_source_hash\":null,\"is_locked\":\"0\",\"posted_at\":null,\"module_source\":null,\"source_id\":null,\"is_migration\":\"0\"},\"details\":[{\"id\":\"1287\",\"jurnal_id\":\"421\",\"kode_akun\":\"1-1101\",\"debit\":\"300000\",\"kredit\":\"0\",\"mahasiswa_id\":null,\"pegawai_id\":null,\"aset_id\":null,\"tagihan_id_ref\":null,\"keterangan\":\"formulir\"},{\"id\":\"1288\",\"jurnal_id\":\"421\",\"kode_akun\":\"4-1008\",\"debit\":\"0\",\"kredit\":\"300000\",\"mahasiswa_id\":null,\"pegawai_id\":null,\"aset_id\":null,\"tagihan_id_ref\":null,\"keterangan\":\"formulir\"}]}', '0', '2026-05-09 21:36:24'),
('7', '2', 'Buat', 'Kas & Bank', 'syifa_jurnal', '422', 'Penerimaan - formulir', NULL, '{\"header\":{\"id\":\"422\",\"no_jurnal\":\"BKM\\/2026\\/05\\/0046\",\"tgl_jurnal\":\"2026-05-09\",\"keterangan\":\"formulir\",\"diterima_dari\":null,\"total_debet\":\"300000\",\"total_kredit\":\"300000\",\"jenis_jurnal\":\"umum\",\"created_by\":\"2\",\"is_deleted\":\"0\",\"jenis_transaksi\":\"kas_masuk\",\"created_at\":\"2026-05-09 21:36:39\",\"dibayar_oleh_tipe\":\"umum\",\"dibayar_oleh_id\":null,\"dibayar_oleh_nama\":null,\"pihak_tipe\":\"umum\",\"pihak_id\":null,\"pihak_nama\":\"\",\"akun_utama_kode\":\"1-1101\",\"akun_tujuan_kode\":null,\"source\":\"MANUAL\",\"source_ref\":null,\"source_module\":null,\"trx_fingerprint\":null,\"trx_source_hash\":null,\"is_locked\":\"0\",\"posted_at\":null,\"module_source\":null,\"source_id\":null,\"is_migration\":\"0\"},\"details\":[{\"id\":\"1289\",\"jurnal_id\":\"422\",\"kode_akun\":\"1-1101\",\"debit\":\"300000\",\"kredit\":\"0\",\"mahasiswa_id\":null,\"pegawai_id\":null,\"aset_id\":null,\"tagihan_id_ref\":null,\"keterangan\":\"formulir\"},{\"id\":\"1290\",\"jurnal_id\":\"422\",\"kode_akun\":\"4-1008\",\"debit\":\"0\",\"kredit\":\"300000\",\"mahasiswa_id\":null,\"pegawai_id\":null,\"aset_id\":null,\"tagihan_id_ref\":null,\"keterangan\":\"formulir\"}]}', '0', '2026-05-09 21:36:39'),
('8', '2', 'Buat', 'Tagihan Mahasiswa', 'keuangan_tagihan', '243', 'Membuat tagihan manual [Tugas Akhir / Skripsi] senilai Rp 2.500.000 untuk NIM: 2024003', NULL, '{\"id\":\"243\",\"nim\":\"2024003\",\"kode_tahun\":\"20252\",\"prodi_id\":\"1\",\"tarif_id\":\"0\",\"nama_tagihan\":\"Tugas Akhir \\/ Skripsi\",\"nominal\":\"2500000\",\"terbayar\":\"0\",\"status_bayar\":\"Belum Lunas\",\"no_jurnal\":\"INV-MAN-2024003-1778375336\",\"link_jurnal_id\":\"425\",\"created_at\":\"2026-05-10 08:08:56\",\"deleted_at\":null,\"jenis_tagihan_id\":null}', '0', '2026-05-10 08:08:56');

DROP TABLE IF EXISTS `sys_appearance`;
CREATE TABLE `sys_appearance` (
  `id` int(11) NOT NULL AUTO_INCREMENT,
  `login_bg` varchar(255) DEFAULT '',
  `font_family` varchar(100) DEFAULT 'Inter, sans-serif',
  `font_size` varchar(20) DEFAULT '13px',
  `primary_color` varchar(20) DEFAULT '#0d6efd',
  `outline_color` varchar(20) DEFAULT '#e2e8f0',
  `app_name` varchar(100) DEFAULT 'Enterprise Resource Planning System',
  `sidebar_title` varchar(50) DEFAULT 'SYIFA ERP',
  `tab_style` varchar(20) DEFAULT 'modern',
  `app_slogan` varchar(100) DEFAULT 'Integrated Financial & Asset System',
  `browser_title` varchar(100) DEFAULT 'SYIFA ERP System',
  PRIMARY KEY (`id`)
) ENGINE=InnoDB AUTO_INCREMENT=2 DEFAULT CHARSET=utf8mb4 COLLATE=utf8mb4_general_ci;

INSERT INTO `sys_appearance` VALUES 
('1', 'login_bg_1778117352.jpg', '\'Inter\', sans-serif', '14px', '#1219f3', '#f8f9fa', 'STIKes YARSI PONTIANAK', 'SYIFA SYSTEM', 'modern', 'Integrated Financial System', 'SYIFA System');

DROP TABLE IF EXISTS `sys_auto_number`;
CREATE TABLE `sys_auto_number` (
  `id` int(11) NOT NULL AUTO_INCREMENT,
  `module_key` varchar(50) NOT NULL,
  `module_name` varchar(100) NOT NULL,
  `prefix` varchar(10) NOT NULL,
  `format` varchar(100) NOT NULL DEFAULT '{PREFIX}/{YEAR}/{MONTH}/{SEQ}',
  `last_number` int(11) DEFAULT 0,
  `seq_length` int(11) DEFAULT 4,
  `reset_type` enum('Monthly','Yearly','Never') DEFAULT 'Monthly',
  `last_reset_date` date DEFAULT NULL,
  `is_active` tinyint(4) DEFAULT 1,
  `updated_at` timestamp NOT NULL DEFAULT current_timestamp() ON UPDATE current_timestamp(),
  PRIMARY KEY (`id`),
  UNIQUE KEY `module_key` (`module_key`)
) ENGINE=InnoDB AUTO_INCREMENT=10 DEFAULT CHARSET=utf8mb4 COLLATE=utf8mb4_general_ci;

INSERT INTO `sys_auto_number` VALUES 
('1', 'jurnal_umum', 'Jurnal Umum', 'JUR', '{PREFIX}/{YEAR}/{MONTH}/{SEQ}', '58', '4', 'Monthly', '2026-01-28', '1', '2026-01-28 17:55:03'),
('2', 'jurnal_ajp', 'Jurnal Penyesuaian', 'AJP', '{PREFIX}/{YEAR}/{MONTH}/{SEQ}', '1', '4', 'Monthly', '2026-01-23', '1', '2026-01-23 13:19:26'),
('3', 'kas_masuk', 'Penerimaan Kas (BKM)', 'BKM', '{PREFIX}/{YEAR}/{MONTH}/{SEQ}', '46', '4', 'Never', '2026-05-09', '1', '2026-05-09 21:36:39'),
('4', 'kas_keluar', 'Pengeluaran Kas (BKK)', 'BKK', '{PREFIX}/{YEAR}/{MONTH}/{SEQ}', '52', '4', 'Yearly', '2026-05-08', '1', '2026-05-08 15:02:18'),
('5', 'kas_transfer', 'Transfer Kas (TRF)', 'TRF', '{PREFIX}/{YEAR}/{MONTH}/{SEQ}', '0', '4', 'Monthly', NULL, '1', '2026-01-22 08:33:36'),
('6', 'tagihan_mhs', 'Invoice Tagihan Mhs', 'INV', '{PREFIX}/{YEAR}/{SEQ}', '22', '5', 'Yearly', '2026-02-25', '1', '2026-02-25 13:01:48'),
('7', 'pembayaran_mhs', 'Kwitansi Bayar Mhs', 'KWT', '{PREFIX}/{YEAR}/{MONTH}/{SEQ}', '4', '5', 'Monthly', '2026-01-23', '1', '2026-01-23 11:56:17'),
('8', 'gaji_pegawai', 'Slip Gaji Pegawai', 'PAY', '{PREFIX}/{YEAR}/{MONTH}/{SEQ}', '0', '4', 'Monthly', NULL, '1', '2026-01-22 08:33:36'),
('9', 'aset_tetap', 'Nomor Inventaris Aset', 'AST', '{PREFIX}/{YEAR}/{SEQ}', '0', '4', 'Never', NULL, '1', '2026-01-22 08:33:36');

DROP TABLE IF EXISTS `sys_numbering`;
CREATE TABLE `sys_numbering` (
  `id` int(11) NOT NULL AUTO_INCREMENT,
  `module` varchar(50) NOT NULL,
  `prefix` varchar(20) NOT NULL,
  `last_number` int(11) NOT NULL DEFAULT 0,
  `updated_at` datetime DEFAULT current_timestamp() ON UPDATE current_timestamp(),
  PRIMARY KEY (`id`),
  UNIQUE KEY `module` (`module`)
) ENGINE=InnoDB AUTO_INCREMENT=2 DEFAULT CHARSET=utf8mb4 COLLATE=utf8mb4_general_ci;

INSERT INTO `sys_numbering` VALUES 
('1', 'auto_jurnal', 'JR', '0', '2026-02-23 10:56:24');

DROP TABLE IF EXISTS `sys_smtp`;
CREATE TABLE `sys_smtp` (
  `id` int(11) NOT NULL AUTO_INCREMENT,
  `mail_host` varchar(100) DEFAULT NULL,
  `mail_port` varchar(10) DEFAULT NULL,
  `mail_username` varchar(100) DEFAULT NULL,
  `mail_password` varchar(100) DEFAULT NULL,
  `mail_encryption` varchar(20) DEFAULT NULL,
  `mail_from_name` varchar(100) DEFAULT NULL,
  `mail_from_address` varchar(100) DEFAULT NULL,
  PRIMARY KEY (`id`)
) ENGINE=InnoDB AUTO_INCREMENT=2 DEFAULT CHARSET=utf8mb4 COLLATE=utf8mb4_general_ci;

INSERT INTO `sys_smtp` VALUES 
('1', 'smtp.gmail.com', '587', 'bauk.stikesyarsipnk@gmail.com', 'qsrr mpge rzuo adeg', 'tls', 'BAUK STIKes Yarsi Pontianak', 'bauk.stikesyarsipnk@gmail.com');

DROP TABLE IF EXISTS `sys_taxes`;
CREATE TABLE `sys_taxes` (
  `id` int(11) NOT NULL AUTO_INCREMENT,
  `tax_name` varchar(50) NOT NULL,
  `tax_rate` decimal(5,2) NOT NULL,
  `tax_type` varchar(20) DEFAULT 'PPN',
  `is_active` tinyint(1) DEFAULT 1,
  PRIMARY KEY (`id`)
) ENGINE=InnoDB DEFAULT CHARSET=utf8mb4 COLLATE=utf8mb4_general_ci;

DROP TABLE IF EXISTS `system_notifikasi`;
CREATE TABLE `system_notifikasi` (
  `id` int(11) NOT NULL AUTO_INCREMENT,
  `user_id` int(11) NOT NULL COMMENT 'Penerima Notif',
  `judul` varchar(200) NOT NULL,
  `pesan` text NOT NULL,
  `link` varchar(255) DEFAULT NULL,
  `is_read` tinyint(1) DEFAULT 0,
  `created_at` timestamp NOT NULL DEFAULT current_timestamp(),
  PRIMARY KEY (`id`),
  KEY `idx_user_read` (`user_id`,`is_read`)
) ENGINE=InnoDB AUTO_INCREMENT=7 DEFAULT CHARSET=utf8mb4 COLLATE=utf8mb4_general_ci;

INSERT INTO `system_notifikasi` VALUES 
('1', '1', 'Pengajuan Anggaran Baru', 'Unit mengajukan anggaran baru. Mohon review.', 'index.php?page=anggaran_unit&tab=approval', '0', '2026-02-12 23:39:51'),
('2', '2', 'Pengajuan Anggaran Baru', 'Unit mengajukan anggaran baru. Mohon review.', 'index.php?page=anggaran_unit&tab=approval', '0', '2026-02-12 23:39:51'),
('3', '1', 'Status Anggaran: APPROVED', 'Pengajuan \'dapur\' telah di-APPROVED oleh Pimpinan.', 'index.php?page=anggaran_unit&tab=input', '0', '2026-02-12 23:40:04'),
('4', '1', 'Pengajuan Anggaran Baru', 'Unit mengajukan anggaran baru, mohon review.', 'index.php?page=anggaran_unit&tab=approval', '0', '2026-02-13 00:30:45'),
('5', '2', 'Pengajuan Anggaran Baru', 'Unit mengajukan anggaran baru, mohon review.', 'index.php?page=anggaran_unit&tab=approval', '0', '2026-02-13 00:30:45'),
('6', '1', 'Keputusan Anggaran', 'Usulan \'dapur\' telah di-REJECTED.', 'index.php?page=anggaran_unit&tab=input', '0', '2026-02-13 00:30:49');

DROP TABLE IF EXISTS `system_profile`;
CREATE TABLE `system_profile` (
  `id` int(11) NOT NULL,
  `institution_name` varchar(200) DEFAULT NULL,
  `short_name` varchar(100) DEFAULT NULL,
  `address` text DEFAULT NULL,
  `city` varchar(100) DEFAULT NULL,
  `province` varchar(100) DEFAULT NULL,
  `postal_code` varchar(10) DEFAULT NULL,
  `phone` varchar(50) DEFAULT NULL,
  `email` varchar(100) DEFAULT NULL,
  `website` varchar(100) DEFAULT NULL,
  `logo` varchar(255) DEFAULT NULL,
  `footer_text` text DEFAULT NULL,
  `updated_at` timestamp NOT NULL DEFAULT current_timestamp() ON UPDATE current_timestamp(),
  `sidebar_slogan` varchar(100) DEFAULT 'Financial Intelligence Center',
  PRIMARY KEY (`id`)
) ENGINE=InnoDB DEFAULT CHARSET=utf8mb4 COLLATE=utf8mb4_general_ci;

INSERT INTO `system_profile` VALUES 
('1', 'STIKes Yarsi Pontianak', 'YARSI', 'Jl. Panglima Aim No.1', 'Pontianak', 'Kalimantan Barat', '', '', '', '', 'logo_institusi.png', NULL, '2026-01-21 22:37:04', 'Financial Intelligence Center');

DROP TABLE IF EXISTS `system_signatures`;
CREATE TABLE `system_signatures` (
  `id` int(11) NOT NULL AUTO_INCREMENT,
  `doc_type` varchar(50) NOT NULL,
  `sign_role` varchar(50) NOT NULL,
  `sign_name` varchar(100) DEFAULT NULL,
  `sign_position` varchar(100) DEFAULT NULL,
  PRIMARY KEY (`id`),
  UNIQUE KEY `idx_doc_role` (`doc_type`,`sign_role`)
) ENGINE=InnoDB AUTO_INCREMENT=6 DEFAULT CHARSET=utf8mb4 COLLATE=utf8mb4_general_ci;

INSERT INTO `system_signatures` VALUES 
('1', 'VOUCHER', 'Dibuat Oleh,', 'Lidia Pramita, SE', 'Bendahara Pengeluaran'),
('2', 'AKTIVITAS', 'Dibuat Oleh', 'Megi', 'Ka BAUK'),
('4', 'AKTIVITAS', 'Disetujui Oleh', 'Joni', 'Direktur'),
('5', 'SLIP_GAJI', 'Dibuat Oleh', 'Lidia Pramita, SE', 'Bendahara Pengeluaran');

DROP TABLE IF EXISTS `system_state`;
CREATE TABLE `system_state` (
  `id` int(11) NOT NULL,
  `last_backdate_edit` datetime DEFAULT NULL,
  PRIMARY KEY (`id`)
) ENGINE=InnoDB DEFAULT CHARSET=utf8mb4 COLLATE=utf8mb4_general_ci;

INSERT INTO `system_state` VALUES 
('1', '2026-05-09 21:36:39');

DROP TABLE IF EXISTS `unit_coa_map`;
CREATE TABLE `unit_coa_map` (
  `id` int(11) NOT NULL AUTO_INCREMENT,
  `unit_id` int(11) DEFAULT NULL,
  `kode_akun` varchar(20) DEFAULT NULL,
  PRIMARY KEY (`id`),
  KEY `unit_id` (`unit_id`),
  CONSTRAINT `unit_coa_map_ibfk_1` FOREIGN KEY (`unit_id`) REFERENCES `m_unit` (`id`) ON DELETE CASCADE
) ENGINE=InnoDB AUTO_INCREMENT=12 DEFAULT CHARSET=utf8mb4 COLLATE=utf8mb4_general_ci;

INSERT INTO `unit_coa_map` VALUES 
('5', '1', '5-2003'),
('6', '4', '5-2004'),
('7', '5', '5-2005'),
('8', '6', '5-2010'),
('10', '2', '5-2001'),
('11', '3', '5-2002');

DROP TABLE IF EXISTS `unit_notifications`;
CREATE TABLE `unit_notifications` (
  `id` int(11) NOT NULL AUTO_INCREMENT,
  `unit_id` int(11) DEFAULT NULL,
  `judul` varchar(200) DEFAULT NULL,
  `pesan` text DEFAULT NULL,
  `status_read` tinyint(4) DEFAULT 0,
  `target_role` varchar(50) DEFAULT NULL,
  `created_at` datetime DEFAULT current_timestamp(),
  PRIMARY KEY (`id`)
) ENGINE=InnoDB DEFAULT CHARSET=utf8mb4 COLLATE=utf8mb4_general_ci;

DROP TABLE IF EXISTS `unit_report_archives`;
CREATE TABLE `unit_report_archives` (
  `id` int(11) NOT NULL AUTO_INCREMENT,
  `unit_id` int(11) DEFAULT NULL,
  `report_title` varchar(200) DEFAULT NULL,
  `periode_awal` date DEFAULT NULL,
  `periode_akhir` date DEFAULT NULL,
  `saldo_awal` decimal(20,2) DEFAULT 0.00,
  `total_masuk` decimal(20,2) DEFAULT 0.00,
  `total_keluar` decimal(20,2) DEFAULT 0.00,
  `saldo_akhir` decimal(20,2) DEFAULT 0.00,
  `status` enum('DRAFT','SUBMITTED','REJECTED','APPROVED') DEFAULT 'DRAFT',
  `bukti_file` varchar(255) DEFAULT NULL,
  `catatan_checker` text DEFAULT NULL,
  `created_by` int(11) DEFAULT NULL,
  `created_at` timestamp NOT NULL DEFAULT current_timestamp(),
  PRIMARY KEY (`id`),
  KEY `idx_unit_per` (`unit_id`,`periode_awal`)
) ENGINE=InnoDB DEFAULT CHARSET=utf8mb4 COLLATE=utf8mb4_general_ci;

DROP TABLE IF EXISTS `users`;
CREATE TABLE `users` (
  `name` varchar(100) DEFAULT NULL,
  `email` varchar(100) NOT NULL,
  `id` int(11) NOT NULL AUTO_INCREMENT,
  `campus_id` int(11) DEFAULT NULL,
  `username` varchar(50) NOT NULL,
  `password` varchar(255) NOT NULL,
  `reset_token` varchar(255) DEFAULT NULL,
  `reset_expires` datetime DEFAULT NULL,
  `role_id` int(11) DEFAULT NULL,
  `jabatan_workflow` enum('MAKER','CHECKER','APPROVER','RELEASE','ALL') DEFAULT 'MAKER',
  `unit_id` int(11) DEFAULT NULL,
  `status` tinyint(4) DEFAULT 1,
  `nama_lengkap` varchar(100) NOT NULL,
  `role` enum('admin','bendahara','akuntan','unit') NOT NULL,
  `created_at` timestamp NOT NULL DEFAULT current_timestamp(),
  `last_login` datetime DEFAULT NULL,
  `avatar` varchar(255) DEFAULT NULL,
  `reset_expiry` datetime DEFAULT NULL,
  PRIMARY KEY (`id`)
) ENGINE=InnoDB AUTO_INCREMENT=7 DEFAULT CHARSET=utf8mb4 COLLATE=utf8mb4_general_ci;

INSERT INTO `users` VALUES 
('Super Admin', 'admin@syifa.com', '1', NULL, 'admin', '$2y$10$xkdC.VVqvTAWLFNS3cX3OudkR52Wj99o0QTztl1MRvUkBSZAy.qgm', NULL, NULL, '1', 'CHECKER', NULL, '1', 'Administrator IT', 'admin', '2026-01-20 15:45:22', '2026-02-22 10:41:54', NULL, NULL),
('Husnul Mawarid', 'mawaridhusnul@gmail.com', '2', NULL, 'akuntan', '$2y$10$3fkMbQt1RpPvaMcfC4yvw.rQyvZxTSFf77prh/gc2segkxRKpoA5W', '19baceb9b683713e31049e019869f265c9cbad1f442c2d043b1b0a1b62e2ebb7', NULL, '1', 'ALL', NULL, '1', 'Kepala Akuntansi', 'akuntan', '2026-01-20 15:45:22', '2026-05-09 21:47:46', 'avatar_2_1778207467.png', '2026-05-09 11:47:01'),
('Kepala BAUK', '', '3', NULL, '', '$2y$10$/M47UNvFI6jQzzEKXkJW4eguNqoBWApvWzRd0J4IjzUBAhChL.TS.', NULL, NULL, '2', 'ALL', '3', '1', '', 'admin', '2026-02-13 10:38:40', '2026-05-09 00:28:32', 'avatar_3_1778204164.png', NULL),
('Ketua STIKes', 'Ketua', '4', NULL, '', '$2y$10$ZZ6vydcpkKizFVIDIs.oYOh.d5Ygs7lzNB4bsdTrOACB63Y5Sd7ee', NULL, NULL, '4', 'APPROVER', NULL, '1', '', 'admin', '2026-02-22 10:11:12', '2026-02-22 10:16:23', NULL, NULL),
('Kepala BAAK', 'misteri@gmail.com', '5', NULL, '', '$2y$10$Qd4GOe.u92V3sICjcSDvKe70vhyt1xVnCEvFxnsm.M6.9lMCpYqgm', NULL, NULL, '5', 'MAKER', NULL, '1', '', 'admin', '2026-02-22 10:24:10', '2026-05-09 05:15:16', NULL, NULL),
('admin_syifa', 'admin@syifa.com', '6', NULL, '', '$2y$10$8AlnLqT./l6K3/oio..nyuYpi8IhN.QawgItBZeqeiQnRezzKU.Rq', NULL, NULL, '1', 'MAKER', NULL, '1', '', 'admin', '2026-05-08 22:20:33', '2026-05-08 22:21:05', NULL, NULL);

DROP TABLE IF EXISTS `v_mutasi_akun`;
CREATE TABLE `v_mutasi_akun` (
  `kode_akun` varchar(20) DEFAULT NULL,
  `total_debit` double DEFAULT NULL,
  `total_kredit` double DEFAULT NULL
) ENGINE=MyISAM DEFAULT CHARSET=latin1 COLLATE=latin1_swedish_ci;

DROP TABLE IF EXISTS `view_budget_monitoring`;
CREATE TABLE `view_budget_monitoring` (
  `budget_id` int(11) DEFAULT NULL,
  `parent_id` int(11) DEFAULT NULL,
  `uraian_manual` varchar(255) DEFAULT NULL,
  `nominal_pagu` decimal(15,2) DEFAULT NULL,
  `kode_akun` varchar(20) DEFAULT NULL,
  `status` varchar(50) DEFAULT NULL,
  `realisasi_aktual` double DEFAULT NULL
) ENGINE=MyISAM DEFAULT CHARSET=latin1 COLLATE=latin1_swedish_ci;

DROP TABLE IF EXISTS `view_realisasi_belanja_bulanan`;
CREATE TABLE `view_realisasi_belanja_bulanan` (
  `kode_akun` varchar(20) DEFAULT NULL,
  `tahun` int(4) DEFAULT NULL,
  `bulan` int(2) DEFAULT NULL,
  `total_realisasi` double DEFAULT NULL
) ENGINE=MyISAM DEFAULT CHARSET=latin1 COLLATE=latin1_swedish_ci;

DROP TABLE IF EXISTS `workflow_inbox`;
CREATE TABLE `workflow_inbox` (
  `id` int(11) NOT NULL AUTO_INCREMENT,
  `ref_id` int(11) DEFAULT NULL,
  `workflow_name` varchar(50) DEFAULT NULL,
  `step_order` int(11) DEFAULT NULL,
  `target_user_id` int(11) DEFAULT NULL,
  `status` enum('WAITING','DONE') DEFAULT 'WAITING',
  `created_at` datetime DEFAULT current_timestamp(),
  PRIMARY KEY (`id`)
) ENGINE=InnoDB AUTO_INCREMENT=2 DEFAULT CHARSET=utf8mb4 COLLATE=utf8mb4_general_ci;

INSERT INTO `workflow_inbox` VALUES 
('1', '8', 'anggaran_unit', '1', '3', 'WAITING', '2026-02-21 09:25:35');

DROP TABLE IF EXISTS `workflow_steps`;
CREATE TABLE `workflow_steps` (
  `id` int(11) NOT NULL AUTO_INCREMENT,
  `workflow_name` varchar(50) DEFAULT NULL,
  `step_order` int(11) DEFAULT NULL,
  `role_id` int(11) DEFAULT NULL,
  `action_code` varchar(30) DEFAULT NULL,
  `label` varchar(100) DEFAULT NULL,
  PRIMARY KEY (`id`)
) ENGINE=InnoDB AUTO_INCREMENT=4 DEFAULT CHARSET=utf8mb4 COLLATE=utf8mb4_general_ci;

INSERT INTO `workflow_steps` VALUES 
('1', 'BUDGET_UNIT', '1', '3', 'CHECK', 'Verifikasi BAUK'),
('2', 'BUDGET_UNIT', '2', '4', 'APPROVE', 'Persetujuan Wakil Rektor'),
('3', 'BUDGET_UNIT', '3', '5', 'RELEASE', 'Pengesahan Rektor');

SET FOREIGN_KEY_CHECKS=1;
